{
"type": "FeatureCollection",
"name": "flagged_cells",
"crs": { "type": "name", "properties": { "name": "urn:ogc:def:crs:OGC:1.3:CRS84" } },
"features": [
{ "type": "Feature", "properties": { "id": 5933063, "nimi": "Viherlaakso", "kunta_name": "Espoo", "walk_min": 14.0, "walk_slow_min": 19.0, "risk": 0.691, "one_person_share": 0.443, "share_65plus": 0.22, "pop_est": 91.0 }, "geometry": { "type": "Polygon", "coordinates": [ [ [ 24.74820820925628, 60.219635661971445 ], [ 24.743699686556006, 60.219559034973727 ], [ 24.743545497353143, 60.22180203401679 ], [ 24.748054327517668, 60.221878667938867 ], [ 24.74820820925628, 60.219635661971445 ] ] ] } },
{ "type": "Feature", "properties": { "id": 5933064, "nimi": "Viherlaakso", "kunta_name": "Espoo", "walk_min": 15.0, "walk_slow_min": 20.0, "risk": 0.691, "one_person_share": 0.443, "share_65plus": 0.22, "pop_est": 91.0 }, "geometry": { "type": "Polygon", "coordinates": [ [ [ 24.752716756421183, 60.219712135836453 ], [ 24.74820820925628, 60.219635661971445 ], [ 24.748054327517668, 60.221878667938867 ], [ 24.752563182152304, 60.221955148714422 ], [ 24.752716756421183, 60.219712135836453 ] ] ] } },
{ "type": "Feature", "properties": { "id": 5934878, "nimi": "Viherlaakso", "kunta_name": "Espoo", "walk_min": 13.0, "walk_slow_min": 18.0, "risk": 0.691, "one_person_share": 0.443, "share_65plus": 0.22, "pop_est": 67.0 }, "geometry": { "type": "Polygon", "coordinates": [ [ [ 24.752870306274179, 60.217469121958587 ], [ 24.748362066530255, 60.217392655003188 ], [ 24.74820820925628, 60.219635661971445 ], [ 24.752716756421183, 60.219712135836453 ], [ 24.752870306274179, 60.217469121958587 ] ] ] } },
{ "type": "Feature", "properties": { "id": 5936690, "nimi": "Viherlaakso", "kunta_name": "Espoo", "walk_min": 15.0, "walk_slow_min": 20.0, "risk": 0.691, "one_person_share": 0.443, "share_65plus": 0.22, "pop_est": 67.0 }, "geometry": { "type": "Polygon", "coordinates": [ [ [ 24.748515899345083, 60.215149647034131 ], [ 24.744007991427075, 60.215073033882298 ], [ 24.743853851245486, 60.217316034928871 ], [ 24.748362066530255, 60.217392655003188 ], [ 24.748515899345083, 60.215149647034131 ] ] ] } },
{ "type": "Feature", "properties": { "id": 5879935, "nimi": "Tikkurila", "kunta_name": "Vantaa", "walk_min": 14.0, "walk_slow_min": 18.0, "risk": 0.724, "one_person_share": 0.529, "share_65plus": 0.186, "pop_est": 312.0 }, "geometry": { "type": "Polygon", "coordinates": [ [ [ 25.014826519422581, 60.289011094997086 ], [ 25.010307669876831, 60.288943481662983 ], [ 25.010171309766793, 60.291186844213357 ], [ 25.014690468507581, 60.291254463667116 ], [ 25.014826519422581, 60.289011094997086 ] ] ] } },
{ "type": "Feature", "properties": { "id": 5879936, "nimi": "Tikkurila", "kunta_name": "Vantaa", "walk_min": 14.0, "walk_slow_min": 19.0, "risk": 0.724, "one_person_share": 0.529, "share_65plus": 0.186, "pop_est": 312.0 }, "geometry": { "type": "Polygon", "coordinates": [ [ [ 25.019345390645544, 60.289078554703657 ], [ 25.014826519422581, 60.289011094997086 ], [ 25.014690468507581, 60.291254463667116 ], [ 25.019209648930445, 60.291321929479444 ], [ 25.019345390645544, 60.289078554703657 ] ] ] } },
{ "type": "Feature", "properties": { "id": 5879937, "nimi": "Tikkurila", "kunta_name": "Vantaa", "walk_min": 11.0, "walk_slow_min": 14.0, "risk": 0.724, "one_person_share": 0.529, "share_65plus": 0.186, "pop_est": 312.0 }, "geometry": { "type": "Polygon", "coordinates": [ [ [ 25.02386428349655, 60.289145860781218 ], [ 25.019345390645544, 60.289078554703657 ], [ 25.019209648930445, 60.291321929479444 ], [ 25.023728850986217, 60.291389241648901 ], [ 25.02386428349655, 60.289145860781218 ] ] ] } },
{ "type": "Feature", "properties": { "id": 5881785, "nimi": "Tikkurila", "kunta_name": "Vantaa", "walk_min": 10.0, "walk_slow_min": 13.0, "risk": 0.724, "one_person_share": 0.529, "share_65plus": 0.186, "pop_est": 144.0 }, "geometry": { "type": "Polygon", "coordinates": [ [ [ 25.001406992674358, 60.286564442898275 ], [ 24.996888517586406, 60.286496374850792 ], [ 24.996751251794443, 60.288739719910083 ], [ 25.001270036013601, 60.288807794118007 ], [ 25.001406992674358, 60.286564442898275 ] ] ] } },
{ "type": "Feature", "properties": { "id": 5881786, "nimi": "Tikkurila", "kunta_name": "Vantaa", "walk_min": 11.0, "walk_slow_min": 15.0, "risk": 0.724, "one_person_share": 0.529, "share_65plus": 0.186, "pop_est": 144.0 }, "geometry": { "type": "Polygon", "coordinates": [ [ [ 25.005925489582101, 60.286632357336508 ], [ 25.001406992674358, 60.286564442898275 ], [ 25.001270036013601, 60.288807794118007 ], [ 25.005788842057449, 60.288875714702804 ], [ 25.005925489582101, 60.286632357336508 ] ] ] } },
{ "type": "Feature", "properties": { "id": 5881787, "nimi": "Tikkurila", "kunta_name": "Vantaa", "walk_min": 13.0, "walk_slow_min": 17.0, "risk": 0.724, "one_person_share": 0.529, "share_65plus": 0.186, "pop_est": 144.0 }, "geometry": { "type": "Polygon", "coordinates": [ [ [ 25.010444008260489, 60.286700118163999 ], [ 25.005925489582101, 60.286632357336508 ], [ 25.005788842057449, 60.288875714702804 ], [ 25.010307669876831, 60.288943481662983 ], [ 25.010444008260489, 60.286700118163999 ] ] ] } },
{ "type": "Feature", "properties": { "id": 5881788, "nimi": "Tikkurila", "kunta_name": "Vantaa", "walk_min": 17.0, "walk_slow_min": 23.0, "risk": 0.724, "one_person_share": 0.529, "share_65plus": 0.186, "pop_est": 312.0 }, "geometry": { "type": "Polygon", "coordinates": [ [ [ 25.014962548660368, 60.286767725379278 ], [ 25.010444008260489, 60.286700118163999 ], [ 25.010307669876831, 60.288943481662983 ], [ 25.014826519422581, 60.289011094997086 ], [ 25.014962548660368, 60.286767725379278 ] ] ] } },
{ "type": "Feature", "properties": { "id": 5881791, "nimi": "Tikkurila", "kunta_name": "Vantaa", "walk_min": 10.0, "walk_slow_min": 13.0, "risk": 0.724, "one_person_share": 0.529, "share_65plus": 0.186, "pop_est": 312.0 }, "geometry": { "type": "Polygon", "coordinates": [ [ [ 25.02851829969746, 60.286969625337356 ], [ 25.023999694428007, 60.286902478967434 ], [ 25.02386428349655, 60.289145860781218 ], [ 25.028383197926441, 60.289213013228327 ], [ 25.02851829969746, 60.286969625337356 ] ] ] } },
{ "type": "Feature", "properties": { "id": 5894693, "nimi": "Kaivoksela", "kunta_name": "Vantaa", "walk_min": 12.0, "walk_slow_min": 16.0, "risk": 0.674, "one_person_share": 0.569, "share_65plus": 0.17, "pop_est": 0.0 }, "geometry": { "type": "Polygon", "coordinates": [ [ [ 24.898495501125385, 60.269257548381717 ], [ 24.893979703187863, 60.269185993066486 ], [ 24.89383548963994, 60.271429199403315 ], [ 24.89835159624937, 60.271500761191881 ], [ 24.898495501125385, 60.269257548381717 ] ] ] } },
{ "type": "Feature", "properties": { "id": 5898374, "nimi": "Kaivoksela", "kunta_name": "Vantaa", "walk_min": 10.0, "walk_slow_min": 13.0, "risk": 0.674, "one_person_share": 0.569, "share_65plus": 0.17, "pop_est": 212.0 }, "geometry": { "type": "Polygon", "coordinates": [ [ [ 24.889752903612177, 60.264627881660473 ], [ 24.88523776882538, 60.264556032394275 ], [ 24.885092984065658, 60.266799227688345 ], [ 24.889608427415993, 60.266871083453786 ], [ 24.889752903612177, 60.264627881660473 ] ] ] } },
{ "type": "Feature", "properties": { "id": 5900212, "nimi": "Kaivoksela", "kunta_name": "Vantaa", "walk_min": 12.0, "walk_slow_min": 15.0, "risk": 0.674, "one_person_share": 0.569, "share_65plus": 0.17, "pop_est": 199.0 }, "geometry": { "type": "Polygon", "coordinates": [ [ [ 24.885382530534589, 60.262312836127521 ], [ 24.880867727307667, 60.26224083992841 ], [ 24.880722657089095, 60.264484029682947 ], [ 24.88523776882538, 60.264556032394275 ], [ 24.885382530534589, 60.262312836127521 ] ] ] } },
{ "type": "Feature", "properties": { "id": 5900232, "nimi": "Tapaninvainio", "kunta_name": "Helsinki", "walk_min": 15.0, "walk_slow_min": 20.0, "risk": 0.68, "one_person_share": 0.389, "share_65plus": 0.264, "pop_est": 56.0 }, "geometry": { "type": "Polygon", "coordinates": [ [ [ 24.975683369417403, 60.263720537492759 ], [ 24.971168114595169, 60.263651610210793 ], [ 24.971029215533672, 60.265894927577897 ], [ 24.975544778966587, 60.265963861095024 ], [ 24.975683369417403, 60.263720537492759 ] ] ] } },
{ "type": "Feature", "properties": { "id": 5902049, "nimi": "Kaivoksela", "kunta_name": "Vantaa", "walk_min": 10.0, "walk_slow_min": 13.0, "risk": 0.674, "one_person_share": 0.569, "share_65plus": 0.17, "pop_est": 199.0 }, "geometry": { "type": "Polygon", "coordinates": [ [ [ 24.881012774431891, 60.259997649200272 ], [ 24.876498302754488, 60.259925506096593 ], [ 24.876352947175082, 60.262168690299539 ], [ 24.880867727307667, 60.26224083992841 ], [ 24.881012774431891, 60.259997649200272 ] ] ] } },
{ "type": "Feature", "properties": { "id": 5902070, "nimi": "Tapaninvainio", "kunta_name": "Helsinki", "walk_min": 16.0, "walk_slow_min": 21.0, "risk": 0.68, "one_person_share": 0.389, "share_65plus": 0.264, "pop_est": 56.0 }, "geometry": { "type": "Polygon", "coordinates": [ [ [ 24.975821937803143, 60.261477212935191 ], [ 24.971306991542573, 60.261408291887534 ], [ 24.971168114595169, 60.263651610210793 ], [ 24.975683369417403, 60.263720537492759 ], [ 24.975821937803143, 60.261477212935191 ] ] ] } },
{ "type": "Feature", "properties": { "id": 5902071, "nimi": "Tapaninvainio", "kunta_name": "Helsinki", "walk_min": 14.0, "walk_slow_min": 19.0, "risk": 0.68, "one_person_share": 0.389, "share_65plus": 0.264, "pop_est": 245.0 }, "geometry": { "type": "Polygon", "coordinates": [ [ [ 24.980336906123835, 60.261545980534954 ], [ 24.975821937803143, 60.261477212935191 ], [ 24.975683369417403, 60.263720537492759 ], [ 24.9801986463047, 60.263789311312998 ], [ 24.980336906123835, 60.261545980534954 ] ] ] } },
{ "type": "Feature", "properties": { "id": 5902072, "nimi": "Tapaninvainio", "kunta_name": "Helsinki", "walk_min": 11.0, "walk_slow_min": 14.0, "risk": 0.68, "one_person_share": 0.389, "share_65plus": 0.264, "pop_est": 245.0 }, "geometry": { "type": "Polygon", "coordinates": [ [ [ 24.984851896455627, 60.261614594685383 ], [ 24.980336906123835, 60.261545980534954 ], [ 24.9801986463047, 60.263789311312998 ], [ 24.984713945208039, 60.26385793167001 ], [ 24.984851896455627, 60.261614594685383 ] ] ] } },
{ "type": "Feature", "properties": { "id": 5902073, "nimi": "Tapaninvainio", "kunta_name": "Helsinki", "walk_min": 10.0, "walk_slow_min": 13.0, "risk": 0.68, "one_person_share": 0.389, "share_65plus": 0.264, "pop_est": 245.0 }, "geometry": { "type": "Polygon", "coordinates": [ [ [ 24.989366908749506, 60.261683055384964 ], [ 24.984851896455627, 60.261614594685383 ], [ 24.984713945208039, 60.26385793167001 ], [ 24.989229266078389, 60.263926398562361 ], [ 24.989366908749506, 60.261683055384964 ] ] ] } },
{ "type": "Feature", "properties": { "id": 5902075, "nimi": "Tapaninvainio", "kunta_name": "Helsinki", "walk_min": 11.0, "walk_slow_min": 15.0, "risk": 0.68, "one_person_share": 0.389, "share_65plus": 0.264, "pop_est": 212.0 }, "geometry": { "type": "Polygon", "coordinates": [ [ [ 24.998396999027417, 60.261819516425696 ], [ 24.993881942956442, 60.261751362632232 ], [ 24.99374460886672, 60.263994711988509 ], [ 24.998259973523989, 60.264062871947019 ], [ 24.998396999027417, 60.261819516425696 ] ] ] } },
{ "type": "Feature", "properties": { "id": 5903886, "nimi": "Kannelmäki", "kunta_name": "Helsinki", "walk_min": 12.0, "walk_slow_min": 15.0, "risk": 0.771, "one_person_share": 0.528, "share_65plus": 0.198, "pop_est": 199.0 }, "geometry": { "type": "Polygon", "coordinates": [ [ [ 24.881157798466955, 60.257754457498585 ], [ 24.876643635195745, 60.257682320919201 ], [ 24.876498302754488, 60.259925506096593 ], [ 24.881012774431891, 60.259997649200272 ], [ 24.881157798466955, 60.257754457498585 ] ] ] } },
{ "type": "Feature", "properties": { "id": 5903908, "nimi": "Tapaninvainio", "kunta_name": "Helsinki", "walk_min": 12.0, "walk_slow_min": 16.0, "risk": 0.68, "one_person_share": 0.389, "share_65plus": 0.264, "pop_est": 245.0 }, "geometry": { "type": "Polygon", "coordinates": [ [ [ 24.980475143931866, 60.25930264880251 ], [ 24.975960484128763, 60.259233887422347 ], [ 24.975821937803143, 60.261477212935191 ], [ 24.980336906123835, 60.261545980534954 ], [ 24.980475143931866, 60.25930264880251 ] ] ] } },
{ "type": "Feature", "properties": { "id": 5905721, "nimi": "Kannelmäki", "kunta_name": "Helsinki", "walk_min": 10.0, "walk_slow_min": 14.0, "risk": 0.771, "one_person_share": 0.528, "share_65plus": 0.198, "pop_est": 126.0 }, "geometry": { "type": "Polygon", "coordinates": [ [ [ 24.876788944504046, 60.25543913476735 ], [ 24.87227511271783, 60.255366851324709 ], [ 24.872129495057493, 60.257610030939325 ], [ 24.876643635195745, 60.257682320919201 ], [ 24.876788944504046, 60.25543913476735 ] ] ] } },
{ "type": "Feature", "properties": { "id": 5905722, "nimi": "Kannelmäki", "kunta_name": "Helsinki", "walk_min": 11.0, "walk_slow_min": 14.0, "risk": 0.771, "one_person_share": 0.528, "share_65plus": 0.198, "pop_est": 126.0 }, "geometry": { "type": "Polygon", "coordinates": [ [ [ 24.881302799418034, 60.255511264823355 ], [ 24.876788944504046, 60.25543913476735 ], [ 24.876643635195745, 60.257682320919201 ], [ 24.881157798466955, 60.257754457498585 ], [ 24.881302799418034, 60.255511264823355 ] ] ] } },
{ "type": "Feature", "properties": { "id": 5905744, "nimi": "Tapaninvainio", "kunta_name": "Helsinki", "walk_min": 10.0, "walk_slow_min": 14.0, "risk": 0.68, "one_person_share": 0.389, "share_65plus": 0.264, "pop_est": 190.0 }, "geometry": { "type": "Polygon", "coordinates": [ [ [ 24.980613359733731, 60.257059316115651 ], [ 24.97609900839921, 60.256990560954222 ], [ 24.975960484128763, 60.259233887422347 ], [ 24.980475143931866, 60.25930264880251 ], [ 24.980613359733731, 60.257059316115651 ] ] ] } },
{ "type": "Feature", "properties": { "id": 5907546, "nimi": "Konala", "kunta_name": "Helsinki", "walk_min": 10.0, "walk_slow_min": 13.0, "risk": 0.669, "one_person_share": 0.498, "share_65plus": 0.189, "pop_est": 94.0 }, "geometry": { "type": "Polygon", "coordinates": [ [ [ 24.836313357623041, 60.252539934251686 ], [ 24.831800044445739, 60.252466277060876 ], [ 24.831651675469672, 60.254709398200916 ], [ 24.836165296902877, 60.254783062052631 ], [ 24.836313357623041, 60.252539934251686 ] ] ] } },
{ "type": "Feature", "properties": { "id": 5907547, "nimi": "Konala", "kunta_name": "Helsinki", "walk_min": 11.0, "walk_slow_min": 15.0, "risk": 0.669, "one_person_share": 0.498, "share_65plus": 0.189, "pop_est": 94.0 }, "geometry": { "type": "Polygon", "coordinates": [ [ [ 24.840826694363422, 60.252613438083884 ], [ 24.836313357623041, 60.252539934251686 ], [ 24.836165296902877, 60.254783062052631 ], [ 24.840678941904446, 60.254856572531899 ], [ 24.840826694363422, 60.252613438083884 ] ] ] } },
{ "type": "Feature", "properties": { "id": 5907556, "nimi": "Kannelmäki", "kunta_name": "Helsinki", "walk_min": 12.0, "walk_slow_min": 16.0, "risk": 0.771, "one_person_share": 0.528, "share_65plus": 0.198, "pop_est": 126.0 }, "geometry": { "type": "Polygon", "coordinates": [ [ [ 24.881447777290305, 60.253268071174553 ], [ 24.876934230684579, 60.253195947641053 ], [ 24.876788944504046, 60.25543913476735 ], [ 24.881302799418034, 60.255511264823355 ], [ 24.881447777290305, 60.253268071174553 ] ] ] } },
{ "type": "Feature", "properties": { "id": 5907578, "nimi": "Tapaninvainio", "kunta_name": "Helsinki", "walk_min": 11.0, "walk_slow_min": 14.0, "risk": 0.68, "one_person_share": 0.389, "share_65plus": 0.264, "pop_est": 190.0 }, "geometry": { "type": "Polygon", "coordinates": [ [ [ 24.980751553534372, 60.254815982474348 ], [ 24.976237510619438, 60.254747233530836 ], [ 24.97609900839921, 60.256990560954222 ], [ 24.980613359733731, 60.257059316115651 ], [ 24.980751553534372, 60.254815982474348 ] ] ] } },
{ "type": "Feature", "properties": { "id": 5909377, "nimi": "Konala", "kunta_name": "Helsinki", "walk_min": 11.0, "walk_slow_min": 14.0, "risk": 0.669, "one_person_share": 0.498, "share_65plus": 0.189, "pop_est": 35.0 }, "geometry": { "type": "Polygon", "coordinates": [ [ [ 24.831948389809789, 60.250223154937395 ], [ 24.827435408446178, 60.250149351063364 ], [ 24.827286754880458, 60.252392466513008 ], [ 24.831800044445739, 60.252466277060876 ], [ 24.831948389809789, 60.250223154937395 ] ] ] } },
{ "type": "Feature", "properties": { "id": 5909379, "nimi": "Konala", "kunta_name": "Helsinki", "walk_min": 10.0, "walk_slow_min": 12.0, "risk": 0.669, "one_person_share": 0.498, "share_65plus": 0.189, "pop_est": 94.0 }, "geometry": { "type": "Polygon", "coordinates": [ [ [ 24.840974423308253, 60.250370302654275 ], [ 24.83646139478012, 60.250296805468238 ], [ 24.836313357623041, 60.252539934251686 ], [ 24.840826694363422, 60.252613438083884 ], [ 24.840974423308253, 60.250370302654275 ] ] ] } },
{ "type": "Feature", "properties": { "id": 5909388, "nimi": "Kannelmäki", "kunta_name": "Helsinki", "walk_min": 10.0, "walk_slow_min": 13.0, "risk": 0.771, "one_person_share": 0.528, "share_65plus": 0.198, "pop_est": 126.0 }, "geometry": { "type": "Polygon", "coordinates": [ [ [ 24.881592732088947, 60.25102487655225 ], [ 24.877079493742521, 60.250952759540354 ], [ 24.876934230684579, 60.253195947641053 ], [ 24.881447777290305, 60.253268071174553 ], [ 24.881592732088947, 60.25102487655225 ] ] ] } },
{ "type": "Feature", "properties": { "id": 5909389, "nimi": "Kannelmäki", "kunta_name": "Helsinki", "walk_min": 11.0, "walk_slow_min": 14.0, "risk": 0.771, "one_person_share": 0.528, "share_65plus": 0.198, "pop_est": 126.0 }, "geometry": { "type": "Polygon", "coordinates": [ [ [ 24.886105993503826, 60.251096840203623 ], [ 24.881592732088947, 60.25102487655225 ], [ 24.881447777290305, 60.253268071174553 ], [ 24.885961346969665, 60.253340041333693 ], [ 24.886105993503826, 60.251096840203623 ] ] ] } },
{ "type": "Feature", "properties": { "id": 5909410, "nimi": "Tapaninvainio", "kunta_name": "Helsinki", "walk_min": 12.0, "walk_slow_min": 15.0, "risk": 0.68, "one_person_share": 0.389, "share_65plus": 0.264, "pop_est": 190.0 }, "geometry": { "type": "Polygon", "coordinates": [ [ [ 24.980889725338713, 60.252572647878658 ], [ 24.976375990794377, 60.252503905152217 ], [ 24.976237510619438, 60.254747233530836 ], [ 24.980751553534372, 60.254815982474348 ], [ 24.980889725338713, 60.252572647878658 ] ] ] } },
{ "type": "Feature", "properties": { "id": 5909411, "nimi": "Tapaninvainio", "kunta_name": "Helsinki", "walk_min": 10.0, "walk_slow_min": 13.0, "risk": 0.68, "one_person_share": 0.389, "share_65plus": 0.264, "pop_est": 190.0 }, "geometry": { "type": "Polygon", "coordinates": [ [ [ 24.98540348187441, 60.252641237211137 ], [ 24.980889725338713, 60.252572647878658 ], [ 24.980751553534372, 60.254815982474348 ], [ 24.985265618445602, 60.254884578010042 ], [ 24.98540348187441, 60.252641237211137 ] ] ] } },
{ "type": "Feature", "properties": { "id": 5911242, "nimi": "Tapaninvainio", "kunta_name": "Helsinki", "walk_min": 14.0, "walk_slow_min": 19.0, "risk": 0.68, "one_person_share": 0.389, "share_65plus": 0.264, "pop_est": 190.0 }, "geometry": { "type": "Polygon", "coordinates": [ [ [ 24.981027875151696, 60.25032931232856 ], [ 24.976514448928981, 60.250260575818324 ], [ 24.976375990794377, 60.252503905152217 ], [ 24.980889725338713, 60.252572647878658 ], [ 24.981027875151696, 60.25032931232856 ] ] ] } },
{ "type": "Feature", "properties": { "id": 5911243, "nimi": "Tapaninvainio", "kunta_name": "Helsinki", "walk_min": 10.0, "walk_slow_min": 14.0, "risk": 0.68, "one_person_share": 0.389, "share_65plus": 0.264, "pop_est": 190.0 }, "geometry": { "type": "Polygon", "coordinates": [ [ [ 24.985541323360838, 60.250397895458683 ], [ 24.981027875151696, 60.25032931232856 ], [ 24.980889725338713, 60.252572647878658 ], [ 24.98540348187441, 60.252641237211137 ], [ 24.985541323360838, 60.250397895458683 ] ] ] } },
{ "type": "Feature", "properties": { "id": 5913071, "nimi": "Pukinmäki", "kunta_name": "Helsinki", "walk_min": 11.0, "walk_slow_min": 14.0, "risk": 0.751, "one_person_share": 0.505, "share_65plus": 0.206, "pop_est": 48.0 }, "geometry": { "type": "Polygon", "coordinates": [ [ [ 24.976652885028191, 60.248017245529205 ], [ 24.972139789108592, 60.24794836186954 ], [ 24.972001044741663, 60.250191685929465 ], [ 24.976514448928981, 60.250260575818324 ], [ 24.976652885028191, 60.248017245529205 ] ] ] } },
{ "type": "Feature", "properties": { "id": 5913072, "nimi": "Pukinmäki", "kunta_name": "Helsinki", "walk_min": 11.0, "walk_slow_min": 15.0, "risk": 0.751, "one_person_share": 0.505, "share_65plus": 0.206, "pop_est": 302.0 }, "geometry": { "type": "Polygon", "coordinates": [ [ [ 24.981166002978242, 60.248085975824075 ], [ 24.976652885028191, 60.248017245529205 ], [ 24.976514448928981, 60.250260575818324 ], [ 24.981027875151696, 60.25032931232856 ], [ 24.981166002978242, 60.248085975824075 ] ] ] } },
{ "type": "Feature", "properties": { "id": 5914869, "nimi": "Konala", "kunta_name": "Helsinki", "walk_min": 11.0, "walk_slow_min": 14.0, "risk": 0.669, "one_person_share": 0.498, "share_65plus": 0.189, "pop_est": 140.0 }, "geometry": { "type": "Polygon", "coordinates": [ [ [ 24.836905364925688, 60.243567413222827 ], [ 24.832393284282745, 60.243493782666519 ], [ 24.832245009723, 60.245736907740195 ], [ 24.836757398426165, 60.245810544953777 ], [ 24.836905364925688, 60.243567413222827 ] ] ] } },
{ "type": "Feature", "properties": { "id": 5914900, "nimi": "Pukinmäki", "kunta_name": "Helsinki", "walk_min": 13.0, "walk_slow_min": 17.0, "risk": 0.751, "one_person_share": 0.505, "share_65plus": 0.206, "pop_est": 48.0 }, "geometry": { "type": "Polygon", "coordinates": [ [ [ 24.976791299096949, 60.245773914284825 ], [ 24.972278511396119, 60.245705036853536 ], [ 24.972139789108592, 60.24794836186954 ], [ 24.976652885028191, 60.248017245529205 ], [ 24.976791299096949, 60.245773914284825 ] ] ] } },
{ "type": "Feature", "properties": { "id": 5914901, "nimi": "Pukinmäki", "kunta_name": "Helsinki", "walk_min": 11.0, "walk_slow_min": 15.0, "risk": 0.751, "one_person_share": 0.505, "share_65plus": 0.206, "pop_est": 302.0 }, "geometry": { "type": "Polygon", "coordinates": [ [ [ 24.981304108823295, 60.24584263836519 ], [ 24.976791299096949, 60.245773914284825 ], [ 24.976652885028191, 60.248017245529205 ], [ 24.981166002978242, 60.248085975824075 ], [ 24.981304108823295, 60.24584263836519 ] ] ] } },
{ "type": "Feature", "properties": { "id": 5916727, "nimi": "Pukinmäki", "kunta_name": "Helsinki", "walk_min": 10.0, "walk_slow_min": 13.0, "risk": 0.751, "one_person_share": 0.505, "share_65plus": 0.206, "pop_est": 48.0 }, "geometry": { "type": "Polygon", "coordinates": [ [ [ 24.976929691140192, 60.243530582085242 ], [ 24.972417211609191, 60.243461710881427 ], [ 24.972278511396119, 60.245705036853536 ], [ 24.976791299096949, 60.245773914284825 ], [ 24.976929691140192, 60.243530582085242 ] ] ] } },
{ "type": "Feature", "properties": { "id": 5916728, "nimi": "Pukinmäki", "kunta_name": "Helsinki", "walk_min": 12.0, "walk_slow_min": 15.0, "risk": 0.751, "one_person_share": 0.505, "share_65plus": 0.206, "pop_est": 302.0 }, "geometry": { "type": "Polygon", "coordinates": [ [ [ 24.98144219269177, 60.243599299951931 ], [ 24.976929691140192, 60.243530582085242 ], [ 24.976791299096949, 60.245773914284825 ], [ 24.981304108823295, 60.24584263836519 ], [ 24.98144219269177, 60.243599299951931 ] ] ] } },
{ "type": "Feature", "properties": { "id": 5918533, "nimi": "Kannelmäki", "kunta_name": "Helsinki", "walk_min": 10.0, "walk_slow_min": 13.0, "risk": 0.771, "one_person_share": 0.528, "share_65plus": 0.198, "pop_est": 413.0 }, "geometry": { "type": "Polygon", "coordinates": [ [ [ 24.886828880985096, 60.239880819963957 ], [ 24.882317160158696, 60.239808888838127 ], [ 24.882172320650639, 60.24205208832791 ], [ 24.886684349496921, 60.242124025957089 ], [ 24.886828880985096, 60.239880819963957 ] ] ] } },
{ "type": "Feature", "properties": { "id": 5918534, "nimi": "Kannelmäki", "kunta_name": "Helsinki", "walk_min": 11.0, "walk_slow_min": 14.0, "risk": 0.771, "one_person_share": 0.528, "share_65plus": 0.198, "pop_est": 201.0 }, "geometry": { "type": "Polygon", "coordinates": [ [ [ 24.891340624805224, 60.239952597796915 ], [ 24.886828880985096, 60.239880819963957 ], [ 24.886684349496921, 60.242124025957089 ], [ 24.891196401342079, 60.242195810279519 ], [ 24.891340624805224, 60.239952597796915 ] ] ] } },
{ "type": "Feature", "properties": { "id": 5918553, "nimi": "Pukinmäki", "kunta_name": "Helsinki", "walk_min": 10.0, "walk_slow_min": 14.0, "risk": 0.751, "one_person_share": 0.505, "share_65plus": 0.206, "pop_est": 48.0 }, "geometry": { "type": "Polygon", "coordinates": [ [ [ 24.977068061162857, 60.241287248930419 ], [ 24.972555889752755, 60.241218383953282 ], [ 24.972417211609191, 60.243461710881427 ], [ 24.976929691140192, 60.243530582085242 ], [ 24.977068061162857, 60.241287248930419 ] ] ] } },
{ "type": "Feature", "properties": { "id": 5920384, "nimi": "Pihlajamäki - Viikinmäki", "kunta_name": "Helsinki", "walk_min": 11.0, "walk_slow_min": 14.0, "risk": 0.677, "one_person_share": 0.514, "share_65plus": 0.181, "pop_est": 288.0 }, "geometry": { "type": "Polygon", "coordinates": [ [ [ 25.004278049711555, 60.239453847778584 ], [ 24.999766055042869, 60.239385908906009 ], [ 24.999629247469549, 60.241629273937519 ], [ 25.004141550239659, 60.241697218952858 ], [ 25.004278049711555, 60.239453847778584 ] ] ] } },
{ "type": "Feature", "properties": { "id": 5920385, "nimi": "Pihlajamäki - Viikinmäki", "kunta_name": "Helsinki", "walk_min": 13.0, "walk_slow_min": 17.0, "risk": 0.677, "one_person_share": 0.514, "share_65plus": 0.181, "pop_est": 288.0 }, "geometry": { "type": "Polygon", "coordinates": [ [ [ 25.008790066097468, 60.239521633332842 ], [ 25.004278049711555, 60.239453847778584 ], [ 25.004141550239659, 60.241697218952858 ], [ 25.008653874731866, 60.24176501063608 ], [ 25.008790066097468, 60.239521633332842 ] ] ] } },
{ "type": "Feature", "properties": { "id": 5920386, "nimi": "Pihlajamäki - Viikinmäki", "kunta_name": "Helsinki", "walk_min": 14.0, "walk_slow_min": 18.0, "risk": 0.677, "one_person_share": 0.514, "share_65plus": 0.181, "pop_est": 288.0 }, "geometry": { "type": "Polygon", "coordinates": [ [ [ 25.013302104151695, 60.239589265567368 ], [ 25.008790066097468, 60.239521633332842 ], [ 25.008653874731866, 60.24176501063608 ], [ 25.01316622089724, 60.241832648985721 ], [ 25.013302104151695, 60.239589265567368 ] ] ] } },
{ "type": "Feature", "properties": { "id": 5920414, "nimi": "Mellunmäki", "kunta_name": "Helsinki", "walk_min": 28.0, "walk_slow_min": 36.0, "risk": 0.823, "one_person_share": 0.531, "share_65plus": 0.213, "pop_est": 99.0 }, "geometry": { "type": "Polygon", "coordinates": [ [ [ 25.139647768351047, 60.241420714476682 ], [ 25.135135143450722, 60.241357375776047 ], [ 25.135007580993882, 60.243600919070779 ], [ 25.139520514136954, 60.243664263498957 ], [ 25.139647768351047, 60.241420714476682 ] ] ] } },
{ "type": "Feature", "properties": { "id": 5922209, "nimi": "Pihlajamäki - Viikinmäki", "kunta_name": "Helsinki", "walk_min": 10.0, "walk_slow_min": 13.0, "risk": 0.677, "one_person_share": 0.514, "share_65plus": 0.181, "pop_est": 288.0 }, "geometry": { "type": "Polygon", "coordinates": [ [ [ 25.00892623579476, 60.237278255080312 ], [ 25.004414527466224, 60.237210475654145 ], [ 25.004278049711555, 60.239453847778584 ], [ 25.008790066097468, 60.239521633332842 ], [ 25.00892623579476, 60.237278255080312 ] ] ] } },
{ "type": "Feature", "properties": { "id": 5922210, "nimi": "Pihlajamäki - Viikinmäki", "kunta_name": "Helsinki", "walk_min": 10.0, "walk_slow_min": 13.0, "risk": 0.677, "one_person_share": 0.514, "share_65plus": 0.181, "pop_est": 288.0 }, "geometry": { "type": "Polygon", "coordinates": [ [ [ 25.01343796578675, 60.237345881200554 ], [ 25.00892623579476, 60.237278255080312 ], [ 25.008790066097468, 60.239521633332842 ], [ 25.013302104151695, 60.239589265567368 ], [ 25.01343796578675, 60.237345881200554 ] ] ] } },
{ "type": "Feature", "properties": { "id": 5922211, "nimi": "Pihlajamäki - Viikinmäki", "kunta_name": "Helsinki", "walk_min": 10.0, "walk_slow_min": 13.0, "risk": 0.677, "one_person_share": 0.514, "share_65plus": 0.181, "pop_est": 145.0 }, "geometry": { "type": "Polygon", "coordinates": [ [ [ 25.017949717393286, 60.237413354013427 ], [ 25.01343796578675, 60.237345881200554 ], [ 25.013302104151695, 60.239589265567368 ], [ 25.017814163825307, 60.239656744480683 ], [ 25.017949717393286, 60.237413354013427 ] ] ] } },
{ "type": "Feature", "properties": { "id": 5922235, "nimi": "Mellunmäki", "kunta_name": "Helsinki", "walk_min": 12.0, "walk_slow_min": 15.0, "risk": 0.823, "one_person_share": 0.531, "share_65plus": 0.213, "pop_est": 99.0 }, "geometry": { "type": "Polygon", "coordinates": [ [ [ 25.126238113125815, 60.238986705571619 ], [ 25.121725857446528, 60.238922912565187 ], [ 25.121597390733708, 60.241166439523219 ], [ 25.126109954593094, 60.241230238297945 ], [ 25.126238113125815, 60.238986705571619 ] ] ] } },
{ "type": "Feature", "properties": { "id": 5922236, "nimi": "Mellunmäki", "kunta_name": "Helsinki", "walk_min": 16.0, "walk_slow_min": 21.0, "risk": 0.823, "one_person_share": 0.531, "share_65plus": 0.213, "pop_est": 99.0 }, "geometry": { "type": "Polygon", "coordinates": [ [ [ 25.130750389196464, 60.239050345235221 ], [ 25.126238113125815, 60.238986705571619 ], [ 25.126109954593094, 60.241230238297945 ], [ 25.130622538848417, 60.241293883716004 ], [ 25.130750389196464, 60.239050345235221 ] ] ] } },
{ "type": "Feature", "properties": { "id": 5922238, "nimi": "Mellunmäki", "kunta_name": "Helsinki", "walk_min": 20.0, "walk_slow_min": 26.0, "risk": 0.823, "one_person_share": 0.531, "share_65plus": 0.213, "pop_est": 99.0 }, "geometry": { "type": "Polygon", "coordinates": [ [ [ 25.139775002316075, 60.239177164528549 ], [ 25.135262685609533, 60.239113831554654 ], [ 25.135135143450722, 60.241357375776047 ], [ 25.139647768351047, 60.241420714476682 ], [ 25.139775002316075, 60.239177164528549 ] ] ] } },
{ "type": "Feature", "properties": { "id": 5923994, "nimi": "Konala", "kunta_name": "Helsinki", "walk_min": 11.0, "walk_slow_min": 15.0, "risk": 0.669, "one_person_share": 0.498, "share_65plus": 0.189, "pop_est": 292.0 }, "geometry": { "type": "Polygon", "coordinates": [ [ [ 24.842155408989999, 60.232425183880771 ], [ 24.837644844399414, 60.232351739831323 ], [ 24.837496995556943, 60.234594876474468 ], [ 24.842007867968665, 60.234668327162822 ], [ 24.842155408989999, 60.232425183880771 ] ] ] } },
{ "type": "Feature", "properties": { "id": 5924007, "nimi": "Pohjois-Haaga", "kunta_name": "Helsinki", "walk_min": 11.0, "walk_slow_min": 13.0, "risk": 0.823, "one_person_share": 0.583, "share_65plus": 0.195, "pop_est": 112.0 }, "geometry": { "type": "Polygon", "coordinates": [ [ [ 24.900794866362279, 60.233366011498056 ], [ 24.89628400051398, 60.233294559635787 ], [ 24.896140153753443, 60.235537781506437 ], [ 24.900651327490404, 60.235609239827902 ], [ 24.900794866362279, 60.233366011498056 ] ] ] } },
{ "type": "Feature", "properties": { "id": 5924012, "nimi": "Maunula", "kunta_name": "Helsinki", "walk_min": 10.0, "walk_slow_min": 13.0, "risk": 0.881, "one_person_share": 0.574, "share_65plus": 0.218, "pop_est": 72.0 }, "geometry": { "type": "Polygon", "coordinates": [ [ [ 24.923349537101927, 60.233720971937913 ], [ 24.91883855758379, 60.233650286371279 ], [ 24.918696250317627, 60.235893540399609 ], [ 24.923207537749903, 60.235964232356316 ], [ 24.923349537101927, 60.233720971937913 ] ] ] } },
{ "type": "Feature", "properties": { "id": 5924027, "nimi": "Pukinmäki", "kunta_name": "Helsinki", "walk_min": 10.0, "walk_slow_min": 12.0, "risk": 0.751, "one_person_share": 0.505, "share_65plus": 0.206, "pop_est": 188.0 }, "geometry": { "type": "Polygon", "coordinates": [ [ [ 24.991016912988869, 60.234762862945104 ], [ 24.986505599792139, 60.234694476492564 ], [ 24.986367911764724, 60.236937824919686 ], [ 24.990879532950395, 60.237006217554828 ], [ 24.991016912988869, 60.234762862945104 ] ] ] } },
{ "type": "Feature", "properties": { "id": 5924034, "nimi": "Pihlajamäki - Viikinmäki", "kunta_name": "Helsinki", "walk_min": 10.0, "walk_slow_min": 13.0, "risk": 0.677, "one_person_share": 0.514, "share_65plus": 0.181, "pop_est": 145.0 }, "geometry": { "type": "Polygon", "coordinates": [ [ [ 25.022596714544797, 60.235237276016804 ], [ 25.018085249395632, 60.235169962598555 ], [ 25.017949717393286, 60.237413354013427 ], [ 25.022461490565455, 60.237480673517467 ], [ 25.022596714544797, 60.235237276016804 ] ] ] } },
{ "type": "Feature", "properties": { "id": 5924057, "nimi": "Mellunmäki", "kunta_name": "Helsinki", "walk_min": 11.0, "walk_slow_min": 14.0, "risk": 0.823, "one_person_share": 0.531, "share_65plus": 0.213, "pop_est": 99.0 }, "geometry": { "type": "Polygon", "coordinates": [ [ [ 25.126366251267171, 60.236743171917077 ], [ 25.121854303719044, 60.236679384678169 ], [ 25.121725857446528, 60.238922912565187 ], [ 25.126238113125815, 60.238986705571619 ], [ 25.126366251267171, 60.236743171917077 ] ] ] } },
{ "type": "Feature", "properties": { "id": 5924058, "nimi": "Mellunmäki", "kunta_name": "Helsinki", "walk_min": 14.0, "walk_slow_min": 19.0, "risk": 0.823, "one_person_share": 0.531, "share_65plus": 0.213, "pop_est": 99.0 }, "geometry": { "type": "Polygon", "coordinates": [ [ [ 25.130878219202092, 60.236806805827023 ], [ 25.126366251267171, 60.236743171917077 ], [ 25.126238113125815, 60.238986705571619 ], [ 25.130750389196464, 60.239050345235221 ], [ 25.130878219202092, 60.236806805827023 ] ] ] } },
{ "type": "Feature", "properties": { "id": 5924059, "nimi": "Mellunmäki", "kunta_name": "Helsinki", "walk_min": 17.0, "walk_slow_min": 22.0, "risk": 0.823, "one_person_share": 0.531, "share_65plus": 0.213, "pop_est": 99.0 }, "geometry": { "type": "Polygon", "coordinates": [ [ [ 25.135390207474877, 60.236870286406642 ], [ 25.130878219202092, 60.236806805827023 ], [ 25.130750389196464, 60.239050345235221 ], [ 25.135262685609533, 60.239113831554654 ], [ 25.135390207474877, 60.236870286406642 ] ] ] } },
{ "type": "Feature", "properties": { "id": 5924060, "nimi": "Mellunmäki", "kunta_name": "Helsinki", "walk_min": 17.0, "walk_slow_min": 22.0, "risk": 0.823, "one_person_share": 0.531, "share_65plus": 0.213, "pop_est": 99.0 }, "geometry": { "type": "Polygon", "coordinates": [ [ [ 25.139902216036578, 60.236933613654543 ], [ 25.135390207474877, 60.236870286406642 ], [ 25.135262685609533, 60.239113831554654 ], [ 25.139775002316075, 60.239177164528549 ], [ 25.139902216036578, 60.236933613654543 ] ] ] } },
{ "type": "Feature", "properties": { "id": 5925815, "nimi": "Konala", "kunta_name": "Helsinki", "walk_min": 11.0, "walk_slow_min": 14.0, "risk": 0.669, "one_person_share": 0.498, "share_65plus": 0.189, "pop_est": 292.0 }, "geometry": { "type": "Polygon", "coordinates": [ [ [ 24.846813206824358, 60.230255323806745 ], [ 24.842302926544576, 60.230182039617233 ], [ 24.842155408989999, 60.232425183880771 ], [ 24.846665997047332, 60.232498474694488 ], [ 24.846813206824358, 60.230255323806745 ] ] ] } },
{ "type": "Feature", "properties": { "id": 5925817, "nimi": "Konala", "kunta_name": "Helsinki", "walk_min": 10.0, "walk_slow_min": 13.0, "risk": 0.669, "one_person_share": 0.498, "share_65plus": 0.189, "pop_est": 118.0 }, "geometry": { "type": "Polygon", "coordinates": [ [ [ 24.855833837573073, 60.230401432513695 ], [ 24.851323510516799, 60.23032845477276 ], [ 24.851176608522582, 60.232571612270853 ], [ 24.855687243366898, 60.232644596608324 ], [ 24.855833837573073, 60.230401432513695 ] ] ] } },
{ "type": "Feature", "properties": { "id": 5925818, "nimi": "Konala", "kunta_name": "Helsinki", "walk_min": 10.0, "walk_slow_min": 13.0, "risk": 0.669, "one_person_share": 0.498, "share_65plus": 0.189, "pop_est": 118.0 }, "geometry": { "type": "Polygon", "coordinates": [ [ [ 24.860344187944346, 60.230474257027979 ], [ 24.855833837573073, 60.230401432513695 ], [ 24.855687243366898, 60.232644596608324 ], [ 24.860197901531436, 60.232717427705303 ], [ 24.860344187944346, 60.230474257027979 ] ] ] } },
{ "type": "Feature", "properties": { "id": 5925819, "nimi": "Konala", "kunta_name": "Helsinki", "walk_min": 11.0, "walk_slow_min": 15.0, "risk": 0.669, "one_person_share": 0.498, "share_65plus": 0.189, "pop_est": 118.0 }, "geometry": { "type": "Polygon", "coordinates": [ [ [ 24.864854561581783, 60.230546928314006 ], [ 24.860344187944346, 60.230474257027979 ], [ 24.860197901531436, 60.232717427705303 ], [ 24.864708582967356, 60.232790105560227 ], [ 24.864854561581783, 60.230546928314006 ] ] ] } },
{ "type": "Feature", "properties": { "id": 5925820, "nimi": "Konala", "kunta_name": "Helsinki", "walk_min": 11.0, "walk_slow_min": 14.0, "risk": 0.669, "one_person_share": 0.498, "share_65plus": 0.189, "pop_est": 118.0 }, "geometry": { "type": "Polygon", "coordinates": [ [ [ 24.869364958436549, 60.230619446370241 ], [ 24.864854561581783, 60.230546928314006 ], [ 24.864708582967356, 60.232790105560227 ], [ 24.869219287625807, 60.232862630171518 ], [ 24.869364958436549, 60.230619446370241 ] ] ] } },
{ "type": "Feature", "properties": { "id": 5925832, "nimi": "Maunula", "kunta_name": "Helsinki", "walk_min": 11.0, "walk_slow_min": 15.0, "risk": 0.881, "one_person_share": 0.574, "share_65plus": 0.218, "pop_est": 72.0 }, "geometry": { "type": "Polygon", "coordinates": [ [ [ 24.923491513866576, 60.231477710554017 ], [ 24.918980842213713, 60.231407031376541 ], [ 24.91883855758379, 60.233650286371279 ], [ 24.923349537101927, 60.233720971937913 ], [ 24.923491513866576, 60.231477710554017 ] ] ] } },
{ "type": "Feature", "properties": { "id": 5925833, "nimi": "Maunula", "kunta_name": "Helsinki", "walk_min": 10.0, "walk_slow_min": 13.0, "risk": 0.881, "one_person_share": 0.574, "share_65plus": 0.218, "pop_est": 300.0 }, "geometry": { "type": "Polygon", "coordinates": [ [ [ 24.928002208101748, 60.231548236481586 ], [ 24.923491513866576, 60.231477710554017 ], [ 24.923349537101927, 60.233720971937913 ], [ 24.92786053920743, 60.233791504240862 ], [ 24.928002208101748, 60.231548236481586 ] ] ] } },
{ "type": "Feature", "properties": { "id": 5925854, "nimi": "Pihlajamäki - Viikinmäki", "kunta_name": "Helsinki", "walk_min": 11.0, "walk_slow_min": 15.0, "risk": 0.677, "one_person_share": 0.514, "share_65plus": 0.181, "pop_est": 145.0 }, "geometry": { "type": "Polygon", "coordinates": [ [ [ 25.022731917012241, 60.232993877569335 ], [ 25.018220759837178, 60.23292657023601 ], [ 25.018085249395632, 60.235169962598555 ], [ 25.022596714544797, 60.235237276016804 ], [ 25.022731917012241, 60.232993877569335 ] ] ] } },
{ "type": "Feature", "properties": { "id": 5925877, "nimi": "Mellunmäki", "kunta_name": "Helsinki", "walk_min": 13.0, "walk_slow_min": 17.0, "risk": 0.823, "one_person_share": 0.531, "share_65plus": 0.213, "pop_est": 99.0 }, "geometry": { "type": "Polygon", "coordinates": [ [ [ 25.126494369021735, 60.234499637334331 ], [ 25.121982729555832, 60.234435855862124 ], [ 25.121854303719044, 60.236679384678169 ], [ 25.126366251267171, 60.236743171917077 ], [ 25.126494369021735, 60.234499637334331 ] ] ] } },
{ "type": "Feature", "properties": { "id": 5925878, "nimi": "Mellunmäki", "kunta_name": "Helsinki", "walk_min": 14.0, "walk_slow_min": 18.0, "risk": 0.823, "one_person_share": 0.531, "share_65plus": 0.213, "pop_est": 99.0 }, "geometry": { "type": "Polygon", "coordinates": [ [ [ 25.131006028869862, 60.234563265491403 ], [ 25.126494369021735, 60.234499637334331 ], [ 25.126366251267171, 60.236743171917077 ], [ 25.130878219202092, 60.236806805827023 ], [ 25.131006028869862, 60.234563265491403 ] ] ] } },
{ "type": "Feature", "properties": { "id": 5925879, "nimi": "Mellunmäki", "kunta_name": "Helsinki", "walk_min": 14.0, "walk_slow_min": 18.0, "risk": 0.823, "one_person_share": 0.531, "share_65plus": 0.213, "pop_est": 99.0 }, "geometry": { "type": "Polygon", "coordinates": [ [ [ 25.135517709051289, 60.234626740331976 ], [ 25.131006028869862, 60.234563265491403 ], [ 25.130878219202092, 60.236806805827023 ], [ 25.135390207474877, 60.236870286406642 ], [ 25.135517709051289, 60.234626740331976 ] ] ] } },
{ "type": "Feature", "properties": { "id": 5925880, "nimi": "Mellunmäki", "kunta_name": "Helsinki", "walk_min": 17.0, "walk_slow_min": 23.0, "risk": 0.823, "one_person_share": 0.531, "share_65plus": 0.213, "pop_est": 99.0 }, "geometry": { "type": "Polygon", "coordinates": [ [ [ 25.140029409517098, 60.234690061854693 ], [ 25.135517709051289, 60.234626740331976 ], [ 25.135390207474877, 60.236870286406642 ], [ 25.139902216036578, 60.236933613654543 ], [ 25.140029409517098, 60.234690061854693 ] ] ] } },
{ "type": "Feature", "properties": { "id": 5927641, "nimi": "Lassila", "kunta_name": "Helsinki", "walk_min": 10.0, "walk_slow_min": 12.0, "risk": 0.945, "one_person_share": 0.576, "share_65plus": 0.254, "pop_est": 174.0 }, "geometry": { "type": "Polygon", "coordinates": [ [ [ 24.874020718342024, 60.228448619877391 ], [ 24.869510606078805, 60.228376261592871 ], [ 24.869364958436549, 60.230619446370241 ], [ 24.873875378459804, 60.230691811195108 ], [ 24.874020718342024, 60.228448619877391 ] ] ] } },
{ "type": "Feature", "properties": { "id": 5927692, "nimi": "Mellunmäki", "kunta_name": "Helsinki", "walk_min": 10.0, "walk_slow_min": 13.0, "risk": 0.823, "one_person_share": 0.531, "share_65plus": 0.213, "pop_est": 188.0 }, "geometry": { "type": "Polygon", "coordinates": [ [ [ 25.104066013985822, 60.231935690306749 ], [ 25.099554785175137, 60.231871148114756 ], [ 25.099424839671894, 60.234114648822569 ], [ 25.103936376492875, 60.234179196849674 ], [ 25.104066013985822, 60.231935690306749 ] ] ] } },
{ "type": "Feature", "properties": { "id": 5927693, "nimi": "Mellunmäki", "kunta_name": "Helsinki", "walk_min": 11.0, "walk_slow_min": 15.0, "risk": 0.823, "one_person_share": 0.531, "share_65plus": 0.213, "pop_est": 118.0 }, "geometry": { "type": "Polygon", "coordinates": [ [ [ 25.108577263418702, 60.232000079204361 ], [ 25.104066013985822, 60.231935690306749 ], [ 25.103936376492875, 60.234179196849674 ], [ 25.108447933940678, 60.234243591568571 ], [ 25.108577263418702, 60.232000079204361 ] ] ] } },
{ "type": "Feature", "properties": { "id": 5927696, "nimi": "Mellunmäki", "kunta_name": "Helsinki", "walk_min": 10.0, "walk_slow_min": 13.0, "risk": 0.823, "one_person_share": 0.531, "share_65plus": 0.213, "pop_est": 118.0 }, "geometry": { "type": "Polygon", "coordinates": [ [ [ 25.122111134961472, 60.232192326117115 ], [ 25.117599823955437, 60.232128397110941 ], [ 25.11747111052107, 60.234371921076182 ], [ 25.121982729555832, 60.234435855862124 ], [ 25.122111134961472, 60.232192326117115 ] ] ] } },
{ "type": "Feature", "properties": { "id": 5927697, "nimi": "Mellunmäki", "kunta_name": "Helsinki", "walk_min": 14.0, "walk_slow_min": 18.0, "risk": 0.823, "one_person_share": 0.531, "share_65plus": 0.213, "pop_est": 175.0 }, "geometry": { "type": "Polygon", "coordinates": [ [ [ 25.126622466394078, 60.232256101823381 ], [ 25.122111134961472, 60.232192326117115 ], [ 25.121982729555832, 60.234435855862124 ], [ 25.126494369021735, 60.234499637334331 ], [ 25.126622466394078, 60.232256101823381 ] ] ] } },
{ "type": "Feature", "properties": { "id": 5927698, "nimi": "Mellunmäki", "kunta_name": "Helsinki", "walk_min": 12.0, "walk_slow_min": 15.0, "risk": 0.823, "one_person_share": 0.531, "share_65plus": 0.213, "pop_est": 175.0 }, "geometry": { "type": "Polygon", "coordinates": [ [ [ 25.131133818204333, 60.232319724228375 ], [ 25.126622466394078, 60.232256101823381 ], [ 25.126494369021735, 60.234499637334331 ], [ 25.131006028869862, 60.234563265491403 ], [ 25.131133818204333, 60.232319724228375 ] ] ] } },
{ "type": "Feature", "properties": { "id": 5927700, "nimi": "Mellunmäki", "kunta_name": "Helsinki", "walk_min": 14.0, "walk_slow_min": 19.0, "risk": 0.823, "one_person_share": 0.531, "share_65plus": 0.213, "pop_est": 175.0 }, "geometry": { "type": "Polygon", "coordinates": [ [ [ 25.140156582762163, 60.232446509128977 ], [ 25.135645190343332, 60.232383193330691 ], [ 25.135517709051289, 60.234626740331976 ], [ 25.140029409517098, 60.234690061854693 ], [ 25.140156582762163, 60.232446509128977 ] ] ] } },
{ "type": "Feature", "properties": { "id": 5929468, "nimi": "Maunula", "kunta_name": "Helsinki", "walk_min": 11.0, "walk_slow_min": 14.0, "risk": 0.881, "one_person_share": 0.574, "share_65plus": 0.218, "pop_est": 23.0 }, "geometry": { "type": "Polygon", "coordinates": [ [ [ 24.914755310137281, 60.2268496988656 ], [ 24.910245299359289, 60.226778726023973 ], [ 24.910102444466705, 60.229021970135058 ], [ 24.914612763002118, 60.229092949391763 ], [ 24.914755310137281, 60.2268496988656 ] ] ] } },
{ "type": "Feature", "properties": { "id": 5929469, "nimi": "Maunula", "kunta_name": "Helsinki", "walk_min": 11.0, "walk_slow_min": 14.0, "risk": 0.881, "one_person_share": 0.574, "share_65plus": 0.218, "pop_est": 23.0 }, "geometry": { "type": "Polygon", "coordinates": [ [ [ 24.919265343585135, 60.226920518488022 ], [ 24.914755310137281, 60.2268496988656 ], [ 24.914612763002118, 60.229092949391763 ], [ 24.919123104212471, 60.229163775415458 ], [ 24.919265343585135, 60.226920518488022 ] ] ] } },
{ "type": "Feature", "properties": { "id": 5929485, "nimi": "Pihlajamäki - Viikinmäki", "kunta_name": "Helsinki", "walk_min": 14.0, "walk_slow_min": 19.0, "risk": 0.677, "one_person_share": 0.514, "share_65plus": 0.181, "pop_est": 171.0 }, "geometry": { "type": "Polygon", "coordinates": [ [ [ 24.991428921998843, 60.228032793400025 ], [ 24.986918532475631, 60.227964425490235 ], [ 24.986780910142684, 60.230207776777824 ], [ 24.991291607508195, 60.230276150867681 ], [ 24.991428921998843, 60.228032793400025 ] ] ] } },
{ "type": "Feature", "properties": { "id": 5929499, "nimi": "Myllypuro", "kunta_name": "Helsinki", "walk_min": 10.0, "walk_slow_min": 13.0, "risk": 0.655, "one_person_share": 0.461, "share_65plus": 0.202, "pop_est": 296.0 }, "geometry": { "type": "Polygon", "coordinates": [ [ [ 25.054576646236892, 60.228973852775844 ], [ 25.050065955407593, 60.228907630424942 ], [ 25.049932643308299, 60.231151066975244 ], [ 25.054443642047431, 60.231217295312618 ], [ 25.054576646236892, 60.228973852775844 ] ] ] } },
{ "type": "Feature", "properties": { "id": 5929500, "nimi": "Myllypuro", "kunta_name": "Helsinki", "walk_min": 11.0, "walk_slow_min": 14.0, "risk": 0.655, "one_person_share": 0.461, "share_65plus": 0.202, "pop_est": 296.0 }, "geometry": { "type": "Polygon", "coordinates": [ [ [ 25.059087358221518, 60.229039921861727 ], [ 25.054576646236892, 60.228973852775844 ], [ 25.054443642047431, 60.231217295312618 ], [ 25.058954661946633, 60.231283370371145 ], [ 25.059087358221518, 60.229039921861727 ] ] ] } },
{ "type": "Feature", "properties": { "id": 5929511, "nimi": "Mellunmäki", "kunta_name": "Helsinki", "walk_min": 12.0, "walk_slow_min": 16.0, "risk": 0.823, "one_person_share": 0.531, "share_65plus": 0.213, "pop_est": 118.0 }, "geometry": { "type": "Polygon", "coordinates": [ [ [ 25.108706572323438, 60.229756565908829 ], [ 25.104195630856573, 60.229692182831677 ], [ 25.104066013985822, 60.231935690306749 ], [ 25.108577263418702, 60.232000079204361 ], [ 25.108706572323438, 60.229756565908829 ] ] ] } },
{ "type": "Feature", "properties": { "id": 5929514, "nimi": "Mellunmäki", "kunta_name": "Helsinki", "walk_min": 12.0, "walk_slow_min": 16.0, "risk": 0.823, "one_person_share": 0.531, "share_65plus": 0.213, "pop_est": 118.0 }, "geometry": { "type": "Polygon", "coordinates": [ [ [ 25.122239519940546, 60.229948795443129 ], [ 25.117728516914323, 60.229884872215933 ], [ 25.117599823955437, 60.232128397110941 ], [ 25.122111134961472, 60.232192326117115 ], [ 25.122239519940546, 60.229948795443129 ] ] ] } },
{ "type": "Feature", "properties": { "id": 5929515, "nimi": "Mellunmäki", "kunta_name": "Helsinki", "walk_min": 11.0, "walk_slow_min": 14.0, "risk": 0.823, "one_person_share": 0.531, "share_65plus": 0.213, "pop_est": 175.0 }, "geometry": { "type": "Polygon", "coordinates": [ [ [ 25.126750543388759, 60.230012565384257 ], [ 25.122239519940546, 60.229948795443129 ], [ 25.122111134961472, 60.232192326117115 ], [ 25.126622466394078, 60.232256101823381 ], [ 25.126750543388759, 60.230012565384257 ] ] ] } },
{ "type": "Feature", "properties": { "id": 5929518, "nimi": "Mellunmäki", "kunta_name": "Helsinki", "walk_min": 10.0, "walk_slow_min": 14.0, "risk": 0.823, "one_person_share": 0.531, "share_65plus": 0.213, "pop_est": 175.0 }, "geometry": { "type": "Polygon", "coordinates": [ [ [ 25.140283735776318, 60.230202955477431 ], [ 25.135772651355545, 60.230139645402787 ], [ 25.135645190343332, 60.232383193330691 ], [ 25.140156582762163, 60.232446509128977 ], [ 25.140283735776318, 60.230202955477431 ] ] ] } },
{ "type": "Feature", "properties": { "id": 5931279, "nimi": "Pohjois-Haaga", "kunta_name": "Helsinki", "walk_min": 10.0, "walk_slow_min": 13.0, "risk": 0.823, "one_person_share": 0.583, "share_65plus": 0.195, "pop_est": 174.0 }, "geometry": { "type": "Polygon", "coordinates": [ [ [ 24.887839957866543, 60.224178350780797 ], [ 24.883330391811004, 60.224106465153412 ], [ 24.883185713492846, 60.226349671457179 ], [ 24.887695587226268, 60.226421563581674 ], [ 24.887839957866543, 60.224178350780797 ] ] ] } },
{ "type": "Feature", "properties": { "id": 5931284, "nimi": "Pohjois-Haaga", "kunta_name": "Helsinki", "walk_min": 14.0, "walk_slow_min": 18.0, "risk": 0.823, "one_person_share": 0.583, "share_65plus": 0.195, "pop_est": 23.0 }, "geometry": { "type": "Polygon", "coordinates": [ [ [ 24.910388131533182, 60.224535480944766 ], [ 24.905878451177379, 60.224464361313508 ], [ 24.905735311299985, 60.226707599964683 ], [ 24.910245299359289, 60.226778726023973 ], [ 24.910388131533182, 60.224535480944766 ] ] ] } },
{ "type": "Feature", "properties": { "id": 5931285, "nimi": "Maunula", "kunta_name": "Helsinki", "walk_min": 11.0, "walk_slow_min": 14.0, "risk": 0.881, "one_person_share": 0.574, "share_65plus": 0.218, "pop_est": 23.0 }, "geometry": { "type": "Polygon", "coordinates": [ [ [ 24.914897834602588, 60.224606447372167 ], [ 24.910388131533182, 60.224535480944766 ], [ 24.910245299359289, 60.226778726023973 ], [ 24.914755310137281, 60.2268496988656 ], [ 24.914897834602588, 60.224606447372167 ] ] ] } },
{ "type": "Feature", "properties": { "id": 5931286, "nimi": "Maunula", "kunta_name": "Helsinki", "walk_min": 10.0, "walk_slow_min": 13.0, "risk": 0.881, "one_person_share": 0.574, "share_65plus": 0.218, "pop_est": 23.0 }, "geometry": { "type": "Polygon", "coordinates": [ [ [ 24.919407560336769, 60.224677260594234 ], [ 24.914897834602588, 60.224606447372167 ], [ 24.914755310137281, 60.2268496988656 ], [ 24.919265343585135, 60.226920518488022 ], [ 24.919407560336769, 60.224677260594234 ] ] ] } },
{ "type": "Feature", "properties": { "id": 5931302, "nimi": "Pihlajamäki - Viikinmäki", "kunta_name": "Helsinki", "walk_min": 14.0, "walk_slow_min": 18.0, "risk": 0.677, "one_person_share": 0.514, "share_65plus": 0.181, "pop_est": 171.0 }, "geometry": { "type": "Polygon", "coordinates": [ [ [ 24.991566214650007, 60.225789434979717 ], [ 24.987056132920234, 60.225721073249176 ], [ 24.986918532475631, 60.227964425490235 ], [ 24.991428921998843, 60.228032793400025 ], [ 24.991566214650007, 60.225789434979717 ] ] ] } },
{ "type": "Feature", "properties": { "id": 5931303, "nimi": "Pihlajamäki - Viikinmäki", "kunta_name": "Helsinki", "walk_min": 12.0, "walk_slow_min": 16.0, "risk": 0.677, "one_person_share": 0.514, "share_65plus": 0.181, "pop_est": 171.0 }, "geometry": { "type": "Polygon", "coordinates": [ [ [ 24.996076318214367, 60.22585764347938 ], [ 24.991566214650007, 60.225789434979717 ], [ 24.991428921998843, 60.228032793400025 ], [ 24.995939333361541, 60.228101008065103 ], [ 24.996076318214367, 60.22585764347938 ] ] ] } },
{ "type": "Feature", "properties": { "id": 5931317, "nimi": "Myllypuro", "kunta_name": "Helsinki", "walk_min": 10.0, "walk_slow_min": 13.0, "risk": 0.655, "one_person_share": 0.461, "share_65plus": 0.202, "pop_est": 296.0 }, "geometry": { "type": "Polygon", "coordinates": [ [ [ 25.059220033389966, 60.226796472412083 ], [ 25.054709629271034, 60.226730409298057 ], [ 25.054576646236892, 60.228973852775844 ], [ 25.059087358221518, 60.229039921861727 ], [ 25.059220033389966, 60.226796472412083 ] ] ] } },
{ "type": "Feature", "properties": { "id": 5931318, "nimi": "Myllypuro", "kunta_name": "Helsinki", "walk_min": 10.0, "walk_slow_min": 13.0, "risk": 0.655, "one_person_share": 0.461, "share_65plus": 0.202, "pop_est": 296.0 }, "geometry": { "type": "Polygon", "coordinates": [ [ [ 25.06373045861061, 60.226862382273517 ], [ 25.059220033389966, 60.226796472412083 ], [ 25.059087358221518, 60.229039921861727 ], [ 25.063598091312592, 60.229105837681153 ], [ 25.06373045861061, 60.226862382273517 ] ] ] } },
{ "type": "Feature", "properties": { "id": 5931321, "nimi": "Myllypuro", "kunta_name": "Helsinki", "walk_min": 12.0, "walk_slow_min": 16.0, "risk": 0.655, "one_person_share": 0.461, "share_65plus": 0.202, "pop_est": 274.0 }, "geometry": { "type": "Polygon", "coordinates": [ [ [ 25.077261860394156, 60.227059192327815 ], [ 25.07275137216158, 60.226993742232786 ], [ 25.072619620618553, 60.229237209514935 ], [ 25.077130416735677, 60.229302665526468 ], [ 25.077261860394156, 60.227059192327815 ] ] ] } },
{ "type": "Feature", "properties": { "id": 5931323, "nimi": "Myllypuro", "kunta_name": "Helsinki", "walk_min": 13.0, "walk_slow_min": 16.0, "risk": 0.655, "one_person_share": 0.461, "share_65plus": 0.202, "pop_est": 274.0 }, "geometry": { "type": "Polygon", "coordinates": [ [ [ 25.08628289952912, 60.227189632741535 ], [ 25.08177236953296, 60.227124489164524 ], [ 25.081641233763715, 60.229367968265855 ], [ 25.086152071653782, 60.229433117731709 ], [ 25.08628289952912, 60.227189632741535 ] ] ] } },
{ "type": "Feature", "properties": { "id": 5931324, "nimi": "Myllypuro", "kunta_name": "Helsinki", "walk_min": 14.0, "walk_slow_min": 18.0, "risk": 0.655, "one_person_share": 0.461, "share_65plus": 0.202, "pop_est": 188.0 }, "geometry": { "type": "Polygon", "coordinates": [ [ [ 25.090793450333759, 60.227254623057419 ], [ 25.08628289952912, 60.227189632741535 ], [ 25.086152071653782, 60.229433117731709 ], [ 25.090662930356991, 60.229498113922617 ], [ 25.090793450333759, 60.227254623057419 ] ] ] } },
{ "type": "Feature", "properties": { "id": 5931325, "nimi": "Myllypuro", "kunta_name": "Helsinki", "walk_min": 15.0, "walk_slow_min": 20.0, "risk": 0.655, "one_person_share": 0.461, "share_65plus": 0.202, "pop_est": 188.0 }, "geometry": { "type": "Polygon", "coordinates": [ [ [ 25.095304021897991, 60.227319460110813 ], [ 25.090793450333759, 60.227254623057419 ], [ 25.090662930356991, 60.229498113922617 ], [ 25.095173809824452, 60.229562956837185 ], [ 25.095304021897991, 60.227319460110813 ] ] ] } },
{ "type": "Feature", "properties": { "id": 5933094, "nimi": "Etelä-Haaga", "kunta_name": "Helsinki", "walk_min": 10.0, "walk_slow_min": 14.0, "risk": 0.677, "one_person_share": 0.644, "share_65plus": 0.161, "pop_est": 174.0 }, "geometry": { "type": "Polygon", "coordinates": [ [ [ 24.887984305549129, 60.221935137007442 ], [ 24.883475047122669, 60.221863257876279 ], [ 24.883330391811004, 60.224106465153412 ], [ 24.887839957866543, 60.224178350780797 ], [ 24.887984305549129, 60.221935137007442 ] ] ] } },
{ "type": "Feature", "properties": { "id": 5933102, "nimi": "Metsälä - Etelä-Oulunkylä", "kunta_name": "Helsinki", "walk_min": 10.0, "walk_slow_min": 13.0, "risk": 0.713, "one_person_share": 0.433, "share_65plus": 0.245, "pop_est": 23.0 }, "geometry": { "type": "Polygon", "coordinates": [ [ [ 24.924059195152683, 60.222504655363558 ], [ 24.919549754472452, 60.222434001734101 ], [ 24.919407560336769, 60.224677260594234 ], [ 24.923917308686917, 60.22474792060936 ], [ 24.924059195152683, 60.222504655363558 ] ] ] } },
{ "type": "Feature", "properties": { "id": 5933103, "nimi": "Metsälä - Etelä-Oulunkylä", "kunta_name": "Helsinki", "walk_min": 10.0, "walk_slow_min": 13.0, "risk": 0.713, "one_person_share": 0.433, "share_65plus": 0.245, "pop_est": 323.0 }, "geometry": { "type": "Polygon", "coordinates": [ [ [ 24.928568658394994, 60.222575155798403 ], [ 24.924059195152683, 60.222504655363558 ], [ 24.923917308686917, 60.22474792060936 ], [ 24.928427079604191, 60.224818427416103 ], [ 24.928568658394994, 60.222575155798403 ] ] ] } },
{ "type": "Feature", "properties": { "id": 5933116, "nimi": "Pihlajamäki - Viikinmäki", "kunta_name": "Helsinki", "walk_min": 14.0, "walk_slow_min": 19.0, "risk": 0.677, "one_person_share": 0.514, "share_65plus": 0.181, "pop_est": 171.0 }, "geometry": { "type": "Polygon", "coordinates": [ [ [ 24.987193711481403, 60.223477720054646 ], [ 24.982683959374761, 60.223409211286892 ], [ 24.982546073073902, 60.225652558289212 ], [ 24.987056132920234, 60.225721073249176 ], [ 24.987193711481403, 60.223477720054646 ] ] ] } },
{ "type": "Feature", "properties": { "id": 5933117, "nimi": "Pihlajamäki - Viikinmäki", "kunta_name": "Helsinki", "walk_min": 11.0, "walk_slow_min": 14.0, "risk": 0.677, "one_person_share": 0.514, "share_65plus": 0.181, "pop_est": 171.0 }, "geometry": { "type": "Polygon", "coordinates": [ [ [ 24.991703485466576, 60.223546075606819 ], [ 24.987193711481403, 60.223477720054646 ], [ 24.987056132920234, 60.225721073249176 ], [ 24.991566214650007, 60.225789434979717 ], [ 24.991703485466576, 60.223546075606819 ] ] ] } },
{ "type": "Feature", "properties": { "id": 5933139, "nimi": "Myllypuro", "kunta_name": "Helsinki", "walk_min": 12.0, "walk_slow_min": 15.0, "risk": 0.655, "one_person_share": 0.461, "share_65plus": 0.202, "pop_est": 188.0 }, "geometry": { "type": "Polygon", "coordinates": [ [ [ 25.09092394955092, 60.225011131257716 ], [ 25.086413706595977, 60.224946146816016 ], [ 25.08628289952912, 60.227189632741535 ], [ 25.090793450333759, 60.227254623057419 ], [ 25.09092394955092, 60.225011131257716 ] ] ] } },
{ "type": "Feature", "properties": { "id": 5934907, "nimi": "Pitäjänmäen yritysalue", "kunta_name": "Helsinki", "walk_min": 10.0, "walk_slow_min": 13.0, "risk": 0.68, "one_person_share": 0.541, "share_65plus": 0.175, "pop_est": 178.0 }, "geometry": { "type": "Polygon", "coordinates": [ [ [ 24.883619679432993, 60.219620049625796 ], [ 24.879110751582996, 60.219548023823016 ], [ 24.878965811697554, 60.221791225564353 ], [ 24.883475047122669, 60.221863257876279 ], [ 24.883619679432993, 60.219620049625796 ] ] ] } },
{ "type": "Feature", "properties": { "id": 5934908, "nimi": "Etelä-Haaga", "kunta_name": "Helsinki", "walk_min": 11.0, "walk_slow_min": 14.0, "risk": 0.677, "one_person_share": 0.644, "share_65plus": 0.161, "pop_est": 178.0 }, "geometry": { "type": "Polygon", "coordinates": [ [ [ 24.88812863027918, 60.219691922261582 ], [ 24.883619679432993, 60.219620049625796 ], [ 24.883475047122669, 60.221863257876279 ], [ 24.887984305549129, 60.221935137007442 ], [ 24.88812863027918, 60.219691922261582 ] ] ] } },
{ "type": "Feature", "properties": { "id": 5934923, "nimi": "Koskela", "kunta_name": "Helsinki", "walk_min": 12.0, "walk_slow_min": 16.0, "risk": 0.787, "one_person_share": 0.533, "share_65plus": 0.199, "pop_est": 216.0 }, "geometry": { "type": "Polygon", "coordinates": [ [ [ 24.955765619333881, 60.220751630717579 ], [ 24.951256329400508, 60.220682055770311 ], [ 24.951116311329152, 60.222925360000389 ], [ 24.955625908918773, 60.222994941235768 ], [ 24.955765619333881, 60.220751630717579 ] ] ] } },
{ "type": "Feature", "properties": { "id": 5934930, "nimi": "Pihlajamäki - Viikinmäki", "kunta_name": "Helsinki", "walk_min": 11.0, "walk_slow_min": 15.0, "risk": 0.677, "one_person_share": 0.514, "share_65plus": 0.181, "pop_est": 96.0 }, "geometry": { "type": "Polygon", "coordinates": [ [ [ 24.987331268164031, 60.22123436590666 ], [ 24.98282182374825, 60.221165863330278 ], [ 24.982683959374761, 60.223409211286892 ], [ 24.987193711481403, 60.223477720054646 ], [ 24.987331268164031, 60.22123436590666 ] ] ] } },
{ "type": "Feature", "properties": { "id": 5934962, "nimi": "Pohjois-Vuosaari", "kunta_name": "Helsinki", "walk_min": 12.0, "walk_slow_min": 16.0, "risk": 0.848, "one_person_share": 0.536, "share_65plus": 0.217, "pop_est": 220.0 }, "geometry": { "type": "Polygon", "coordinates": [ [ [ 25.131644772300337, 60.223345549902028 ], [ 25.127134652152542, 60.223281950497572 ], [ 25.127006636263427, 60.225525489721349 ], [ 25.131517064253508, 60.225589094874756 ], [ 25.131644772300337, 60.223345549902028 ] ] ] } },
{ "type": "Feature", "properties": { "id": 5934965, "nimi": "Pohjois-Vuosaari", "kunta_name": "Helsinki", "walk_min": 11.0, "walk_slow_min": 14.0, "risk": 0.848, "one_person_share": 0.536, "share_65plus": 0.217, "pop_est": 197.0 }, "geometry": { "type": "Polygon", "coordinates": [ [ [ 25.145175254411399, 60.223535428625993 ], [ 25.140665073478633, 60.223472288967614 ], [ 25.14053798113002, 60.225715845396735 ], [ 25.145048469918692, 60.225778990762571 ], [ 25.145175254411399, 60.223535428625993 ] ] ] } },
{ "type": "Feature", "properties": { "id": 5934966, "nimi": "Pohjois-Vuosaari", "kunta_name": "Helsinki", "walk_min": 11.0, "walk_slow_min": 14.0, "risk": 0.848, "one_person_share": 0.536, "share_65plus": 0.217, "pop_est": 197.0 }, "geometry": { "type": "Polygon", "coordinates": [ [ [ 25.14968545550807, 60.223598415032932 ], [ 25.145175254411399, 60.223535428625993 ], [ 25.145048469918692, 60.225778990762571 ], [ 25.149558978875792, 60.225841982863152 ], [ 25.14968545550807, 60.223598415032932 ] ] ] } },
{ "type": "Feature", "properties": { "id": 5934967, "nimi": "Pohjois-Vuosaari", "kunta_name": "Helsinki", "walk_min": 13.0, "walk_slow_min": 17.0, "risk": 0.848, "one_person_share": 0.536, "share_65plus": 0.217, "pop_est": 197.0 }, "geometry": { "type": "Polygon", "coordinates": [ [ [ 25.154195676719784, 60.223661248187085 ], [ 25.14968545550807, 60.223598415032932 ], [ 25.149558978875792, 60.225841982863152 ], [ 25.154069507952439, 60.225904821697107 ], [ 25.154195676719784, 60.223661248187085 ] ] ] } },
{ "type": "Feature", "properties": { "id": 5934968, "nimi": "Pohjois-Vuosaari", "kunta_name": "Helsinki", "walk_min": 19.0, "walk_slow_min": 25.0, "risk": 0.848, "one_person_share": 0.536, "share_65plus": 0.217, "pop_est": 197.0 }, "geometry": { "type": "Polygon", "coordinates": [ [ [ 25.158705917997654, 60.223723928087097 ], [ 25.154195676719784, 60.223661248187085 ], [ 25.154069507952439, 60.225904821697107 ], [ 25.158580057099748, 60.225967507263093 ], [ 25.158705917997654, 60.223723928087097 ] ] ] } },
{ "type": "Feature", "properties": { "id": 5936714, "nimi": "Pajamäki", "kunta_name": "Helsinki", "walk_min": 11.0, "walk_slow_min": 14.0, "risk": 0.735, "one_person_share": 0.592, "share_65plus": 0.177, "pop_est": 285.0 }, "geometry": { "type": "Polygon", "coordinates": [ [ [ 24.856712913377908, 60.216942427392318 ], [ 24.852204432024759, 60.216869489211696 ], [ 24.85205767013505, 60.219112652587604 ], [ 24.856566458983405, 60.219185597359356 ], [ 24.856712913377908, 60.216942427392318 ] ] ] } },
{ "type": "Feature", "properties": { "id": 5936715, "nimi": "Pajamäki", "kunta_name": "Helsinki", "walk_min": 11.0, "walk_slow_min": 14.0, "risk": 0.735, "one_person_share": 0.592, "share_65plus": 0.177, "pop_est": 285.0 }, "geometry": { "type": "Polygon", "coordinates": [ [ [ 24.86122141801474, 60.217015212429168 ], [ 24.856712913377908, 60.216942427392318 ], [ 24.856566458983405, 60.219185597359356 ], [ 24.861075271120658, 60.219258388973529 ], [ 24.86122141801474, 60.217015212429168 ] ] ] } },
{ "type": "Feature", "properties": { "id": 5936734, "nimi": "Käpylä", "kunta_name": "Helsinki", "walk_min": 10.0, "walk_slow_min": 13.0, "risk": 0.721, "one_person_share": 0.525, "share_65plus": 0.189, "pop_est": 216.0 }, "geometry": { "type": "Polygon", "coordinates": [ [ [ 24.946887365140938, 60.218369028743879 ], [ 24.942378427382184, 60.218299153733255 ], [ 24.942237816375112, 60.220542446307675 ], [ 24.946747061731315, 60.220612327633155 ], [ 24.946887365140938, 60.218369028743879 ] ] ] } },
{ "type": "Feature", "properties": { "id": 5936754, "nimi": "Länsi-Herttoniemi", "kunta_name": "Helsinki", "walk_min": 15.0, "walk_slow_min": 20.0, "risk": 0.704, "one_person_share": 0.577, "share_65plus": 0.173, "pop_est": 43.0 }, "geometry": { "type": "Polygon", "coordinates": [ [ [ 25.03707074008091, 60.219734360321766 ], [ 25.032561365436095, 60.219667549083979 ], [ 25.032426907315145, 60.221910965330558 ], [ 25.036936589655294, 60.221977782606828 ], [ 25.03707074008091, 60.219734360321766 ] ] ] } },
{ "type": "Feature", "properties": { "id": 5936755, "nimi": "Länsi-Herttoniemi", "kunta_name": "Helsinki", "walk_min": 15.0, "walk_slow_min": 20.0, "risk": 0.704, "one_person_share": 0.577, "share_65plus": 0.173, "pop_est": 43.0 }, "geometry": { "type": "Polygon", "coordinates": [ [ [ 25.04158013605743, 60.219801018355547 ], [ 25.03707074008091, 60.219734360321766 ], [ 25.036936589655294, 60.221977782606828 ], [ 25.041446293331926, 60.222044446665279 ], [ 25.04158013605743, 60.219801018355547 ] ] ] } },
{ "type": "Feature", "properties": { "id": 5936756, "nimi": "Myllypuro", "kunta_name": "Helsinki", "walk_min": 12.0, "walk_slow_min": 15.0, "risk": 0.655, "one_person_share": 0.461, "share_65plus": 0.202, "pop_est": 43.0 }, "geometry": { "type": "Polygon", "coordinates": [ [ [ 25.046089553316818, 60.219867523183893 ], [ 25.04158013605743, 60.219801018355547 ], [ 25.041446293331926, 60.222044446665279 ], [ 25.045956018296199, 60.222110957504491 ], [ 25.046089553316818, 60.219867523183893 ] ] ] } },
{ "type": "Feature", "properties": { "id": 5936757, "nimi": "Myllypuro", "kunta_name": "Helsinki", "walk_min": 10.0, "walk_slow_min": 13.0, "risk": 0.655, "one_person_share": 0.461, "share_65plus": 0.202, "pop_est": 43.0 }, "geometry": { "type": "Polygon", "coordinates": [ [ [ 25.050598991810251, 60.219933874805363 ], [ 25.046089553316818, 60.219867523183893 ], [ 25.045956018296199, 60.222110957504491 ], [ 25.050465764499268, 60.222177315122998 ], [ 25.050598991810251, 60.219933874805363 ] ] ] } },
{ "type": "Feature", "properties": { "id": 5936781, "nimi": "Pohjois-Vuosaari", "kunta_name": "Helsinki", "walk_min": 14.0, "walk_slow_min": 18.0, "risk": 0.848, "one_person_share": 0.536, "share_65plus": 0.217, "pop_est": 197.0 }, "geometry": { "type": "Polygon", "coordinates": [ [ [ 25.158831758878279, 60.22148034798839 ], [ 25.154321825420961, 60.221417673753564 ], [ 25.154195676719784, 60.223661248187085 ], [ 25.158705917997654, 60.223723928087097 ], [ 25.158831758878279, 60.22148034798839 ] ] ] } },
{ "type": "Feature", "properties": { "id": 5938526, "nimi": "Pajamäki", "kunta_name": "Helsinki", "walk_min": 12.0, "walk_slow_min": 16.0, "risk": 0.735, "one_person_share": 0.592, "share_65plus": 0.177, "pop_est": 285.0 }, "geometry": { "type": "Polygon", "coordinates": [ [ [ 24.856859344488726, 60.214699256446572 ], [ 24.852351170582011, 60.214626324856184 ], [ 24.852204432024759, 60.216869489211696 ], [ 24.856712913377908, 60.216942427392318 ], [ 24.856859344488726, 60.214699256446572 ] ] ] } },
{ "type": "Feature", "properties": { "id": 5938527, "nimi": "Pajamäki", "kunta_name": "Helsinki", "walk_min": 10.0, "walk_slow_min": 12.0, "risk": 0.735, "one_person_share": 0.592, "share_65plus": 0.177, "pop_est": 285.0 }, "geometry": { "type": "Polygon", "coordinates": [ [ [ 24.861367541673911, 60.214772034907007 ], [ 24.856859344488726, 60.214699256446572 ], [ 24.856712913377908, 60.216942427392318 ], [ 24.86122141801474, 60.217015212429168 ], [ 24.861367541673911, 60.214772034907007 ] ] ] } },
{ "type": "Feature", "properties": { "id": 5938538, "nimi": "Etelä-Haaga", "kunta_name": "Helsinki", "walk_min": 10.0, "walk_slow_min": 13.0, "risk": 0.677, "one_person_share": 0.644, "share_65plus": 0.161, "pop_est": 31.0 }, "geometry": { "type": "Polygon", "coordinates": [ [ [ 24.910959233143608, 60.215562490947228 ], [ 24.906450783113712, 60.215491397019321 ], [ 24.906307734255421, 60.217734639546272 ], [ 24.9108164917936, 60.217805739898701 ], [ 24.910959233143608, 60.215562490947228 ] ] ] } },
{ "type": "Feature", "properties": { "id": 5938539, "nimi": "Etelä-Haaga", "kunta_name": "Helsinki", "walk_min": 11.0, "walk_slow_min": 14.0, "risk": 0.677, "one_person_share": 0.644, "share_65plus": 0.161, "pop_est": 31.0 }, "geometry": { "type": "Polygon", "coordinates": [ [ [ 24.915467705866764, 60.215633431726566 ], [ 24.910959233143608, 60.215562490947228 ], [ 24.9108164917936, 60.217805739898701 ], [ 24.91532527203012, 60.217876687088747 ], [ 24.915467705866764, 60.215633431726566 ] ] ] } },
{ "type": "Feature", "properties": { "id": 5938545, "nimi": "Käpylä", "kunta_name": "Helsinki", "walk_min": 28.0, "walk_slow_min": 38.0, "risk": 0.721, "one_person_share": 0.525, "share_65plus": 0.189, "pop_est": 305.0 }, "geometry": { "type": "Polygon", "coordinates": [ [ [ 24.94251901603246, 60.216055860196896 ], [ 24.93801040817414, 60.215985838341055 ], [ 24.937869511980217, 60.218229125549598 ], [ 24.942378427382184, 60.218299153733255 ], [ 24.94251901603246, 60.216055860196896 ] ] ] } },
{ "type": "Feature", "properties": { "id": 5938565, "nimi": "Länsi-Herttoniemi", "kunta_name": "Helsinki", "walk_min": 14.0, "walk_slow_min": 18.0, "risk": 0.704, "one_person_share": 0.577, "share_65plus": 0.173, "pop_est": 8.0 }, "geometry": { "type": "Polygon", "coordinates": [ [ [ 25.032695802176512, 60.217424131892322 ], [ 25.028186756553939, 60.217357173503487 ], [ 25.028052012171806, 60.219600584643665 ], [ 25.032561365436095, 60.219667549083979 ], [ 25.032695802176512, 60.217424131892322 ] ] ] } },
{ "type": "Feature", "properties": { "id": 5938566, "nimi": "Länsi-Herttoniemi", "kunta_name": "Helsinki", "walk_min": 15.0, "walk_slow_min": 19.0, "risk": 0.704, "one_person_share": 0.577, "share_65plus": 0.173, "pop_est": 43.0 }, "geometry": { "type": "Polygon", "coordinates": [ [ [ 25.037204869174829, 60.217490937092414 ], [ 25.032695802176512, 60.217424131892322 ], [ 25.032561365436095, 60.219667549083979 ], [ 25.03707074008091, 60.219734360321766 ], [ 25.037204869174829, 60.217490937092414 ] ] ] } },
{ "type": "Feature", "properties": { "id": 5938567, "nimi": "Länsi-Herttoniemi", "kunta_name": "Helsinki", "walk_min": 15.0, "walk_slow_min": 20.0, "risk": 0.704, "one_person_share": 0.577, "share_65plus": 0.173, "pop_est": 43.0 }, "geometry": { "type": "Polygon", "coordinates": [ [ [ 25.041713957500065, 60.217557589102356 ], [ 25.037204869174829, 60.217490937092414 ], [ 25.03707074008091, 60.219734360321766 ], [ 25.04158013605743, 60.219801018355547 ], [ 25.041713957500065, 60.217557589102356 ] ] ] } },
{ "type": "Feature", "properties": { "id": 5938568, "nimi": "Länsi-Herttoniemi", "kunta_name": "Helsinki", "walk_min": 14.0, "walk_slow_min": 18.0, "risk": 0.704, "one_person_share": 0.577, "share_65plus": 0.173, "pop_est": 43.0 }, "geometry": { "type": "Polygon", "coordinates": [ [ [ 25.046223067103401, 60.217624087920676 ], [ 25.041713957500065, 60.217557589102356 ], [ 25.04158013605743, 60.219801018355547 ], [ 25.046089553316818, 60.219867523183893 ], [ 25.046223067103401, 60.217624087920676 ] ] ] } },
{ "type": "Feature", "properties": { "id": 5938569, "nimi": "Myllypuro", "kunta_name": "Helsinki", "walk_min": 11.0, "walk_slow_min": 14.0, "risk": 0.655, "one_person_share": 0.461, "share_65plus": 0.202, "pop_est": 43.0 }, "geometry": { "type": "Polygon", "coordinates": [ [ [ 25.050732197936025, 60.217690433545947 ], [ 25.046223067103401, 60.217624087920676 ], [ 25.046089553316818, 60.219867523183893 ], [ 25.050598991810251, 60.219933874805363 ], [ 25.050732197936025, 60.217690433545947 ] ] ] } },
{ "type": "Feature", "properties": { "id": 5938586, "nimi": "Pohjois-Vuosaari", "kunta_name": "Helsinki", "walk_min": 12.0, "walk_slow_min": 15.0, "risk": 0.848, "one_person_share": 0.536, "share_65plus": 0.217, "pop_est": 220.0 }, "geometry": { "type": "Polygon", "coordinates": [ [ [ 25.127390622857146, 60.218794869265473 ], [ 25.122881138597599, 60.21873112813828 ], [ 25.122752855682716, 60.22097466345722 ], [ 25.127262647682262, 60.221038410345635 ], [ 25.127390622857146, 60.218794869265473 ] ] ] } },
{ "type": "Feature", "properties": { "id": 5938593, "nimi": "Pohjois-Vuosaari", "kunta_name": "Helsinki", "walk_min": 13.0, "walk_slow_min": 16.0, "risk": 0.848, "one_person_share": 0.536, "share_65plus": 0.217, "pop_est": 197.0 }, "geometry": { "type": "Polygon", "coordinates": [ [ [ 25.158957579746104, 60.219236766966922 ], [ 25.154447954060476, 60.219174098396529 ], [ 25.154321825420961, 60.221417673753564 ], [ 25.158831758878279, 60.22148034798839 ], [ 25.158957579746104, 60.219236766966922 ] ] ] } },
{ "type": "Feature", "properties": { "id": 5940336, "nimi": "Pitäjänmäen yritysalue", "kunta_name": "Helsinki", "walk_min": 11.0, "walk_slow_min": 14.0, "risk": 0.68, "one_person_share": 0.541, "share_65plus": 0.175, "pop_est": 285.0 }, "geometry": { "type": "Polygon", "coordinates": [ [ [ 24.857005752321083, 60.212456084522159 ], [ 24.852497885812042, 60.212383159521103 ], [ 24.852351170582011, 60.214626324856184 ], [ 24.856859344488726, 60.214699256446572 ], [ 24.857005752321083, 60.212456084522159 ] ] ] } },
{ "type": "Feature", "properties": { "id": 5940348, "nimi": "Kivihaka", "kunta_name": "Helsinki", "walk_min": 11.0, "walk_slow_min": 15.0, "risk": 0.768, "one_person_share": 0.635, "share_65plus": 0.179, "pop_est": 31.0 }, "geometry": { "type": "Polygon", "coordinates": [ [ [ 24.911101951800362, 60.213319241027705 ], [ 24.906593809229975, 60.213248153523431 ], [ 24.906450783113712, 60.215491397019321 ], [ 24.910959233143608, 60.215562490947228 ], [ 24.911101951800362, 60.213319241027705 ] ] ] } },
{ "type": "Feature", "properties": { "id": 5940349, "nimi": "Kivihaka", "kunta_name": "Helsinki", "walk_min": 13.0, "walk_slow_min": 17.0, "risk": 0.768, "one_person_share": 0.635, "share_65plus": 0.179, "pop_est": 31.0 }, "geometry": { "type": "Polygon", "coordinates": [ [ [ 24.915610117058918, 60.213390175397215 ], [ 24.911101951800362, 60.213319241027705 ], [ 24.910959233143608, 60.215562490947228 ], [ 24.915467705866764, 60.215633431726566 ], [ 24.915610117058918, 60.213390175397215 ] ] ] } },
{ "type": "Feature", "properties": { "id": 5940362, "nimi": "Käpylä", "kunta_name": "Helsinki", "walk_min": 13.0, "walk_slow_min": 16.0, "risk": 0.721, "one_person_share": 0.525, "share_65plus": 0.189, "pop_est": 262.0 }, "geometry": { "type": "Polygon", "coordinates": [ [ [ 24.974218307853398, 60.214298386244913 ], [ 24.969709852086851, 60.214229442765451 ], [ 24.969571130862228, 60.216472774935546 ], [ 24.974079894158439, 60.216541724645296 ], [ 24.974218307853398, 60.214298386244913 ] ] ] } },
{ "type": "Feature", "properties": { "id": 5940374, "nimi": "Länsi-Herttoniemi", "kunta_name": "Helsinki", "walk_min": 13.0, "walk_slow_min": 17.0, "risk": 0.704, "one_person_share": 0.577, "share_65plus": 0.173, "pop_est": 8.0 }, "geometry": { "type": "Polygon", "coordinates": [ [ [ 25.028321479511522, 60.215113761417371 ], [ 25.023812762901603, 60.215046655905752 ], [ 25.023677732355925, 60.217290061927379 ], [ 25.028186756553939, 60.217357173503487 ], [ 25.028321479511522, 60.215113761417371 ] ] ] } },
{ "type": "Feature", "properties": { "id": 5940375, "nimi": "Länsi-Herttoniemi", "kunta_name": "Helsinki", "walk_min": 12.0, "walk_slow_min": 16.0, "risk": 0.704, "one_person_share": 0.577, "share_65plus": 0.173, "pop_est": 8.0 }, "geometry": { "type": "Polygon", "coordinates": [ [ [ 25.032830217541193, 60.215180713755551 ], [ 25.028321479511522, 60.215113761417371 ], [ 25.028186756553939, 60.217357173503487 ], [ 25.032695802176512, 60.217424131892322 ], [ 25.032830217541193, 60.215180713755551 ] ] ] } },
{ "type": "Feature", "properties": { "id": 5940376, "nimi": "Länsi-Herttoniemi", "kunta_name": "Helsinki", "walk_min": 11.0, "walk_slow_min": 14.0, "risk": 0.704, "one_person_share": 0.577, "share_65plus": 0.173, "pop_est": 43.0 }, "geometry": { "type": "Polygon", "coordinates": [ [ [ 25.037338976941818, 60.215247512918808 ], [ 25.032830217541193, 60.215180713755551 ], [ 25.032695802176512, 60.217424131892322 ], [ 25.037204869174829, 60.217490937092414 ], [ 25.037338976941818, 60.215247512918808 ] ] ] } },
{ "type": "Feature", "properties": { "id": 5940377, "nimi": "Länsi-Herttoniemi", "kunta_name": "Helsinki", "walk_min": 14.0, "walk_slow_min": 17.0, "risk": 0.704, "one_person_share": 0.577, "share_65plus": 0.173, "pop_est": 43.0 }, "geometry": { "type": "Polygon", "coordinates": [ [ [ 25.041847757664591, 60.215314158905706 ], [ 25.037338976941818, 60.215247512918808 ], [ 25.037204869174829, 60.217490937092414 ], [ 25.041713957500065, 60.217557589102356 ], [ 25.041847757664591, 60.215314158905706 ] ] ] } },
{ "type": "Feature", "properties": { "id": 5940378, "nimi": "Länsi-Herttoniemi", "kunta_name": "Helsinki", "walk_min": 10.0, "walk_slow_min": 13.0, "risk": 0.704, "one_person_share": 0.577, "share_65plus": 0.173, "pop_est": 43.0 }, "geometry": { "type": "Polygon", "coordinates": [ [ [ 25.046356559660701, 60.215380651714796 ], [ 25.041847757664591, 60.215314158905706 ], [ 25.041713957500065, 60.217557589102356 ], [ 25.046223067103401, 60.217624087920676 ], [ 25.046356559660701, 60.215380651714796 ] ] ] } },
{ "type": "Feature", "properties": { "id": 5940379, "nimi": "Länsi-Herttoniemi", "kunta_name": "Helsinki", "walk_min": 11.0, "walk_slow_min": 14.0, "risk": 0.704, "one_person_share": 0.577, "share_65plus": 0.173, "pop_est": 43.0 }, "geometry": { "type": "Polygon", "coordinates": [ [ [ 25.050865382881341, 60.215446991344677 ], [ 25.046356559660701, 60.215380651714796 ], [ 25.046223067103401, 60.217624087920676 ], [ 25.050732197936025, 60.217690433545947 ], [ 25.050865382881341, 60.215446991344677 ] ] ] } },
{ "type": "Feature", "properties": { "id": 5940380, "nimi": "Länsi-Herttoniemi", "kunta_name": "Helsinki", "walk_min": 11.0, "walk_slow_min": 15.0, "risk": 0.704, "one_person_share": 0.577, "share_65plus": 0.173, "pop_est": 271.0 }, "geometry": { "type": "Polygon", "coordinates": [ [ [ 25.055374227277696, 60.215513177793895 ], [ 25.050865382881341, 60.215446991344677 ], [ 25.050732197936025, 60.217690433545947 ], [ 25.05524134994911, 60.21775662597674 ], [ 25.055374227277696, 60.215513177793895 ] ] ] } },
{ "type": "Feature", "properties": { "id": 5940396, "nimi": "Pohjois-Vuosaari", "kunta_name": "Helsinki", "walk_min": 11.0, "walk_slow_min": 14.0, "risk": 0.848, "one_person_share": 0.536, "share_65plus": 0.217, "pop_est": 220.0 }, "geometry": { "type": "Polygon", "coordinates": [ [ [ 25.127518577681752, 60.216551327257129 ], [ 25.123009401113361, 60.216487591890349 ], [ 25.122881138597599, 60.21873112813828 ], [ 25.127390622857146, 60.218794869265473 ], [ 25.127518577681752, 60.216551327257129 ] ] ] } },
{ "type": "Feature", "properties": { "id": 5940403, "nimi": "Pohjois-Vuosaari", "kunta_name": "Helsinki", "walk_min": 10.0, "walk_slow_min": 14.0, "risk": 0.848, "one_person_share": 0.536, "share_65plus": 0.217, "pop_est": 197.0 }, "geometry": { "type": "Polygon", "coordinates": [ [ [ 25.159083380605612, 60.216993185022702 ], [ 25.154574062642819, 60.216930522115931 ], [ 25.154447954060476, 60.219174098396529 ], [ 25.158957579746104, 60.219236766966922 ], [ 25.159083380605612, 60.216993185022702 ] ] ] } },
{ "type": "Feature", "properties": { "id": 5942143, "nimi": "Munkkivuori - Niemenmäki", "kunta_name": "Helsinki", "walk_min": 16.0, "walk_slow_min": 21.0, "risk": 0.663, "one_person_share": 0.575, "share_65plus": 0.166, "pop_est": 1.0 }, "geometry": { "type": "Polygon", "coordinates": [ [ [ 24.852644577720071, 60.210139993206461 ], [ 24.848137041876743, 60.210066921693056 ], [ 24.847990042625007, 60.212310081405455 ], [ 24.852497885812042, 60.212383159521103 ], [ 24.852644577720071, 60.210139993206461 ] ] ] } },
{ "type": "Feature", "properties": { "id": 5942144, "nimi": "Munkkivuori - Niemenmäki", "kunta_name": "Helsinki", "walk_min": 11.0, "walk_slow_min": 13.0, "risk": 0.663, "one_person_share": 0.575, "share_65plus": 0.166, "pop_est": 228.0 }, "geometry": { "type": "Polygon", "coordinates": [ [ [ 24.857152136880178, 60.210212911619074 ], [ 24.852644577720071, 60.210139993206461 ], [ 24.852497885812042, 60.212383159521103 ], [ 24.857005752321083, 60.212456084522159 ], [ 24.857152136880178, 60.210212911619074 ] ] ] } },
{ "type": "Feature", "properties": { "id": 5942156, "nimi": "Kivihaka", "kunta_name": "Helsinki", "walk_min": 10.0, "walk_slow_min": 13.0, "risk": 0.768, "one_person_share": 0.635, "share_65plus": 0.179, "pop_est": 40.0 }, "geometry": { "type": "Polygon", "coordinates": [ [ [ 24.911244647768932, 60.211075990140166 ], [ 24.906736812609292, 60.211004909058666 ], [ 24.906593809229975, 60.213248153523431 ], [ 24.911101951800362, 60.213319241027705 ], [ 24.911244647768932, 60.211075990140166 ] ] ] } },
{ "type": "Feature", "properties": { "id": 5942157, "nimi": "Kivihaka", "kunta_name": "Helsinki", "walk_min": 12.0, "walk_slow_min": 16.0, "risk": 0.768, "one_person_share": 0.635, "share_65plus": 0.179, "pop_est": 40.0 }, "geometry": { "type": "Polygon", "coordinates": [ [ [ 24.915752505611671, 60.211146918100695 ], [ 24.911244647768932, 60.211075990140166 ], [ 24.911101951800362, 60.213319241027705 ], [ 24.915610117058918, 60.213390175397215 ], [ 24.915752505611671, 60.211146918100695 ] ] ] } },
{ "type": "Feature", "properties": { "id": 5942181, "nimi": "Länsi-Herttoniemi", "kunta_name": "Helsinki", "walk_min": 12.0, "walk_slow_min": 16.0, "risk": 0.704, "one_person_share": 0.577, "share_65plus": 0.173, "pop_est": 3.0 }, "geometry": { "type": "Polygon", "coordinates": [ [ [ 25.023947771978722, 60.212803248937391 ], [ 25.019439384371857, 60.212735996331205 ], [ 25.019304067760253, 60.214979397222081 ], [ 25.023812762901603, 60.215046655905752 ], [ 25.023947771978722, 60.212803248937391 ] ] ] } },
{ "type": "Feature", "properties": { "id": 5942185, "nimi": "Länsi-Herttoniemi", "kunta_name": "Helsinki", "walk_min": 12.0, "walk_slow_min": 16.0, "risk": 0.704, "one_person_share": 0.577, "share_65plus": 0.173, "pop_est": 263.0 }, "geometry": { "type": "Polygon", "coordinates": [ [ [ 25.041981536555781, 60.213070727765611 ], [ 25.037473063386667, 60.213004087800918 ], [ 25.037338976941818, 60.215247512918808 ], [ 25.041847757664591, 60.215314158905706 ], [ 25.041981536555781, 60.213070727765611 ] ] ] } },
{ "type": "Feature", "properties": { "id": 5942190, "nimi": "Myllypuro", "kunta_name": "Helsinki", "walk_min": 11.0, "walk_slow_min": 14.0, "risk": 0.655, "one_person_share": 0.461, "share_65plus": 0.202, "pop_est": 11.0 }, "geometry": { "type": "Polygon", "coordinates": [ [ [ 25.064524220453972, 60.213401630100762 ], [ 25.060015641429988, 60.21333575597027 ], [ 25.059883092800959, 60.215579211061034 ], [ 25.064391979402313, 60.215645091144658 ], [ 25.064524220453972, 60.213401630100762 ] ] ] } },
{ "type": "Feature", "properties": { "id": 5942200, "nimi": "Puotila", "kunta_name": "Helsinki", "walk_min": 11.0, "walk_slow_min": 14.0, "risk": 0.829, "one_person_share": 0.587, "share_65plus": 0.195, "pop_est": 54.0 }, "geometry": { "type": "Polygon", "coordinates": [ [ [ 25.109611158991527, 60.214051946761842 ], [ 25.10510237191831, 60.21398760440583 ], [ 25.104972899273623, 60.216231118405958 ], [ 25.109481993970817, 60.216295466576874 ], [ 25.109611158991527, 60.214051946761842 ] ] ] } },
{ "type": "Feature", "properties": { "id": 5942203, "nimi": "Etelä-Vuosaari", "kunta_name": "Helsinki", "walk_min": 13.0, "walk_slow_min": 17.0, "risk": 0.693, "one_person_share": 0.483, "share_65plus": 0.202, "pop_est": 54.0 }, "geometry": { "type": "Polygon", "coordinates": [ [ [ 25.123137643234571, 60.214244054713461 ], [ 25.118628794698477, 60.214180171917029 ], [ 25.118500244939518, 60.216423703320444 ], [ 25.123009401113361, 60.216487591890349 ], [ 25.123137643234571, 60.214244054713461 ] ] ] } },
{ "type": "Feature", "properties": { "id": 5942212, "nimi": "Etelä-Vuosaari", "kunta_name": "Helsinki", "walk_min": 10.0, "walk_slow_min": 12.0, "risk": 0.693, "one_person_share": 0.483, "share_65plus": 0.202, "pop_est": 6.0 }, "geometry": { "type": "Polygon", "coordinates": [ [ [ 25.163718191749442, 60.214812106199439 ], [ 25.159209161461288, 60.214749602155749 ], [ 25.159083380605612, 60.216993185022702 ], [ 25.163592718572239, 60.217055694715448 ], [ 25.163718191749442, 60.214812106199439 ] ] ] } },
{ "type": "Feature", "properties": { "id": 5942213, "nimi": "Etelä-Vuosaari", "kunta_name": "Helsinki", "walk_min": 15.0, "walk_slow_min": 21.0, "risk": 0.693, "one_person_share": 0.483, "share_65plus": 0.202, "pop_est": 6.0 }, "geometry": { "type": "Polygon", "coordinates": [ [ [ 25.168227241988117, 60.214874457041603 ], [ 25.163718191749442, 60.214812106199439 ], [ 25.163592718572239, 60.217055694715448 ], [ 25.168102076493856, 60.217118051192848 ], [ 25.168227241988117, 60.214874457041603 ] ] ] } },
{ "type": "Feature", "properties": { "id": 5943951, "nimi": "Munkkivuori - Niemenmäki", "kunta_name": "Helsinki", "walk_min": 20.0, "walk_slow_min": 26.0, "risk": 0.663, "one_person_share": 0.575, "share_65plus": 0.166, "pop_est": 1.0 }, "geometry": { "type": "Polygon", "coordinates": [ [ [ 24.85279124631132, 60.207896825912265 ], [ 24.848284017762968, 60.207823761000213 ], [ 24.848137041876743, 60.210066921693056 ], [ 24.852644577720071, 60.210139993206461 ], [ 24.85279124631132, 60.207896825912265 ] ] ] } },
{ "type": "Feature", "properties": { "id": 5943952, "nimi": "Munkkivuori - Niemenmäki", "kunta_name": "Helsinki", "walk_min": 12.0, "walk_slow_min": 16.0, "risk": 0.663, "one_person_share": 0.575, "share_65plus": 0.166, "pop_est": 228.0 }, "geometry": { "type": "Polygon", "coordinates": [ [ [ 24.857298498171229, 60.207969737737322 ], [ 24.85279124631132, 60.207896825912265 ], [ 24.852644577720071, 60.210139993206461 ], [ 24.857152136880178, 60.210212911619074 ], [ 24.857298498171229, 60.207969737737322 ] ] ] } },
{ "type": "Feature", "properties": { "id": 5943953, "nimi": "Munkkivuori - Niemenmäki", "kunta_name": "Helsinki", "walk_min": 14.0, "walk_slow_min": 17.0, "risk": 0.663, "one_person_share": 0.575, "share_65plus": 0.166, "pop_est": 228.0 }, "geometry": { "type": "Polygon", "coordinates": [ [ [ 24.861805773293973, 60.208042496473851 ], [ 24.857298498171229, 60.207969737737322 ], [ 24.857152136880178, 60.210212911619074 ], [ 24.861659719308324, 60.210285676929324 ], [ 24.861805773293973, 60.208042496473851 ] ] ] } },
{ "type": "Feature", "properties": { "id": 5943954, "nimi": "Munkkivuori - Niemenmäki", "kunta_name": "Helsinki", "walk_min": 10.0, "walk_slow_min": 13.0, "risk": 0.663, "one_person_share": 0.575, "share_65plus": 0.166, "pop_est": 228.0 }, "geometry": { "type": "Polygon", "coordinates": [ [ [ 24.866313071630824, 60.208115102120232 ], [ 24.861805773293973, 60.208042496473851 ], [ 24.861659719308324, 60.210285676929324 ], [ 24.866167324955782, 60.210358289135648 ], [ 24.866313071630824, 60.208115102120232 ] ] ] } },
{ "type": "Feature", "properties": { "id": 5943964, "nimi": "Kivihaka", "kunta_name": "Helsinki", "walk_min": 11.0, "walk_slow_min": 14.0, "risk": 0.768, "one_person_share": 0.635, "share_65plus": 0.179, "pop_est": 40.0 }, "geometry": { "type": "Polygon", "coordinates": [ [ [ 24.911387321054409, 60.208832738284585 ], [ 24.90687979325676, 60.208761663624983 ], [ 24.906736812609292, 60.211004909058666 ], [ 24.911244647768932, 60.211075990140166 ], [ 24.911387321054409, 60.208832738284585 ] ] ] } },
{ "type": "Feature", "properties": { "id": 5943989, "nimi": "Länsi-Herttoniemi", "kunta_name": "Helsinki", "walk_min": 11.0, "walk_slow_min": 14.0, "risk": 0.704, "one_person_share": 0.577, "share_65plus": 0.173, "pop_est": 3.0 }, "geometry": { "type": "Polygon", "coordinates": [ [ [ 25.02408275959209, 60.210559841022295 ], [ 25.019574679470921, 60.210492594492763 ], [ 25.019439384371857, 60.212735996331205 ], [ 25.023947771978722, 60.212803248937391 ], [ 25.02408275959209, 60.210559841022295 ] ] ] } },
{ "type": "Feature", "properties": { "id": 5943993, "nimi": "Länsi-Herttoniemi", "kunta_name": "Helsinki", "walk_min": 11.0, "walk_slow_min": 15.0, "risk": 0.704, "one_person_share": 0.577, "share_65plus": 0.173, "pop_est": 263.0 }, "geometry": { "type": "Polygon", "coordinates": [ [ [ 25.042115294178402, 60.21082729568208 ], [ 25.037607128514143, 60.210760661738775 ], [ 25.037473063386667, 60.213004087800918 ], [ 25.041981536555781, 60.213070727765611 ], [ 25.042115294178402, 60.21082729568208 ] ] ] } },
{ "type": "Feature", "properties": { "id": 5943994, "nimi": "Länsi-Herttoniemi", "kunta_name": "Helsinki", "walk_min": 11.0, "walk_slow_min": 14.0, "risk": 0.704, "one_person_share": 0.577, "share_65plus": 0.173, "pop_est": 263.0 }, "geometry": { "type": "Polygon", "coordinates": [ [ [ 25.046623481106465, 60.210893776475203 ], [ 25.042115294178402, 60.21082729568208 ], [ 25.041981536555781, 60.213070727765611 ], [ 25.046490030993475, 60.213137214566324 ], [ 25.046623481106465, 60.210893776475203 ] ] ] } },
{ "type": "Feature", "properties": { "id": 5944008, "nimi": "Puotila", "kunta_name": "Helsinki", "walk_min": 10.0, "walk_slow_min": 13.0, "risk": 0.829, "one_person_share": 0.587, "share_65plus": 0.195, "pop_est": 54.0 }, "geometry": { "type": "Polygon", "coordinates": [ [ [ 25.109740303475792, 60.211808426015445 ], [ 25.105231823977736, 60.211744089473569 ], [ 25.10510237191831, 60.21398760440583 ], [ 25.109611158991527, 60.214051946761842 ], [ 25.109740303475792, 60.211808426015445 ] ] ] } },
{ "type": "Feature", "properties": { "id": 5944012, "nimi": "Etelä-Vuosaari", "kunta_name": "Helsinki", "walk_min": 13.0, "walk_slow_min": 17.0, "risk": 0.693, "one_person_share": 0.483, "share_65plus": 0.202, "pop_est": 365.0 }, "geometry": { "type": "Polygon", "coordinates": [ [ [ 25.12777442629838, 60.212064240455874 ], [ 25.123265864965802, 60.212000516607588 ], [ 25.123137643234571, 60.214244054713461 ], [ 25.127646512160645, 60.214307784320603 ], [ 25.12777442629838, 60.212064240455874 ] ] ] } },
{ "type": "Feature", "properties": { "id": 5944020, "nimi": "Etelä-Vuosaari", "kunta_name": "Helsinki", "walk_min": 10.0, "walk_slow_min": 13.0, "risk": 0.693, "one_person_share": 0.483, "share_65plus": 0.202, "pop_est": 6.0 }, "geometry": { "type": "Polygon", "coordinates": [ [ [ 25.163843644976126, 60.212568516761444 ], [ 25.159334922317608, 60.212506018366028 ], [ 25.159209161461288, 60.214749602155749 ], [ 25.163718191749442, 60.214812106199439 ], [ 25.163843644976126, 60.212568516761444 ] ] ] } },
{ "type": "Feature", "properties": { "id": 5944021, "nimi": "Etelä-Vuosaari", "kunta_name": "Helsinki", "walk_min": 12.0, "walk_slow_min": 15.0, "risk": 0.693, "one_person_share": 0.483, "share_65plus": 0.202, "pop_est": 6.0 }, "geometry": { "type": "Polygon", "coordinates": [ [ [ 25.168352387580697, 60.212630861969174 ], [ 25.163843644976126, 60.212568516761444 ], [ 25.163718191749442, 60.214812106199439 ], [ 25.168227241988117, 60.214874457041603 ], [ 25.168352387580697, 60.212630861969174 ] ] ] } },
{ "type": "Feature", "properties": { "id": 5944022, "nimi": "Etelä-Vuosaari", "kunta_name": "Helsinki", "walk_min": 12.0, "walk_slow_min": 15.0, "risk": 0.693, "one_person_share": 0.483, "share_65plus": 0.202, "pop_est": 6.0 }, "geometry": { "type": "Polygon", "coordinates": [ [ [ 25.17286115008249, 60.212693053987813 ], [ 25.168352387580697, 60.212630861969174 ], [ 25.168227241988117, 60.214874457041603 ], [ 25.172736312128475, 60.214936654680884 ], [ 25.17286115008249, 60.212693053987813 ] ] ] } },
{ "type": "Feature", "properties": { "id": 5945758, "nimi": "Munkkivuori - Niemenmäki", "kunta_name": "Helsinki", "walk_min": 14.0, "walk_slow_min": 18.0, "risk": 0.663, "one_person_share": 0.575, "share_65plus": 0.166, "pop_est": 228.0 }, "geometry": { "type": "Polygon", "coordinates": [ [ [ 24.857444836199448, 60.20572656287694 ], [ 24.852937891591012, 60.2056536576385 ], [ 24.85279124631132, 60.207896825912265 ], [ 24.857298498171229, 60.207969737737322 ], [ 24.857444836199448, 60.20572656287694 ] ] ] } },
{ "type": "Feature", "properties": { "id": 5945759, "nimi": "Munkkivuori - Niemenmäki", "kunta_name": "Helsinki", "walk_min": 12.0, "walk_slow_min": 16.0, "risk": 0.663, "one_person_share": 0.575, "share_65plus": 0.166, "pop_est": 228.0 }, "geometry": { "type": "Polygon", "coordinates": [ [ [ 24.861951804065512, 60.205799315040608 ], [ 24.857444836199448, 60.20572656287694 ], [ 24.857298498171229, 60.207969737737322 ], [ 24.861805773293973, 60.208042496473851 ], [ 24.861951804065512, 60.205799315040608 ] ] ] } },
{ "type": "Feature", "properties": { "id": 5945760, "nimi": "Munkkivuori - Niemenmäki", "kunta_name": "Helsinki", "walk_min": 12.0, "walk_slow_min": 16.0, "risk": 0.663, "one_person_share": 0.575, "share_65plus": 0.166, "pop_est": 228.0 }, "geometry": { "type": "Polygon", "coordinates": [ [ [ 24.866458795140492, 60.205871914127947 ], [ 24.861951804065512, 60.205799315040608 ], [ 24.861805773293973, 60.208042496473851 ], [ 24.866313071630824, 60.208115102120232 ], [ 24.866458795140492, 60.205871914127947 ] ] ] } },
{ "type": "Feature", "properties": { "id": 5945761, "nimi": "Munkkivuori - Niemenmäki", "kunta_name": "Helsinki", "walk_min": 10.0, "walk_slow_min": 13.0, "risk": 0.663, "one_person_share": 0.575, "share_65plus": 0.166, "pop_est": 228.0 }, "geometry": { "type": "Polygon", "coordinates": [ [ [ 24.870965809375658, 60.205944360137416 ], [ 24.866458795140492, 60.205871914127947 ], [ 24.866313071630824, 60.208115102120232 ], [ 24.870820393133059, 60.208187554674922 ], [ 24.870965809375658, 60.205944360137416 ] ] ] } },
{ "type": "Feature", "properties": { "id": 5945762, "nimi": "Munkkivuori - Niemenmäki", "kunta_name": "Helsinki", "walk_min": 10.0, "walk_slow_min": 12.0, "risk": 0.663, "one_person_share": 0.575, "share_65plus": 0.166, "pop_est": 365.0 }, "geometry": { "type": "Polygon", "coordinates": [ [ [ 24.875472846722307, 60.206016653067422 ], [ 24.870965809375658, 60.205944360137416 ], [ 24.870820393133059, 60.208187554674922 ], [ 24.875327737751942, 60.208259854136386 ], [ 24.875472846722307, 60.206016653067422 ] ] ] } },
{ "type": "Feature", "properties": { "id": 5945764, "nimi": "Munkkivuori - Niemenmäki", "kunta_name": "Helsinki", "walk_min": 10.0, "walk_slow_min": 13.0, "risk": 0.663, "one_person_share": 0.575, "share_65plus": 0.166, "pop_est": 365.0 }, "geometry": { "type": "Polygon", "coordinates": [ [ [ 24.884486990555143, 60.206160779682854 ], [ 24.879979907131709, 60.206088792916425 ], [ 24.879835105438744, 60.208332000503027 ], [ 24.88434249614474, 60.208403993773281 ], [ 24.884486990555143, 60.206160779682854 ] ] ] } },
{ "type": "Feature", "properties": { "id": 5945770, "nimi": "Ruskeasuo", "kunta_name": "Helsinki", "walk_min": 12.0, "walk_slow_min": 16.0, "risk": 0.754, "one_person_share": 0.571, "share_65plus": 0.182, "pop_est": 40.0 }, "geometry": { "type": "Polygon", "coordinates": [ [ [ 24.911529971661871, 60.206589485460995 ], [ 24.907022751177472, 60.206518417222405 ], [ 24.90687979325676, 60.208761663624983 ], [ 24.911387321054409, 60.208832738284585 ], [ 24.911529971661871, 60.206589485460995 ] ] ] } },
{ "type": "Feature", "properties": { "id": 5945815, "nimi": "Puotila", "kunta_name": "Helsinki", "walk_min": 10.0, "walk_slow_min": 13.0, "risk": 0.829, "one_person_share": 0.587, "share_65plus": 0.195, "pop_est": 54.0 }, "geometry": { "type": "Polygon", "coordinates": [ [ [ 25.114377619927161, 60.209629081908716 ], [ 25.109869427428215, 60.209564904337689 ], [ 25.109740303475792, 60.211808426015445 ], [ 25.114248803505696, 60.211872609385985 ], [ 25.114377619927161, 60.209629081908716 ] ] ] } },
{ "type": "Feature", "properties": { "id": 5945818, "nimi": "Etelä-Vuosaari", "kunta_name": "Helsinki", "walk_min": 11.0, "walk_slow_min": 15.0, "risk": 0.693, "one_person_share": 0.483, "share_65plus": 0.202, "pop_est": 365.0 }, "geometry": { "type": "Polygon", "coordinates": [ [ [ 25.127902320099512, 60.209820695662962 ], [ 25.123394066311615, 60.209756977572724 ], [ 25.123265864965802, 60.212000516607588 ], [ 25.12777442629838, 60.212064240455874 ], [ 25.127902320099512, 60.209820695662962 ] ] ] } },
{ "type": "Feature", "properties": { "id": 5945819, "nimi": "Etelä-Vuosaari", "kunta_name": "Helsinki", "walk_min": 11.0, "walk_slow_min": 14.0, "risk": 0.693, "one_person_share": 0.483, "share_65plus": 0.202, "pop_est": 365.0 }, "geometry": { "type": "Polygon", "coordinates": [ [ [ 25.132410594219461, 60.209884260590165 ], [ 25.127902320099512, 60.209820695662962 ], [ 25.12777442629838, 60.212064240455874 ], [ 25.132283007967565, 60.212127811127324 ], [ 25.132410594219461, 60.209884260590165 ] ] ] } },
{ "type": "Feature", "properties": { "id": 5945828, "nimi": "Etelä-Vuosaari", "kunta_name": "Helsinki", "walk_min": 13.0, "walk_slow_min": 16.0, "risk": 0.693, "one_person_share": 0.483, "share_65plus": 0.202, "pop_est": 6.0 }, "geometry": { "type": "Polygon", "coordinates": [ [ [ 25.172985968188112, 60.210449452374291 ], [ 25.168477513276056, 60.210387265975498 ], [ 25.168352387580697, 60.212630861969174 ], [ 25.17286115008249, 60.212693053987813 ], [ 25.172985968188112, 60.210449452374291 ] ] ] } },
{ "type": "Feature", "properties": { "id": 5945829, "nimi": "Etelä-Vuosaari", "kunta_name": "Helsinki", "walk_min": 15.0, "walk_slow_min": 20.0, "risk": 0.693, "one_person_share": 0.483, "share_65plus": 0.202, "pop_est": 6.0 }, "geometry": { "type": "Polygon", "coordinates": [ [ [ 25.17749444294412, 60.210511485596498 ], [ 25.172985968188112, 60.210449452374291 ], [ 25.17286115008249, 60.212693053987813 ], [ 25.177369932432683, 60.212755092816067 ], [ 25.17749444294412, 60.210511485596498 ] ] ] } },
{ "type": "Feature", "properties": { "id": 5947562, "nimi": "Munkkiniemi", "kunta_name": "Helsinki", "walk_min": 14.0, "walk_slow_min": 18.0, "risk": 0.865, "one_person_share": 0.509, "share_65plus": 0.264, "pop_est": 1.0 }, "geometry": { "type": "Polygon", "coordinates": [ [ [ 24.853084513564358, 60.203410488385245 ], [ 24.848577899459801, 60.203337436673181 ], [ 24.848430970288909, 60.205580599326908 ], [ 24.852937891591012, 60.2056536576385 ], [ 24.853084513564358, 60.203410488385245 ] ] ] } },
{ "type": "Feature", "properties": { "id": 5947563, "nimi": "Munkkivuori - Niemenmäki", "kunta_name": "Helsinki", "walk_min": 16.0, "walk_slow_min": 21.0, "risk": 0.663, "one_person_share": 0.575, "share_65plus": 0.166, "pop_est": 228.0 }, "geometry": { "type": "Polygon", "coordinates": [ [ [ 24.857591150970038, 60.20348338703792 ], [ 24.853084513564358, 60.203410488385245 ], [ 24.852937891591012, 60.2056536576385 ], [ 24.857444836199448, 60.20572656287694 ], [ 24.857591150970038, 60.20348338703792 ] ] ] } },
{ "type": "Feature", "properties": { "id": 5947564, "nimi": "Munkkivuori - Niemenmäki", "kunta_name": "Helsinki", "walk_min": 15.0, "walk_slow_min": 20.0, "risk": 0.663, "one_person_share": 0.575, "share_65plus": 0.166, "pop_est": 228.0 }, "geometry": { "type": "Polygon", "coordinates": [ [ [ 24.862097811628139, 60.203556132629636 ], [ 24.857591150970038, 60.20348338703792 ], [ 24.857444836199448, 60.20572656287694 ], [ 24.861951804065512, 60.205799315040608 ], [ 24.862097811628139, 60.203556132629636 ] ] ] } },
{ "type": "Feature", "properties": { "id": 5947565, "nimi": "Munkkivuori - Niemenmäki", "kunta_name": "Helsinki", "walk_min": 10.0, "walk_slow_min": 13.0, "risk": 0.663, "one_person_share": 0.575, "share_65plus": 0.166, "pop_est": 228.0 }, "geometry": { "type": "Polygon", "coordinates": [ [ [ 24.866604495489955, 60.20362872515885 ], [ 24.862097811628139, 60.203556132629636 ], [ 24.861951804065512, 60.205799315040608 ], [ 24.866458795140492, 60.205871914127947 ], [ 24.866604495489955, 60.20362872515885 ] ] ] } },
{ "type": "Feature", "properties": { "id": 5947569, "nimi": "Munkkivuori - Niemenmäki", "kunta_name": "Helsinki", "walk_min": 10.0, "walk_slow_min": 13.0, "risk": 0.663, "one_person_share": 0.575, "share_65plus": 0.166, "pop_est": 365.0 }, "geometry": { "type": "Polygon", "coordinates": [ [ [ 24.884631462000236, 60.203917564619154 ], [ 24.880124685810632, 60.203845584355662 ], [ 24.879979907131709, 60.206088792916425 ], [ 24.884486990555143, 60.206160779682854 ], [ 24.884631462000236, 60.203917564619154 ] ] ] } },
{ "type": "Feature", "properties": { "id": 5947575, "nimi": "Ruskeasuo", "kunta_name": "Helsinki", "walk_min": 12.0, "walk_slow_min": 16.0, "risk": 0.754, "one_person_share": 0.571, "share_65plus": 0.182, "pop_est": 40.0 }, "geometry": { "type": "Polygon", "coordinates": [ [ [ 24.911672599596393, 60.204346231669405 ], [ 24.907165686376505, 60.204275169850959 ], [ 24.907022751177472, 60.206518417222405 ], [ 24.911529971661871, 60.206589485460995 ], [ 24.911672599596393, 60.204346231669405 ] ] ] } },
{ "type": "Feature", "properties": { "id": 5947633, "nimi": "Etelä-Vuosaari", "kunta_name": "Helsinki", "walk_min": 15.0, "walk_slow_min": 20.0, "risk": 0.693, "one_person_share": 0.483, "share_65plus": 0.202, "pop_est": 6.0 }, "geometry": { "type": "Polygon", "coordinates": [ [ [ 25.173110766449778, 60.20820584984034 ], [ 25.168602619078641, 60.208143669060647 ], [ 25.168477513276056, 60.210387265975498 ], [ 25.172985968188112, 60.210449452374291 ], [ 25.173110766449778, 60.20820584984034 ] ] ] } },
{ "type": "Feature", "properties": { "id": 5947634, "nimi": "Etelä-Vuosaari", "kunta_name": "Helsinki", "walk_min": 15.0, "walk_slow_min": 20.0, "risk": 0.693, "one_person_share": 0.483, "share_65plus": 0.202, "pop_est": 6.0 }, "geometry": { "type": "Polygon", "coordinates": [ [ [ 25.177618933660423, 60.208267877457281 ], [ 25.173110766449778, 60.20820584984034 ], [ 25.172985968188112, 60.210449452374291 ], [ 25.17749444294412, 60.210511485596498 ], [ 25.177618933660423, 60.208267877457281 ] ] ] } },
{ "type": "Feature", "properties": { "id": 5949365, "nimi": "Munkkiniemi", "kunta_name": "Helsinki", "walk_min": 16.0, "walk_slow_min": 21.0, "risk": 0.865, "one_person_share": 0.509, "share_65plus": 0.264, "pop_est": 68.0 }, "geometry": { "type": "Polygon", "coordinates": [ [ [ 24.857737442488212, 60.201240210220291 ], [ 24.853231112236585, 60.201167318152464 ], [ 24.853084513564358, 60.203410488385245 ], [ 24.857591150970038, 60.20348338703792 ], [ 24.857737442488212, 60.201240210220291 ] ] ] } },
{ "type": "Feature", "properties": { "id": 5949366, "nimi": "Munkkiniemi", "kunta_name": "Helsinki", "walk_min": 12.0, "walk_slow_min": 15.0, "risk": 0.865, "one_person_share": 0.509, "share_65plus": 0.264, "pop_est": 68.0 }, "geometry": { "type": "Polygon", "coordinates": [ [ [ 24.862243795987052, 60.201312949240965 ], [ 24.857737442488212, 60.201240210220291 ], [ 24.857591150970038, 60.20348338703792 ], [ 24.862097811628139, 60.203556132629636 ], [ 24.862243795987052, 60.201312949240965 ] ] ] } },
{ "type": "Feature", "properties": { "id": 5949367, "nimi": "Munkkiniemi", "kunta_name": "Helsinki", "walk_min": 10.0, "walk_slow_min": 12.0, "risk": 0.865, "one_person_share": 0.509, "share_65plus": 0.264, "pop_est": 68.0 }, "geometry": { "type": "Polygon", "coordinates": [ [ [ 24.866750172684416, 60.201385535212907 ], [ 24.862243795987052, 60.201312949240965 ], [ 24.862097811628139, 60.203556132629636 ], [ 24.866604495489955, 60.20362872515885 ], [ 24.866750172684416, 60.201385535212907 ] ] ] } },
{ "type": "Feature", "properties": { "id": 5949376, "nimi": "Ruskeasuo", "kunta_name": "Helsinki", "walk_min": 10.0, "walk_slow_min": 13.0, "risk": 0.754, "one_person_share": 0.571, "share_65plus": 0.182, "pop_est": 537.0 }, "geometry": { "type": "Polygon", "coordinates": [ [ [ 24.907308598858958, 60.202031921510645 ], [ 24.902802015566369, 60.201960713047242 ], [ 24.902658795873204, 60.204203954954508 ], [ 24.907165686376505, 60.204275169850959 ], [ 24.907308598858958, 60.202031921510645 ] ] ] } },
{ "type": "Feature", "properties": { "id": 5949402, "nimi": "Länsi-Herttoniemi", "kunta_name": "Helsinki", "walk_min": 11.0, "walk_slow_min": 15.0, "risk": 0.704, "one_person_share": 0.577, "share_65plus": 0.173, "pop_est": 145.0 }, "geometry": { "type": "Polygon", "coordinates": [ [ [ 25.024487593697717, 60.203829611596639 ], [ 25.019980435741004, 60.203762383292066 ], [ 25.019845205150677, 60.206005787973183 ], [ 25.024352670446781, 60.206073022351923 ], [ 25.024487593697717, 60.203829611596639 ] ] ] } },
{ "type": "Feature", "properties": { "id": 5949435, "nimi": "Etelä-Vuosaari", "kunta_name": "Helsinki", "walk_min": 11.0, "walk_slow_min": 14.0, "risk": 0.693, "one_person_share": 0.483, "share_65plus": 0.202, "pop_est": 9.0 }, "geometry": { "type": "Polygon", "coordinates": [ [ [ 25.17323554487194, 60.205962246385923 ], [ 25.168727704992918, 60.205900071224583 ], [ 25.168602619078641, 60.208143669060647 ], [ 25.173110766449778, 60.20820584984034 ], [ 25.17323554487194, 60.205962246385923 ] ] ] } },
{ "type": "Feature", "properties": { "id": 5951164, "nimi": "Munkkiniemi", "kunta_name": "Helsinki", "walk_min": 14.0, "walk_slow_min": 18.0, "risk": 0.865, "one_person_share": 0.509, "share_65plus": 0.264, "pop_est": 68.0 }, "geometry": { "type": "Polygon", "coordinates": [ [ [ 24.86238975714744, 60.199069764874579 ], [ 24.857883710759165, 60.19899703242406 ], [ 24.857737442488212, 60.201240210220291 ], [ 24.862243795987052, 60.201312949240965 ], [ 24.86238975714744, 60.199069764874579 ] ] ] } },
{ "type": "Feature", "properties": { "id": 5951165, "nimi": "Munkkiniemi", "kunta_name": "Helsinki", "walk_min": 10.0, "walk_slow_min": 13.0, "risk": 0.865, "one_person_share": 0.509, "share_65plus": 0.264, "pop_est": 68.0 }, "geometry": { "type": "Polygon", "coordinates": [ [ [ 24.866895826729049, 60.199142344290145 ], [ 24.86238975714744, 60.199069764874579 ], [ 24.862243795987052, 60.201312949240965 ], [ 24.866750172684416, 60.201385535212907 ], [ 24.866895826729049, 60.199142344290145 ] ] ] } },
{ "type": "Feature", "properties": { "id": 5951170, "nimi": "Munkkiniemi", "kunta_name": "Helsinki", "walk_min": 10.0, "walk_slow_min": 13.0, "risk": 0.865, "one_person_share": 0.509, "share_65plus": 0.264, "pop_est": 538.0 }, "geometry": { "type": "Polygon", "coordinates": [ [ [ 24.889426520833016, 60.199502945789469 ], [ 24.884920336015057, 60.199431131571934 ], [ 24.88477591048516, 60.201674348582166 ], [ 24.889282402444675, 60.201746169287077 ], [ 24.889426520833016, 60.199502945789469 ] ] ] } },
{ "type": "Feature", "properties": { "id": 5951220, "nimi": "Etelä-Vuosaari", "kunta_name": "Helsinki", "walk_min": 13.0, "walk_slow_min": 17.0, "risk": 0.693, "one_person_share": 0.483, "share_65plus": 0.202, "pop_est": 257.0 }, "geometry": { "type": "Polygon", "coordinates": [ [ [ 25.11476394633921, 60.202898493893635 ], [ 25.11025667614037, 60.20283433371641 ], [ 25.110127613755903, 60.205077858188176 ], [ 25.114635191339335, 60.205142024162519 ], [ 25.11476394633921, 60.202898493893635 ] ] ] } },
{ "type": "Feature", "properties": { "id": 5951233, "nimi": "Aurinkolahti", "kunta_name": "Helsinki", "walk_min": 15.0, "walk_slow_min": 19.0, "risk": 0.754, "one_person_share": 0.488, "share_65plus": 0.218, "pop_est": 9.0 }, "geometry": { "type": "Polygon", "coordinates": [ [ [ 25.173360303459035, 60.203718642011111 ], [ 25.168852771023335, 60.203656472467316 ], [ 25.168727704992918, 60.205900071224583 ], [ 25.17323554487194, 60.205962246385923 ], [ 25.173360303459035, 60.203718642011111 ] ] ] } },
{ "type": "Feature", "properties": { "id": 5951234, "nimi": "Aurinkolahti", "kunta_name": "Helsinki", "walk_min": 12.0, "walk_slow_min": 15.0, "risk": 0.754, "one_person_share": 0.488, "share_65plus": 0.218, "pop_est": 9.0 }, "geometry": { "type": "Polygon", "coordinates": [ [ [ 25.177867855725356, 60.203780658419774 ], [ 25.173360303459035, 60.203718642011111 ], [ 25.17323554487194, 60.205962246385923 ], [ 25.177743404586025, 60.206024268398345 ], [ 25.177867855725356, 60.203780658419774 ] ] ] } },
{ "type": "Feature", "properties": { "id": 5953013, "nimi": "Etelä-Vuosaari", "kunta_name": "Helsinki", "walk_min": 12.0, "walk_slow_min": 15.0, "risk": 0.693, "one_person_share": 0.483, "share_65plus": 0.202, "pop_est": 257.0 }, "geometry": { "type": "Polygon", "coordinates": [ [ [ 25.110385718011372, 60.200590808313315 ], [ 25.105878775657228, 60.200526500830243 ], [ 25.105749426454992, 60.202770020423166 ], [ 25.11025667614037, 60.20283433371641 ], [ 25.110385718011372, 60.200590808313315 ] ] ] } },
{ "type": "Feature", "properties": { "id": 5953017, "nimi": "Etelä-Vuosaari", "kunta_name": "Helsinki", "walk_min": 10.0, "walk_slow_min": 13.0, "risk": 0.693, "one_person_share": 0.483, "share_65plus": 0.202, "pop_est": 444.0 }, "geometry": { "type": "Polygon", "coordinates": [ [ [ 25.128413692029092, 60.200846507209398 ], [ 25.123906667932005, 60.200782812143579 ], [ 25.12377854808221, 60.203026354894334 ], [ 25.128285879528836, 60.203090055715073 ], [ 25.128413692029092, 60.200846507209398 ] ] ] } },
{ "type": "Feature", "properties": { "id": 5953028, "nimi": "Aurinkolahti", "kunta_name": "Helsinki", "walk_min": 12.0, "walk_slow_min": 15.0, "risk": 0.754, "one_person_share": 0.488, "share_65plus": 0.218, "pop_est": 9.0 }, "geometry": { "type": "Polygon", "coordinates": [ [ [ 25.177992287082848, 60.201537047521512 ], [ 25.173485042215503, 60.201475036715841 ], [ 25.173360303459035, 60.203718642011111 ], [ 25.177867855725356, 60.203780658419774 ], [ 25.177992287082848, 60.201537047521512 ] ] ] } },
{ "type": "Feature", "properties": { "id": 5954802, "nimi": "Etelä-Vuosaari", "kunta_name": "Helsinki", "walk_min": 16.0, "walk_slow_min": 21.0, "risk": 0.693, "one_person_share": 0.483, "share_65plus": 0.202, "pop_est": 50.0 }, "geometry": { "type": "Polygon", "coordinates": [ [ [ 25.106008104301843, 60.198282980305194 ], [ 25.101501489783196, 60.198218525544419 ], [ 25.101371853860702, 60.2004620402463 ], [ 25.105878775657228, 60.200526500830243 ], [ 25.106008104301843, 60.198282980305194 ] ] ] } },
{ "type": "Feature", "properties": { "id": 5954803, "nimi": "Etelä-Vuosaari", "kunta_name": "Helsinki", "walk_min": 15.0, "walk_slow_min": 20.0, "risk": 0.693, "one_person_share": 0.483, "share_65plus": 0.202, "pop_est": 257.0 }, "geometry": { "type": "Polygon", "coordinates": [ [ [ 25.11051473937351, 60.19834728197889 ], [ 25.106008104301843, 60.198282980305194 ], [ 25.105878775657228, 60.200526500830243 ], [ 25.110385718011372, 60.200590808313315 ], [ 25.11051473937351, 60.19834728197889 ] ] ] } },
{ "type": "Feature", "properties": { "id": 5954804, "nimi": "Etelä-Vuosaari", "kunta_name": "Helsinki", "walk_min": 12.0, "walk_slow_min": 16.0, "risk": 0.693, "one_person_share": 0.483, "share_65plus": 0.202, "pop_est": 257.0 }, "geometry": { "type": "Polygon", "coordinates": [ [ [ 25.115021394949451, 60.198411430564178 ], [ 25.11051473937351, 60.19834728197889 ], [ 25.110385718011372, 60.200590808313315 ], [ 25.114892680874387, 60.20065496269418 ], [ 25.115021394949451, 60.198411430564178 ] ] ] } },
{ "type": "Feature", "properties": { "id": 5954806, "nimi": "Etelä-Vuosaari", "kunta_name": "Helsinki", "walk_min": 10.0, "walk_slow_min": 13.0, "risk": 0.693, "one_person_share": 0.483, "share_65plus": 0.202, "pop_est": 257.0 }, "geometry": { "type": "Polygon", "coordinates": [ [ [ 25.124034767419193, 60.198539268463875 ], [ 25.119528070980927, 60.19847542605963 ], [ 25.119399664197516, 60.200718963971376 ], [ 25.123906667932005, 60.200782812143579 ], [ 25.124034767419193, 60.198539268463875 ] ] ] } },
{ "type": "Feature", "properties": { "id": 5954817, "nimi": "Aurinkolahti", "kunta_name": "Helsinki", "walk_min": 10.0, "walk_slow_min": 13.0, "risk": 0.754, "one_person_share": 0.488, "share_65plus": 0.218, "pop_est": 9.0 }, "geometry": { "type": "Polygon", "coordinates": [ [ [ 25.173609761145794, 60.19923143050012 ], [ 25.1691028434504, 60.199169272189167 ], [ 25.168977817174344, 60.20141287278885 ], [ 25.173485042215503, 60.201475036715841 ], [ 25.173609761145794, 60.19923143050012 ] ] ] } },
{ "type": "Feature", "properties": { "id": 5956542, "nimi": "Pohjois-Meilahti", "kunta_name": "Helsinki", "walk_min": 10.0, "walk_slow_min": 13.0, "risk": 0.746, "one_person_share": 0.609, "share_65plus": 0.177, "pop_est": 250.0 }, "geometry": { "type": "Polygon", "coordinates": [ [ [ 24.898869334590945, 60.192916399973683 ], [ 24.894364025182551, 60.192844911220298 ], [ 24.894220282483076, 60.19508814410591 ], [ 24.898725898897215, 60.195159639316429 ], [ 24.898869334590945, 60.192916399973683 ] ] ] } },
{ "type": "Feature", "properties": { "id": 5956588, "nimi": "Etelä-Vuosaari", "kunta_name": "Helsinki", "walk_min": 13.0, "walk_slow_min": 18.0, "risk": 0.693, "one_person_share": 0.483, "share_65plus": 0.202, "pop_est": 0.0 }, "geometry": { "type": "Polygon", "coordinates": [ [ [ 25.106137412393437, 60.196039458848006 ], [ 25.10163110510393, 60.195975009909638 ], [ 25.101501489783196, 60.198218525544419 ], [ 25.106008104301843, 60.198282980305194 ], [ 25.106137412393437, 60.196039458848006 ] ] ] } },
{ "type": "Feature", "properties": { "id": 5956589, "nimi": "Etelä-Vuosaari", "kunta_name": "Helsinki", "walk_min": 11.0, "walk_slow_min": 14.0, "risk": 0.693, "one_person_share": 0.483, "share_65plus": 0.202, "pop_est": 66.0 }, "geometry": { "type": "Polygon", "coordinates": [ [ [ 25.110643740231367, 60.19610375471315 ], [ 25.106137412393437, 60.196039458848006 ], [ 25.106008104301843, 60.198282980305194 ], [ 25.11051473937351, 60.19834728197889 ], [ 25.110643740231367, 60.19610375471315 ] ] ] } },
{ "type": "Feature", "properties": { "id": 5956602, "nimi": "Aurinkolahti", "kunta_name": "Helsinki", "walk_min": 10.0, "walk_slow_min": 13.0, "risk": 0.754, "one_person_share": 0.488, "share_65plus": 0.218, "pop_est": 0.0 }, "geometry": { "type": "Polygon", "coordinates": [ [ [ 25.16922784985595, 60.196925670668286 ], [ 25.16472125932362, 60.196863364880279 ], [ 25.164595945625514, 60.19910696077207 ], [ 25.1691028434504, 60.199169272189167 ], [ 25.16922784985595, 60.196925670668286 ] ] ] } },
{ "type": "Feature", "properties": { "id": 5956603, "nimi": "Aurinkolahti", "kunta_name": "Helsinki", "walk_min": 12.0, "walk_slow_min": 16.0, "risk": 0.754, "one_person_share": 0.488, "share_65plus": 0.218, "pop_est": 0.0 }, "geometry": { "type": "Polygon", "coordinates": [ [ [ 25.173734460254337, 60.196987823363969 ], [ 25.16922784985595, 60.196925670668286 ], [ 25.1691028434504, 60.199169272189167 ], [ 25.173609761145794, 60.19923143050012 ], [ 25.173734460254337, 60.196987823363969 ] ] ] } },
{ "type": "Feature", "properties": { "id": 5958319, "nimi": "Munkkiniemi", "kunta_name": "Helsinki", "walk_min": 10.0, "walk_slow_min": 12.0, "risk": 0.865, "one_person_share": 0.509, "share_65plus": 0.264, "pop_est": 44.0 }, "geometry": { "type": "Polygon", "coordinates": [ [ [ 24.876487964046689, 60.190314218283866 ], [ 24.871983076242152, 60.190241971049026 ], [ 24.871837821671292, 60.192485172417896 ], [ 24.876343016407251, 60.192557426177949 ], [ 24.876487964046689, 60.190314218283866 ] ] ] } },
{ "type": "Feature", "properties": { "id": 5958369, "nimi": "Etelä-Vuosaari", "kunta_name": "Helsinki", "walk_min": 12.0, "walk_slow_min": 16.0, "risk": 0.693, "one_person_share": 0.483, "share_65plus": 0.202, "pop_est": 0.0 }, "geometry": { "type": "Polygon", "coordinates": [ [ [ 25.101760699827508, 60.193731493341936 ], [ 25.097254720310946, 60.193666897167098 ], [ 25.097124818411569, 60.195910407899405 ], [ 25.10163110510393, 60.195975009909638 ], [ 25.101760699827508, 60.193731493341936 ] ] ] } },
{ "type": "Feature", "properties": { "id": 5958370, "nimi": "Etelä-Vuosaari", "kunta_name": "Helsinki", "walk_min": 13.0, "walk_slow_min": 17.0, "risk": 0.693, "one_person_share": 0.483, "share_65plus": 0.202, "pop_est": 0.0 }, "geometry": { "type": "Polygon", "coordinates": [ [ [ 25.106266699936612, 60.193795936458734 ], [ 25.101760699827508, 60.193731493341936 ], [ 25.10163110510393, 60.195975009909638 ], [ 25.106137412393437, 60.196039458848006 ], [ 25.106266699936612, 60.193795936458734 ] ] ] } },
{ "type": "Feature", "properties": { "id": 5958371, "nimi": "Etelä-Vuosaari", "kunta_name": "Helsinki", "walk_min": 10.0, "walk_slow_min": 13.0, "risk": 0.693, "one_person_share": 0.483, "share_65plus": 0.202, "pop_est": 66.0 }, "geometry": { "type": "Polygon", "coordinates": [ [ [ 25.110772720589537, 60.193860226516058 ], [ 25.106266699936612, 60.193795936458734 ], [ 25.106137412393437, 60.196039458848006 ], [ 25.110643740231367, 60.19610375471315 ], [ 25.110772720589537, 60.193860226516058 ] ] ] } },
{ "type": "Feature", "properties": { "id": 5958377, "nimi": "Etelä-Vuosaari", "kunta_name": "Helsinki", "walk_min": 10.0, "walk_slow_min": 11.0, "risk": 0.693, "one_person_share": 0.483, "share_65plus": 0.202, "pop_est": 14.0 }, "geometry": { "type": "Polygon", "coordinates": [ [ [ 25.137809273198833, 60.194242752534407 ], [ 25.133303130306174, 60.194179380862693 ], [ 25.133175685941644, 60.19642293789169 ], [ 25.137682136046681, 60.19648631528834 ], [ 25.137809273198833, 60.194242752534407 ] ] ] } },
{ "type": "Feature", "properties": { "id": 5958385, "nimi": "Aurinkolahti", "kunta_name": "Helsinki", "walk_min": 11.0, "walk_slow_min": 15.0, "risk": 0.754, "one_person_share": 0.488, "share_65plus": 0.218, "pop_est": 0.0 }, "geometry": { "type": "Polygon", "coordinates": [ [ [ 25.17385913954557, 60.19474421530736 ], [ 25.16935283639544, 60.194682068226207 ], [ 25.16922784985595, 60.196925670668286 ], [ 25.173734460254337, 60.196987823363969 ], [ 25.17385913954557, 60.19474421530736 ] ] ] } },
{ "type": "Feature", "properties": { "id": 5958386, "nimi": "Aurinkolahti", "kunta_name": "Helsinki", "walk_min": 11.0, "walk_slow_min": 14.0, "risk": 0.754, "one_person_share": 0.488, "share_65plus": 0.218, "pop_est": 0.0 }, "geometry": { "type": "Polygon", "coordinates": [ [ [ 25.178365462508573, 60.194806209308659 ], [ 25.17385913954557, 60.19474421530736 ], [ 25.173734460254337, 60.196987823363969 ], [ 25.178241090470028, 60.197049822965951 ], [ 25.178365462508573, 60.194806209308659 ] ] ] } },
{ "type": "Feature", "properties": { "id": 5960155, "nimi": "Etelä-Vuosaari", "kunta_name": "Helsinki", "walk_min": 11.0, "walk_slow_min": 13.0, "risk": 0.693, "one_person_share": 0.483, "share_65plus": 0.202, "pop_est": 14.0 }, "geometry": { "type": "Polygon", "coordinates": [ [ [ 25.137936390148241, 60.191999188853842 ], [ 25.133430554419224, 60.191935822906323 ], [ 25.133303130306174, 60.194179380862693 ], [ 25.137809273198833, 60.194242752534407 ], [ 25.137936390148241, 60.191999188853842 ] ] ] } },
{ "type": "Feature", "properties": { "id": 5960156, "nimi": "Etelä-Vuosaari", "kunta_name": "Helsinki", "walk_min": 14.0, "walk_slow_min": 19.0, "risk": 0.693, "one_person_share": 0.483, "share_65plus": 0.202, "pop_est": 14.0 }, "geometry": { "type": "Polygon", "coordinates": [ [ [ 25.142442246075483, 60.192062401746085 ], [ 25.137936390148241, 60.191999188853842 ], [ 25.137809273198833, 60.194242752534407 ], [ 25.142315436294243, 60.194305971137013 ], [ 25.142442246075483, 60.192062401746085 ] ] ] } },
{ "type": "Feature", "properties": { "id": 5960157, "nimi": "Etelä-Vuosaari", "kunta_name": "Helsinki", "walk_min": 15.0, "walk_slow_min": 20.0, "risk": 0.693, "one_person_share": 0.483, "share_65plus": 0.202, "pop_est": 1.0 }, "geometry": { "type": "Polygon", "coordinates": [ [ [ 25.146948122152232, 60.192125461581703 ], [ 25.142442246075483, 60.192062401746085 ], [ 25.142315436294243, 60.194305971137013 ], [ 25.146821619543672, 60.194369036669208 ], [ 25.146948122152232, 60.192125461581703 ] ] ] } },
{ "type": "Feature", "properties": { "id": 5961929, "nimi": "Etelä-Vuosaari", "kunta_name": "Helsinki", "walk_min": 15.0, "walk_slow_min": 19.0, "risk": 0.693, "one_person_share": 0.483, "share_65plus": 0.202, "pop_est": 14.0 }, "geometry": { "type": "Polygon", "coordinates": [ [ [ 25.138063486899419, 60.189755624246672 ], [ 25.13355795828533, 60.189692264022561 ], [ 25.133430554419224, 60.191935822906323 ], [ 25.137936390148241, 60.191999188853842 ], [ 25.138063486899419, 60.189755624246672 ] ] ] } },
{ "type": "Feature", "properties": { "id": 5961930, "nimi": "Etelä-Vuosaari", "kunta_name": "Helsinki", "walk_min": 12.0, "walk_slow_min": 16.0, "risk": 0.693, "one_person_share": 0.483, "share_65plus": 0.202, "pop_est": 14.0 }, "geometry": { "type": "Polygon", "coordinates": [ [ [ 25.142569035707211, 60.189818831429321 ], [ 25.138063486899419, 60.189755624246672 ], [ 25.137936390148241, 60.191999188853842 ], [ 25.142442246075483, 60.192062401746085 ], [ 25.142569035707211, 60.189818831429321 ] ] ] } },
{ "type": "Feature", "properties": { "id": 5961931, "nimi": "Etelä-Vuosaari", "kunta_name": "Helsinki", "walk_min": 12.0, "walk_slow_min": 15.0, "risk": 0.693, "one_person_share": 0.483, "share_65plus": 0.202, "pop_est": 1.0 }, "geometry": { "type": "Polygon", "coordinates": [ [ [ 25.147074604660002, 60.189881885569136 ], [ 25.142569035707211, 60.189818831429321 ], [ 25.142442246075483, 60.192062401746085 ], [ 25.146948122152232, 60.192125461581703 ], [ 25.147074604660002, 60.189881885569136 ] ] ] } },
{ "type": "Feature", "properties": { "id": 5963681, "nimi": "Yliskylä", "kunta_name": "Helsinki", "walk_min": 14.0, "walk_slow_min": 18.0, "risk": 0.76, "one_person_share": 0.462, "share_65plus": 0.247, "pop_est": 199.0 }, "geometry": { "type": "Polygon", "coordinates": [ [ [ 25.057099711721865, 60.186348265788389 ], [ 25.052594861905025, 60.186282157025474 ], [ 25.052461951874516, 60.188525611469871 ], [ 25.056967108674371, 60.188591726203796 ], [ 25.057099711721865, 60.186348265788389 ] ] ] } },
{ "type": "Feature", "properties": { "id": 5965420, "nimi": "Keski-Töölö", "kunta_name": "Helsinki", "walk_min": 11.0, "walk_slow_min": 13.0, "risk": 0.909, "one_person_share": 0.54, "share_65plus": 0.253, "pop_est": 154.0 }, "geometry": { "type": "Polygon", "coordinates": [ [ [ 24.935617187594463, 60.182266334686567 ], [ 24.931113231742053, 60.182196101744815 ], [ 24.930972057419666, 60.184439390723576 ], [ 24.935476320075061, 60.184509630007824 ], [ 24.935617187594463, 60.182266334686567 ] ] ] } },
{ "type": "Feature", "properties": { "id": 5965445, "nimi": "Yliskylä", "kunta_name": "Helsinki", "walk_min": 10.0, "walk_slow_min": 13.0, "risk": 0.76, "one_person_share": 0.462, "share_65plus": 0.247, "pop_est": 169.0 }, "geometry": { "type": "Polygon", "coordinates": [ [ [ 25.048223229048315, 60.183972445859176 ], [ 25.043718728433387, 60.183906037093074 ], [ 25.04358522566254, 60.186149480497498 ], [ 25.048090033202364, 60.186215895261356 ], [ 25.048223229048315, 60.183972445859176 ] ] ] } },
{ "type": "Feature", "properties": { "id": 5965447, "nimi": "Yliskylä", "kunta_name": "Helsinki", "walk_min": 11.0, "walk_slow_min": 14.0, "risk": 0.76, "one_person_share": 0.462, "share_65plus": 0.247, "pop_est": 199.0 }, "geometry": { "type": "Polygon", "coordinates": [ [ [ 25.057232293703848, 60.184104804432074 ], [ 25.052727750821361, 60.184038701639317 ], [ 25.052594861905025, 60.186282157025474 ], [ 25.057099711721865, 60.186348265788389 ], [ 25.057232293703848, 60.184104804432074 ] ] ] } },
{ "type": "Feature", "properties": { "id": 5965448, "nimi": "Yliskylä", "kunta_name": "Helsinki", "walk_min": 13.0, "walk_slow_min": 18.0, "risk": 0.76, "one_person_share": 0.462, "share_65plus": 0.247, "pop_est": 199.0 }, "geometry": { "type": "Polygon", "coordinates": [ [ [ 25.06173685764713, 60.184170754236035 ], [ 25.057232293703848, 60.184104804432074 ], [ 25.057099711721865, 60.186348265788389 ], [ 25.0616045826042, 60.186414221548716 ], [ 25.06173685764713, 60.184170754236035 ] ] ] } },
{ "type": "Feature", "properties": { "id": 5967174, "nimi": "Keski-Töölö", "kunta_name": "Helsinki", "walk_min": 12.0, "walk_slow_min": 15.0, "risk": 0.909, "one_person_share": 0.54, "share_65plus": 0.253, "pop_est": 154.0 }, "geometry": { "type": "Polygon", "coordinates": [ [ [ 24.935758032739763, 60.180023038401771 ], [ 24.931254383641715, 60.179952811801648 ], [ 24.931113231742053, 60.182196101744815 ], [ 24.935617187594463, 60.182266334686567 ], [ 24.935758032739763, 60.180023038401771 ] ] ] } },
{ "type": "Feature", "properties": { "id": 5967202, "nimi": "Yliskylä", "kunta_name": "Helsinki", "walk_min": 13.0, "walk_slow_min": 17.0, "risk": 0.76, "one_person_share": 0.462, "share_65plus": 0.247, "pop_est": 199.0 }, "geometry": { "type": "Polygon", "coordinates": [ [ [ 25.061869111677929, 60.181927285983207 ], [ 25.057364854625046, 60.181861342134837 ], [ 25.057232293703848, 60.184104804432074 ], [ 25.06173685764713, 60.184170754236035 ], [ 25.061869111677929, 60.181927285983207 ] ] ] } },
{ "type": "Feature", "properties": { "id": 5968817, "nimi": "Keski-Töölö", "kunta_name": "Helsinki", "walk_min": 12.0, "walk_slow_min": 15.0, "risk": 0.909, "one_person_share": 0.54, "share_65plus": 0.253, "pop_est": 154.0 }, "geometry": { "type": "Polygon", "coordinates": [ [ [ 24.935898855515966, 60.177779741153458 ], [ 24.931395513123672, 60.177709520894069 ], [ 24.931254383641715, 60.179952811801648 ], [ 24.935758032739763, 60.180023038401771 ], [ 24.935898855515966, 60.177779741153458 ] ] ] } },
{ "type": "Feature", "properties": { "id": 5968819, "nimi": "Kallio", "kunta_name": "Helsinki", "walk_min": 10.0, "walk_slow_min": 12.0, "risk": 0.677, "one_person_share": 0.666, "share_65plus": 0.16, "pop_est": 154.0 }, "geometry": { "type": "Polygon", "coordinates": [ [ [ 24.944905607344236, 60.177919722905727 ], [ 24.94040222027235, 60.177849808491175 ], [ 24.940261704206907, 60.180093112066487 ], [ 24.944765397994537, 60.180163032794248 ], [ 24.944905607344236, 60.177919722905727 ] ] ] } },
{ "type": "Feature", "properties": { "id": 5968825, "nimi": "Kallio", "kunta_name": "Helsinki", "walk_min": 10.0, "walk_slow_min": 12.0, "risk": 0.677, "one_person_share": 0.666, "share_65plus": 0.16, "pop_est": 407.0 }, "geometry": { "type": "Polygon", "coordinates": [ [ [ 24.971926395679073, 60.178335997922581 ], [ 24.967422875734925, 60.178267001078503 ], [ 24.967284200038481, 60.180510342326208 ], [ 24.971788026728106, 60.180579345400766 ], [ 24.971926395679073, 60.178335997922581 ] ] ] } },
{ "type": "Feature", "properties": { "id": 5968842, "nimi": "Yliskylä", "kunta_name": "Helsinki", "walk_min": 12.0, "walk_slow_min": 15.0, "risk": 0.76, "one_person_share": 0.462, "share_65plus": 0.247, "pop_est": 169.0 }, "geometry": { "type": "Polygon", "coordinates": [ [ [ 25.048489557270639, 60.179485544227113 ], [ 25.043985670359522, 60.17941914745407 ], [ 25.043852209997461, 60.181662592745262 ], [ 25.048356403736165, 60.181728995514426 ], [ 25.048489557270639, 60.179485544227113 ] ] ] } },
{ "type": "Feature", "properties": { "id": 5970478, "nimi": "Yliskylä", "kunta_name": "Helsinki", "walk_min": 11.0, "walk_slow_min": 14.0, "risk": 0.76, "one_person_share": 0.462, "share_65plus": 0.247, "pop_est": 146.0 }, "geometry": { "type": "Polygon", "coordinates": [ [ [ 25.026105001407199, 60.176908608691306 ], [ 25.021601527723927, 60.17684145321212 ], [ 25.021466554735746, 60.179084869263342 ], [ 25.025970335174151, 60.179152030806769 ], [ 25.026105001407199, 60.176908608691306 ] ] ] } },
{ "type": "Feature", "properties": { "id": 5970482, "nimi": "Yliskylä", "kunta_name": "Helsinki", "walk_min": 11.0, "walk_slow_min": 14.0, "risk": 0.76, "one_person_share": 0.462, "share_65plus": 0.247, "pop_est": 280.0 }, "geometry": { "type": "Polygon", "coordinates": [ [ [ 25.044119109524303, 60.177175701219518 ], [ 25.039615550584664, 60.177109157498627 ], [ 25.039481804645678, 60.179352597724076 ], [ 25.043985670359522, 60.17941914745407 ], [ 25.044119109524303, 60.177175701219518 ] ] ] } },
{ "type": "Feature", "properties": { "id": 5970483, "nimi": "Yliskylä", "kunta_name": "Helsinki", "walk_min": 15.0, "walk_slow_min": 19.0, "risk": 0.76, "one_person_share": 0.462, "share_65plus": 0.247, "pop_est": 280.0 }, "geometry": { "type": "Polygon", "coordinates": [ [ [ 25.048622689656472, 60.177242091997257 ], [ 25.044119109524303, 60.177175701219518 ], [ 25.043985670359522, 60.17941914745407 ], [ 25.048489557270639, 60.179485544227113 ], [ 25.048622689656472, 60.177242091997257 ] ] ] } },
{ "type": "Feature", "properties": { "id": 5972121, "nimi": "Yliskylä", "kunta_name": "Helsinki", "walk_min": 10.0, "walk_slow_min": 13.0, "risk": 0.76, "one_person_share": 0.462, "share_65plus": 0.247, "pop_est": 280.0 }, "geometry": { "type": "Polygon", "coordinates": [ [ [ 25.039749275282496, 60.174865716328988 ], [ 25.035246044304852, 60.174799025688429 ], [ 25.035112012886191, 60.177042460836006 ], [ 25.039615550584664, 60.177109157498627 ], [ 25.039749275282496, 60.174865716328988 ] ] ] } },
{ "type": "Feature", "properties": { "id": 5972122, "nimi": "Yliskylä", "kunta_name": "Helsinki", "walk_min": 11.0, "walk_slow_min": 15.0, "risk": 0.76, "one_person_share": 0.462, "share_65plus": 0.247, "pop_est": 280.0 }, "geometry": { "type": "Polygon", "coordinates": [ [ [ 25.044252527496546, 60.174932254041622 ], [ 25.039749275282496, 60.174865716328988 ], [ 25.039615550584664, 60.177109157498627 ], [ 25.044119109524303, 60.177175701219518 ], [ 25.044252527496546, 60.174932254041622 ] ] ] } },
{ "type": "Feature", "properties": { "id": 5973730, "nimi": "Helsinki keskusta - Etu-Töölö", "kunta_name": "Helsinki", "walk_min": 12.0, "walk_slow_min": 15.0, "risk": 0.715, "one_person_share": 0.526, "share_65plus": 0.185, "pop_est": 0.0 }, "geometry": { "type": "Polygon", "coordinates": [ [ [ 24.909306991216674, 60.170626343021503 ], [ 24.904804703764487, 60.17055522452906 ], [ 24.904661802251223, 60.172798480011544 ], [ 24.909164396233177, 60.172869604924792 ], [ 24.909306991216674, 60.170626343021503 ] ] ] } },
{ "type": "Feature", "properties": { "id": 5973731, "nimi": "Helsinki keskusta - Etu-Töölö", "kunta_name": "Helsinki", "walk_min": 11.0, "walk_slow_min": 14.0, "risk": 0.715, "one_person_share": 0.526, "share_65plus": 0.185, "pop_est": 747.0 }, "geometry": { "type": "Polygon", "coordinates": [ [ [ 24.913809301309328, 60.170697308642737 ], [ 24.909306991216674, 60.170626343021503 ], [ 24.909164396233177, 60.172869604924792 ], [ 24.91366701286066, 60.17294057695306 ], [ 24.913809301309328, 60.170697308642737 ] ] ] } },
{ "type": "Feature", "properties": { "id": 5973764, "nimi": "Yliskylä", "kunta_name": "Helsinki", "walk_min": 11.0, "walk_slow_min": 14.0, "risk": 0.76, "one_person_share": 0.462, "share_65plus": 0.247, "pop_est": 25.0 }, "geometry": { "type": "Polygon", "coordinates": [ [ [ 25.062397917773847, 60.172953403570844 ], [ 25.057894887796163, 60.172887483536599 ], [ 25.057762411071018, 60.175130949597538 ], [ 25.062265747744561, 60.175196875584092 ], [ 25.062397917773847, 60.172953403570844 ] ] ] } },
{ "type": "Feature", "properties": { "id": 5975402, "nimi": "Yliskylä", "kunta_name": "Helsinki", "walk_min": 12.0, "walk_slow_min": 16.0, "risk": 0.76, "one_person_share": 0.462, "share_65plus": 0.247, "pop_est": 25.0 }, "geometry": { "type": "Polygon", "coordinates": [ [ [ 25.067032811128868, 60.170775691792734 ], [ 25.062530066814496, 60.170709930617491 ], [ 25.062397917773847, 60.172953403570844 ], [ 25.066900968740168, 60.173019170683808 ], [ 25.067032811128868, 60.170775691792734 ] ] ] } },
{ "type": "Feature", "properties": { "id": 5977035, "nimi": "Yliskylä", "kunta_name": "Helsinki", "walk_min": 10.0, "walk_slow_min": 13.0, "risk": 0.76, "one_person_share": 0.462, "share_65plus": 0.247, "pop_est": 64.0 }, "geometry": { "type": "Polygon", "coordinates": [ [ [ 25.067164632582223, 60.168532211962365 ], [ 25.062662194871201, 60.168466456724055 ], [ 25.062530066814496, 60.170709930617491 ], [ 25.067032811128868, 60.170775691792734 ], [ 25.067164632582223, 60.168532211962365 ] ] ] } },
{ "type": "Feature", "properties": { "id": 5978663, "nimi": "Yliskylä", "kunta_name": "Helsinki", "walk_min": 11.0, "walk_slow_min": 15.0, "risk": 0.76, "one_person_share": 0.462, "share_65plus": 0.247, "pop_est": 297.0 }, "geometry": { "type": "Polygon", "coordinates": [ [ [ 25.053790102608392, 60.166091024647706 ], [ 25.049288034521531, 60.166024816709921 ], [ 25.049155007807975, 60.168268273652451 ], [ 25.053657382435492, 60.168334487567684 ], [ 25.053790102608392, 60.166091024647706 ] ] ] } },
{ "type": "Feature", "properties": { "id": 5978664, "nimi": "Yliskylä", "kunta_name": "Helsinki", "walk_min": 12.0, "walk_slow_min": 16.0, "risk": 0.76, "one_person_share": 0.462, "share_65plus": 0.247, "pop_est": 64.0 }, "geometry": { "type": "Polygon", "coordinates": [ [ [ 25.058292191766956, 60.166157079708384 ], [ 25.053790102608392, 60.166091024647706 ], [ 25.053657382435492, 60.168334487567684 ], [ 25.05815977813943, 60.168400548592025 ], [ 25.058292191766956, 60.166157079708384 ] ] ] } },
{ "type": "Feature", "properties": { "id": 5980273, "nimi": "Katajanokka", "kunta_name": "Helsinki", "walk_min": 11.0, "walk_slow_min": 15.0, "risk": 0.702, "one_person_share": 0.425, "share_65plus": 0.242, "pop_est": 281.0 }, "geometry": { "type": "Polygon", "coordinates": [ [ [ 24.972894363304007, 60.162632538788557 ], [ 24.968392989217694, 60.162563585534166 ], [ 24.968254467584881, 60.164806933484421 ], [ 24.97275614807662, 60.164875892963387 ], [ 24.972894363304007, 60.162632538788557 ] ] ] } },
{ "type": "Feature", "properties": { "id": 5981897, "nimi": "Kaivopuisto - Ullanlinna", "kunta_name": "Helsinki", "walk_min": 999.0, "walk_slow_min": 999.0, "risk": 0.804, "one_person_share": 0.522, "share_65plus": 0.213, "pop_est": 281.0 }, "geometry": { "type": "Polygon", "coordinates": [ [ [ 24.9685314888611, 60.160320236626418 ], [ 24.964030443116176, 60.160251136773788 ], [ 24.963891637120792, 60.162494479444064 ], [ 24.968392989217694, 60.162563585534166 ], [ 24.9685314888611, 60.160320236626418 ] ] ] } },
{ "type": "Feature", "properties": { "id": 5983510, "nimi": "Punavuori - Eira - Hernesaari", "kunta_name": "Helsinki", "walk_min": 14.0, "walk_slow_min": 19.0, "risk": 0.68, "one_person_share": 0.595, "share_65plus": 0.166, "pop_est": 583.0 }, "geometry": { "type": "Polygon", "coordinates": [ [ [ 24.92816410863276, 60.157449543301716 ], [ 24.923663569190364, 60.157379074479358 ], [ 24.92352202871982, 60.159622361358842 ], [ 24.928022874420961, 60.159692836541709 ], [ 24.92816410863276, 60.157449543301716 ] ] ] } },
{ "type": "Feature", "properties": { "id": 5983511, "nimi": "Punavuori - Eira - Hernesaari", "kunta_name": "Helsinki", "walk_min": 14.0, "walk_slow_min": 19.0, "risk": 0.68, "one_person_share": 0.595, "share_65plus": 0.166, "pop_est": 461.0 }, "geometry": { "type": "Polygon", "coordinates": [ [ [ 24.932664670491288, 60.157519859329383 ], [ 24.92816410863276, 60.157449543301716 ], [ 24.928022874420961, 60.159692836541709 ], [ 24.932523742543243, 60.159763158916149 ], [ 24.932664670491288, 60.157519859329383 ] ] ] } },
{ "type": "Feature", "properties": { "id": 5985129, "nimi": "Punavuori - Eira - Hernesaari", "kunta_name": "Helsinki", "walk_min": 12.0, "walk_slow_min": 15.0, "risk": 0.68, "one_person_share": 0.595, "share_65plus": 0.166, "pop_est": 583.0 }, "geometry": { "type": "Polygon", "coordinates": [ [ [ 24.928305320428425, 60.155206249096537 ], [ 24.923805087196275, 60.155135786633814 ], [ 24.923663569190364, 60.157379074479358 ], [ 24.92816410863276, 60.157449543301716 ], [ 24.928305320428425, 60.155206249096537 ] ] ] } },
{ "type": "Feature", "properties": { "id": 5986745, "nimi": "Punavuori - Eira - Hernesaari", "kunta_name": "Helsinki", "walk_min": 10.0, "walk_slow_min": 12.0, "risk": 0.68, "one_person_share": 0.595, "share_65plus": 0.166, "pop_est": 583.0 }, "geometry": { "type": "Polygon", "coordinates": [ [ [ 24.928446509812971, 60.152962953926199 ], [ 24.923946582742573, 60.152892497822272 ], [ 24.923805087196275, 60.155135786633814 ], [ 24.928305320428425, 60.155206249096537 ], [ 24.928446509812971, 60.152962953926199 ] ] ] } },
{ "type": "Feature", "properties": { "id": 5988358, "nimi": "Punavuori - Eira - Hernesaari", "kunta_name": "Helsinki", "walk_min": 13.0, "walk_slow_min": 16.0, "risk": 0.68, "one_person_share": 0.595, "share_65plus": 0.166, "pop_est": 583.0 }, "geometry": { "type": "Polygon", "coordinates": [ [ [ 24.928587676791405, 60.150719657790724 ], [ 24.924088055834279, 60.150649208044719 ], [ 24.923946582742573, 60.152892497822272 ], [ 24.928446509812971, 60.152962953926199 ], [ 24.928587676791405, 60.150719657790724 ] ] ] } },
{ "type": "Feature", "properties": { "id": 5991575, "nimi": "Punavuori - Eira - Hernesaari", "kunta_name": "Helsinki", "walk_min": 10.0, "walk_slow_min": 13.0, "risk": 0.68, "one_person_share": 0.595, "share_65plus": 0.166, "pop_est": 0.0 }, "geometry": { "type": "Polygon", "coordinates": [ [ [ 24.928869943549945, 60.146233062624361 ], [ 24.924370934673991, 60.146162625591593 ], [ 24.924229506476415, 60.148405917301154 ], [ 24.928728821368725, 60.148476360690097 ], [ 24.928869943549945, 60.146233062624361 ] ] ] } },
{ "type": "Feature", "properties": { "id": 5814172, "nimi": "Lakisto", "kunta_name": "Espoo", "walk_min": 24.0, "walk_slow_min": 31.0, "risk": 0.796, "one_person_share": 0.504, "share_65plus": 0.22, "pop_est": 2.0 }, "geometry": { "type": "Polygon", "coordinates": [ [ [ 24.656804676867068, 60.361775164741466 ], [ 24.652276832886425, 60.361695320599921 ], [ 24.652115473373279, 60.363938127376045 ], [ 24.656643627858564, 60.364017978753445 ], [ 24.656804676867068, 60.361775164741466 ] ] ] } },
{ "type": "Feature", "properties": { "id": 5816069, "nimi": "Lakisto", "kunta_name": "Espoo", "walk_min": 25.0, "walk_slow_min": 32.0, "risk": 0.796, "one_person_share": 0.504, "share_65plus": 0.22, "pop_est": 4.0 }, "geometry": { "type": "Polygon", "coordinates": [ [ [ 24.647910658868359, 60.359372521922786 ], [ 24.643383176896847, 60.359292377070304 ], [ 24.643221222248702, 60.361535170355495 ], [ 24.64774901466383, 60.361615322470684 ], [ 24.647910658868359, 60.359372521922786 ] ] ] } },
{ "type": "Feature", "properties": { "id": 5817964, "nimi": "Lakisto", "kunta_name": "Espoo", "walk_min": 31.0, "walk_slow_min": 41.0, "risk": 0.796, "one_person_share": 0.504, "share_65plus": 0.22, "pop_est": 3.0 }, "geometry": { "type": "Polygon", "coordinates": [ [ [ 24.629963746231105, 60.356808246259 ], [ 24.625436678331184, 60.356727492853175 ], [ 24.625273508015553, 60.358970257974917 ], [ 24.629800886286354, 60.359051018698075 ], [ 24.629963746231105, 60.356808246259 ] ] ] } },
{ "type": "Feature", "properties": { "id": 5817965, "nimi": "Lakisto", "kunta_name": "Espoo", "walk_min": 30.0, "walk_slow_min": 39.0, "risk": 0.796, "one_person_share": 0.504, "share_65plus": 0.22, "pop_est": 3.0 }, "geometry": { "type": "Polygon", "coordinates": [ [ [ 24.634490840124467, 60.356888845713669 ], [ 24.629963746231105, 60.356808246259 ], [ 24.629800886286354, 60.359051018698075 ], [ 24.634328290556436, 60.3591316254562 ], [ 24.634490840124467, 60.356888845713669 ] ] ] } },
{ "type": "Feature", "properties": { "id": 5817967, "nimi": "Lakisto", "kunta_name": "Espoo", "walk_min": 15.0, "walk_slow_min": 20.0, "risk": 0.796, "one_person_share": 0.504, "share_65plus": 0.22, "pop_est": 3.0 }, "geometry": { "type": "Polygon", "coordinates": [ [ [ 24.643545105693917, 60.357049582762627 ], [ 24.639017959961869, 60.356969291215464 ], [ 24.638855720776405, 60.359212078247538 ], [ 24.643383176896847, 60.359292377070304 ], [ 24.643545105693917, 60.357049582762627 ] ] ] } },
{ "type": "Feature", "properties": { "id": 5817968, "nimi": "Lakisto", "kunta_name": "Espoo", "walk_min": 11.0, "walk_slow_min": 14.0, "risk": 0.796, "one_person_share": 0.504, "share_65plus": 0.22, "pop_est": 4.0 }, "geometry": { "type": "Polygon", "coordinates": [ [ [ 24.648072277271218, 60.357129720353427 ], [ 24.643545105693917, 60.357049582762627 ], [ 24.643383176896847, 60.359292377070304 ], [ 24.647910658868359, 60.359372521922786 ], [ 24.648072277271218, 60.357129720353427 ] ] ] } },
{ "type": "Feature", "properties": { "id": 5817971, "nimi": "Lakisto", "kunta_name": "Espoo", "walk_min": 11.0, "walk_slow_min": 14.0, "risk": 0.796, "one_person_share": 0.504, "share_65plus": 0.22, "pop_est": 4.0 }, "geometry": { "type": "Polygon", "coordinates": [ [ [ 24.661653946580664, 60.357369209370113 ], [ 24.657126697763996, 60.3572895336589 ], [ 24.65696570016695, 60.359532349709944 ], [ 24.661493259395211, 60.359612032641124 ], [ 24.661653946580664, 60.357369209370113 ] ] ] } },
{ "type": "Feature", "properties": { "id": 5817972, "nimi": "Lakisto", "kunta_name": "Espoo", "walk_min": 15.0, "walk_slow_min": 19.0, "risk": 0.796, "one_person_share": 0.504, "share_65plus": 0.22, "pop_est": 1.0 }, "geometry": { "type": "Polygon", "coordinates": [ [ [ 24.666181221044983, 60.357448731118048 ], [ 24.661653946580664, 60.357369209370113 ], [ 24.661493259395211, 60.359612032641124 ], [ 24.666020844276897, 60.359691561595078 ], [ 24.666181221044983, 60.357448731118048 ] ] ] } },
{ "type": "Feature", "properties": { "id": 5819861, "nimi": "Lakisto", "kunta_name": "Espoo", "walk_min": 27.0, "walk_slow_min": 36.0, "risk": 0.796, "one_person_share": 0.504, "share_65plus": 0.22, "pop_est": 3.0 }, "geometry": { "type": "Polygon", "coordinates": [ [ [ 24.630126580182431, 60.354565472794413 ], [ 24.625599822603995, 60.35448472670496 ], [ 24.625436678331184, 60.356727492853175 ], [ 24.629963746231105, 60.356808246259 ], [ 24.630126580182431, 60.354565472794413 ] ] ] } },
{ "type": "Feature", "properties": { "id": 5819862, "nimi": "Lakisto", "kunta_name": "Espoo", "walk_min": 23.0, "walk_slow_min": 31.0, "risk": 0.796, "one_person_share": 0.504, "share_65plus": 0.22, "pop_est": 3.0 }, "geometry": { "type": "Polygon", "coordinates": [ [ [ 24.634653363748455, 60.354646064946643 ], [ 24.630126580182431, 60.354565472794413 ], [ 24.629963746231105, 60.356808246259 ], [ 24.634490840124467, 60.356888845713669 ], [ 24.634653363748455, 60.354646064946643 ] ] ] } },
{ "type": "Feature", "properties": { "id": 5819863, "nimi": "Lakisto", "kunta_name": "Espoo", "walk_min": 20.0, "walk_slow_min": 26.0, "risk": 0.796, "one_person_share": 0.504, "share_65plus": 0.22, "pop_est": 3.0 }, "geometry": { "type": "Polygon", "coordinates": [ [ [ 24.639180173252683, 60.354726503159917 ], [ 24.634653363748455, 60.354646064946643 ], [ 24.634490840124467, 60.356888845713669 ], [ 24.639017959961869, 60.356969291215464 ], [ 24.639180173252683, 60.354726503159917 ] ] ] } },
{ "type": "Feature", "properties": { "id": 5819864, "nimi": "Lakisto", "kunta_name": "Espoo", "walk_min": 17.0, "walk_slow_min": 22.0, "risk": 0.796, "one_person_share": 0.504, "share_65plus": 0.22, "pop_est": 3.0 }, "geometry": { "type": "Polygon", "coordinates": [ [ [ 24.643707008645734, 60.354806787432452 ], [ 24.639180173252683, 60.354726503159917 ], [ 24.639017959961869, 60.356969291215464 ], [ 24.643545105693917, 60.357049582762627 ], [ 24.643707008645734, 60.354806787432452 ] ] ] } },
{ "type": "Feature", "properties": { "id": 5819865, "nimi": "Lakisto", "kunta_name": "Espoo", "walk_min": 10.0, "walk_slow_min": 14.0, "risk": 0.796, "one_person_share": 0.504, "share_65plus": 0.22, "pop_est": 4.0 }, "geometry": { "type": "Polygon", "coordinates": [ [ [ 24.648233869878229, 60.354886917762542 ], [ 24.643707008645734, 60.354806787432452 ], [ 24.643545105693917, 60.357049582762627 ], [ 24.648072277271218, 60.357129720353427 ], [ 24.648233869878229, 60.354886917762542 ] ] ] } },
{ "type": "Feature", "properties": { "id": 5819868, "nimi": "Lakisto", "kunta_name": "Espoo", "walk_min": 14.0, "walk_slow_min": 17.0, "risk": 0.796, "one_person_share": 0.504, "share_65plus": 0.22, "pop_est": 4.0 }, "geometry": { "type": "Polygon", "coordinates": [ [ [ 24.661814608118465, 60.355126385080624 ], [ 24.65728766966398, 60.355046716588348 ], [ 24.657126697763996, 60.3572895336589 ], [ 24.661653946580664, 60.357369209370113 ], [ 24.661814608118465, 60.355126385080624 ] ] ] } },
{ "type": "Feature", "properties": { "id": 5819869, "nimi": "Lakisto", "kunta_name": "Espoo", "walk_min": 22.0, "walk_slow_min": 28.0, "risk": 0.796, "one_person_share": 0.504, "share_65plus": 0.22, "pop_est": 1.0 }, "geometry": { "type": "Polygon", "coordinates": [ [ [ 24.666341572214826, 60.355205899623463 ], [ 24.661814608118465, 60.355126385080624 ], [ 24.661653946580664, 60.357369209370113 ], [ 24.666181221044983, 60.357448731118048 ], [ 24.666341572214826, 60.355205899623463 ] ] ] } },
{ "type": "Feature", "properties": { "id": 5819870, "nimi": "Lakisto", "kunta_name": "Espoo", "walk_min": 20.0, "walk_slow_min": 26.0, "risk": 0.796, "one_person_share": 0.504, "share_65plus": 0.22, "pop_est": 1.0 }, "geometry": { "type": "Polygon", "coordinates": [ [ [ 24.670868561903681, 60.355285260215204 ], [ 24.666341572214826, 60.355205899623463 ], [ 24.666181221044983, 60.357448731118048 ], [ 24.670708521107557, 60.357528098900922 ], [ 24.670868561903681, 60.355285260215204 ] ] ] } },
{ "type": "Feature", "properties": { "id": 5821757, "nimi": "Lakisto", "kunta_name": "Espoo", "walk_min": 31.0, "walk_slow_min": 40.0, "risk": 0.796, "one_person_share": 0.504, "share_65plus": 0.22, "pop_est": 3.0 }, "geometry": { "type": "Polygon", "coordinates": [ [ [ 24.630289388146164, 60.352322698304413 ], [ 24.625762940839834, 60.352241959530311 ], [ 24.625599822603995, 60.35448472670496 ], [ 24.630126580182431, 60.354565472794413 ], [ 24.630289388146164, 60.352322698304413 ] ] ] } },
{ "type": "Feature", "properties": { "id": 5821758, "nimi": "Lakisto", "kunta_name": "Espoo", "walk_min": 32.0, "walk_slow_min": 42.0, "risk": 0.796, "one_person_share": 0.504, "share_65plus": 0.22, "pop_est": 3.0 }, "geometry": { "type": "Polygon", "coordinates": [ [ [ 24.634815861434234, 60.352403283155198 ], [ 24.630289388146164, 60.352322698304413 ], [ 24.630126580182431, 60.354565472794413 ], [ 24.634653363748455, 60.354646064946643 ], [ 24.634815861434234, 60.352403283155198 ] ] ] } },
{ "type": "Feature", "properties": { "id": 5821759, "nimi": "Lakisto", "kunta_name": "Espoo", "walk_min": 23.0, "walk_slow_min": 31.0, "risk": 0.796, "one_person_share": 0.504, "share_65plus": 0.22, "pop_est": 3.0 }, "geometry": { "type": "Polygon", "coordinates": [ [ [ 24.639342360654677, 60.352483714080932 ], [ 24.634815861434234, 60.352403283155198 ], [ 24.634653363748455, 60.354646064946643 ], [ 24.639180173252683, 60.354726503159917 ], [ 24.639342360654677, 60.352483714080932 ] ] ] } },
{ "type": "Feature", "properties": { "id": 5821760, "nimi": "Lakisto", "kunta_name": "Espoo", "walk_min": 25.0, "walk_slow_min": 32.0, "risk": 0.796, "one_person_share": 0.504, "share_65plus": 0.22, "pop_est": 3.0 }, "geometry": { "type": "Polygon", "coordinates": [ [ [ 24.643868885758117, 60.352563991079855 ], [ 24.639342360654677, 60.352483714080932 ], [ 24.639180173252683, 60.354726503159917 ], [ 24.643707008645734, 60.354806787432452 ], [ 24.643868885758117, 60.352563991079855 ] ] ] } },
{ "type": "Feature", "properties": { "id": 5821761, "nimi": "Lakisto", "kunta_name": "Espoo", "walk_min": 14.0, "walk_slow_min": 18.0, "risk": 0.796, "one_person_share": 0.504, "share_65plus": 0.22, "pop_est": 4.0 }, "geometry": { "type": "Polygon", "coordinates": [ [ [ 24.648395436695186, 60.352644114150216 ], [ 24.643868885758117, 60.352563991079855 ], [ 24.643707008645734, 60.354806787432452 ], [ 24.648233869878229, 60.354886917762542 ], [ 24.648395436695186, 60.352644114150216 ] ] ] } },
{ "type": "Feature", "properties": { "id": 5821762, "nimi": "Lakisto", "kunta_name": "Espoo", "walk_min": 11.0, "walk_slow_min": 14.0, "risk": 0.796, "one_person_share": 0.504, "share_65plus": 0.22, "pop_est": 4.0 }, "geometry": { "type": "Polygon", "coordinates": [ [ [ 24.6529220134165, 60.352724083290298 ], [ 24.648395436695186, 60.352644114150216 ], [ 24.648233869878229, 60.354886917762542 ], [ 24.652760756900772, 60.354966894148411 ], [ 24.6529220134165, 60.352724083290298 ] ] ] } },
{ "type": "Feature", "properties": { "id": 5821763, "nimi": "Lakisto", "kunta_name": "Espoo", "walk_min": 10.0, "walk_slow_min": 13.0, "risk": 0.796, "one_person_share": 0.504, "share_65plus": 0.22, "pop_est": 4.0 }, "geometry": { "type": "Polygon", "coordinates": [ [ [ 24.657448615872692, 60.35280389849833 ], [ 24.6529220134165, 60.352724083290298 ], [ 24.652760756900772, 60.354966894148411 ], [ 24.65728766966398, 60.355046716588348 ], [ 24.657448615872692, 60.35280389849833 ] ] ] } },
{ "type": "Feature", "properties": { "id": 5821764, "nimi": "Lakisto", "kunta_name": "Espoo", "walk_min": 15.0, "walk_slow_min": 20.0, "risk": 0.796, "one_person_share": 0.504, "share_65plus": 0.22, "pop_est": 4.0 }, "geometry": { "type": "Polygon", "coordinates": [ [ [ 24.661975244014378, 60.352883559772636 ], [ 24.657448615872692, 60.35280389849833 ], [ 24.65728766966398, 60.355046716588348 ], [ 24.661814608118465, 60.355126385080624 ], [ 24.661975244014378, 60.352883559772636 ] ] ] } },
{ "type": "Feature", "properties": { "id": 5821765, "nimi": "Lakisto", "kunta_name": "Espoo", "walk_min": 23.0, "walk_slow_min": 30.0, "risk": 0.796, "one_person_share": 0.504, "share_65plus": 0.22, "pop_est": 1.0 }, "geometry": { "type": "Polygon", "coordinates": [ [ [ 24.666501897792177, 60.352963067111446 ], [ 24.661975244014378, 60.352883559772636 ], [ 24.661814608118465, 60.355126385080624 ], [ 24.666341572214826, 60.355205899623463 ], [ 24.666501897792177, 60.352963067111446 ] ] ] } },
{ "type": "Feature", "properties": { "id": 5821766, "nimi": "Lakisto", "kunta_name": "Espoo", "walk_min": 24.0, "walk_slow_min": 31.0, "risk": 0.796, "one_person_share": 0.504, "share_65plus": 0.22, "pop_est": 1.0 }, "geometry": { "type": "Polygon", "coordinates": [ [ [ 24.671028577156711, 60.353042420512999 ], [ 24.666501897792177, 60.352963067111446 ], [ 24.666341572214826, 60.355205899623463 ], [ 24.670868561903681, 60.355285260215204 ], [ 24.671028577156711, 60.353042420512999 ] ] ] } },
{ "type": "Feature", "properties": { "id": 5821767, "nimi": "Lakisto", "kunta_name": "Espoo", "walk_min": 26.0, "walk_slow_min": 34.0, "risk": 0.796, "one_person_share": 0.504, "share_65plus": 0.22, "pop_est": 1.0 }, "geometry": { "type": "Polygon", "coordinates": [ [ [ 24.675555282058589, 60.353121619975653 ], [ 24.671028577156711, 60.353042420512999 ], [ 24.670868561903681, 60.355285260215204 ], [ 24.675395577135628, 60.355364466854084 ], [ 24.675555282058589, 60.353121619975653 ] ] ] } },
{ "type": "Feature", "properties": { "id": 5823655, "nimi": "Lakisto", "kunta_name": "Espoo", "walk_min": 17.0, "walk_slow_min": 23.0, "risk": 0.796, "one_person_share": 0.504, "share_65plus": 0.22, "pop_est": 1.0 }, "geometry": { "type": "Polygon", "coordinates": [ [ [ 24.648556977727889, 60.350401309516435 ], [ 24.644030737036871, 60.350321193704808 ], [ 24.643868885758117, 60.352563991079855 ], [ 24.648395436695186, 60.352644114150216 ], [ 24.648556977727889, 60.350401309516435 ] ] ] } },
{ "type": "Feature", "properties": { "id": 5823656, "nimi": "Lakisto", "kunta_name": "Espoo", "walk_min": 17.0, "walk_slow_min": 22.0, "risk": 0.796, "one_person_share": 0.504, "share_65plus": 0.22, "pop_est": 1.0 }, "geometry": { "type": "Polygon", "coordinates": [ [ [ 24.653083244197358, 60.350481271411724 ], [ 24.648556977727889, 60.350401309516435 ], [ 24.648395436695186, 60.352644114150216 ], [ 24.6529220134165, 60.352724083290298 ], [ 24.653083244197358, 60.350481271411724 ] ] ] } },
{ "type": "Feature", "properties": { "id": 5823657, "nimi": "Lakisto", "kunta_name": "Espoo", "walk_min": 13.0, "walk_slow_min": 18.0, "risk": 0.796, "one_person_share": 0.504, "share_65plus": 0.22, "pop_est": 1.0 }, "geometry": { "type": "Polygon", "coordinates": [ [ [ 24.65760953639591, 60.350561079388861 ], [ 24.653083244197358, 60.350481271411724 ], [ 24.6529220134165, 60.352724083290298 ], [ 24.657448615872692, 60.35280389849833 ], [ 24.65760953639591, 60.350561079388861 ] ] ] } },
{ "type": "Feature", "properties": { "id": 5823658, "nimi": "Lakisto", "kunta_name": "Espoo", "walk_min": 16.0, "walk_slow_min": 21.0, "risk": 0.796, "one_person_share": 0.504, "share_65plus": 0.22, "pop_est": 1.0 }, "geometry": { "type": "Polygon", "coordinates": [ [ [ 24.66213585427418, 60.350640733446177 ], [ 24.65760953639591, 60.350561079388861 ], [ 24.657448615872692, 60.35280389849833 ], [ 24.661975244014378, 60.352883559772636 ], [ 24.66213585427418, 60.350640733446177 ] ] ] } },
{ "type": "Feature", "properties": { "id": 5823659, "nimi": "Lakisto", "kunta_name": "Espoo", "walk_min": 23.0, "walk_slow_min": 30.0, "risk": 0.796, "one_person_share": 0.504, "share_65plus": 0.22, "pop_est": 0.0 }, "geometry": { "type": "Polygon", "coordinates": [ [ [ 24.666662197782799, 60.350720233581889 ], [ 24.66213585427418, 60.350640733446177 ], [ 24.661975244014378, 60.352883559772636 ], [ 24.666501897792177, 60.352963067111446 ], [ 24.666662197782799, 60.350720233581889 ] ] ] } },
{ "type": "Feature", "properties": { "id": 5823660, "nimi": "Lakisto", "kunta_name": "Espoo", "walk_min": 28.0, "walk_slow_min": 37.0, "risk": 0.796, "one_person_share": 0.504, "share_65plus": 0.22, "pop_est": 0.0 }, "geometry": { "type": "Polygon", "coordinates": [ [ [ 24.671188566872392, 60.350799579794305 ], [ 24.666662197782799, 60.350720233581889 ], [ 24.666501897792177, 60.352963067111446 ], [ 24.671028577156711, 60.353042420512999 ], [ 24.671188566872392, 60.350799579794305 ] ] ] } },
{ "type": "Feature", "properties": { "id": 5823661, "nimi": "Lakisto", "kunta_name": "Espoo", "walk_min": 26.0, "walk_slow_min": 35.0, "risk": 0.796, "one_person_share": 0.504, "share_65plus": 0.22, "pop_est": 0.0 }, "geometry": { "type": "Polygon", "coordinates": [ [ [ 24.67571496149359, 60.350878772081693 ], [ 24.671188566872392, 60.350799579794305 ], [ 24.671028577156711, 60.353042420512999 ], [ 24.675555282058589, 60.353121619975653 ], [ 24.67571496149359, 60.350878772081693 ] ] ] } },
{ "type": "Feature", "properties": { "id": 5825547, "nimi": "Lakisto", "kunta_name": "Espoo", "walk_min": 21.0, "walk_slow_min": 28.0, "risk": 0.796, "one_person_share": 0.504, "share_65plus": 0.22, "pop_est": 1.0 }, "geometry": { "type": "Polygon", "coordinates": [ [ [ 24.648718492982145, 60.348158503861292 ], [ 24.64419256248781, 60.348078395307354 ], [ 24.644030737036871, 60.350321193704808 ], [ 24.648556977727889, 60.350401309516435 ], [ 24.648718492982145, 60.348158503861292 ] ] ] } },
{ "type": "Feature", "properties": { "id": 5825548, "nimi": "Lakisto", "kunta_name": "Espoo", "walk_min": 21.0, "walk_slow_min": 28.0, "risk": 0.796, "one_person_share": 0.504, "share_65plus": 0.22, "pop_est": 1.0 }, "geometry": { "type": "Polygon", "coordinates": [ [ [ 24.653244449249126, 60.348238458512746 ], [ 24.648718492982145, 60.348158503861292 ], [ 24.648556977727889, 60.350401309516435 ], [ 24.653083244197358, 60.350481271411724 ], [ 24.653244449249126, 60.348238458512746 ] ] ] } },
{ "type": "Feature", "properties": { "id": 5825549, "nimi": "Lakisto", "kunta_name": "Espoo", "walk_min": 18.0, "walk_slow_min": 23.0, "risk": 0.796, "one_person_share": 0.504, "share_65plus": 0.22, "pop_est": 1.0 }, "geometry": { "type": "Polygon", "coordinates": [ [ [ 24.65777043123941, 60.34831825925999 ], [ 24.653244449249126, 60.348238458512746 ], [ 24.653083244197358, 60.350481271411724 ], [ 24.65760953639591, 60.350561079388861 ], [ 24.65777043123941, 60.34831825925999 ] ] ] } },
{ "type": "Feature", "properties": { "id": 5825550, "nimi": "Lakisto", "kunta_name": "Espoo", "walk_min": 21.0, "walk_slow_min": 27.0, "risk": 0.796, "one_person_share": 0.504, "share_65plus": 0.22, "pop_est": 1.0 }, "geometry": { "type": "Polygon", "coordinates": [ [ [ 24.662296438903635, 60.348397906101283 ], [ 24.65777043123941, 60.34831825925999 ], [ 24.65760953639591, 60.350561079388861 ], [ 24.66213585427418, 60.350640733446177 ], [ 24.662296438903635, 60.348397906101283 ] ] ] } },
{ "type": "Feature", "properties": { "id": 5825551, "nimi": "Lakisto", "kunta_name": "Espoo", "walk_min": 22.0, "walk_slow_min": 28.0, "risk": 0.796, "one_person_share": 0.504, "share_65plus": 0.22, "pop_est": 0.0 }, "geometry": { "type": "Polygon", "coordinates": [ [ [ 24.66682247219244, 60.34847739903492 ], [ 24.662296438903635, 60.348397906101283 ], [ 24.66213585427418, 60.350640733446177 ], [ 24.666662197782799, 60.350720233581889 ], [ 24.66682247219244, 60.34847739903492 ] ] ] } },
{ "type": "Feature", "properties": { "id": 5825552, "nimi": "Lakisto", "kunta_name": "Espoo", "walk_min": 28.0, "walk_slow_min": 38.0, "risk": 0.796, "one_person_share": 0.504, "share_65plus": 0.22, "pop_est": 0.0 }, "geometry": { "type": "Polygon", "coordinates": [ [ [ 24.671348531056466, 60.348556738059166 ], [ 24.66682247219244, 60.34847739903492 ], [ 24.666662197782799, 60.350720233581889 ], [ 24.671188566872392, 60.350799579794305 ], [ 24.671348531056466, 60.348556738059166 ] ] ] } },
{ "type": "Feature", "properties": { "id": 5825553, "nimi": "Lakisto", "kunta_name": "Espoo", "walk_min": 34.0, "walk_slow_min": 45.0, "risk": 0.796, "one_person_share": 0.504, "share_65plus": 0.22, "pop_est": 0.0 }, "geometry": { "type": "Polygon", "coordinates": [ [ [ 24.675874615446357, 60.348635923172274 ], [ 24.671348531056466, 60.348556738059166 ], [ 24.671188566872392, 60.350799579794305 ], [ 24.67571496149359, 60.350878772081693 ], [ 24.675874615446357, 60.348635923172274 ] ] ] } },
{ "type": "Feature", "properties": { "id": 5827439, "nimi": "Lakisto", "kunta_name": "Espoo", "walk_min": 24.0, "walk_slow_min": 32.0, "risk": 0.796, "one_person_share": 0.504, "share_65plus": 0.22, "pop_est": 1.0 }, "geometry": { "type": "Polygon", "coordinates": [ [ [ 24.648879982463743, 60.345915697184729 ], [ 24.64435436211674, 60.345835595887522 ], [ 24.64419256248781, 60.348078395307354 ], [ 24.648718492982145, 60.348158503861292 ], [ 24.648879982463743, 60.345915697184729 ] ] ] } },
{ "type": "Feature", "properties": { "id": 5827440, "nimi": "Lakisto", "kunta_name": "Espoo", "walk_min": 26.0, "walk_slow_min": 34.0, "risk": 0.796, "one_person_share": 0.504, "share_65plus": 0.22, "pop_est": 1.0 }, "geometry": { "type": "Polygon", "coordinates": [ [ [ 24.653405628577598, 60.34599564459338 ], [ 24.648879982463743, 60.345915697184729 ], [ 24.648718492982145, 60.348158503861292 ], [ 24.653244449249126, 60.348238458512746 ], [ 24.653405628577598, 60.34599564459338 ] ] ] } },
{ "type": "Feature", "properties": { "id": 5827441, "nimi": "Lakisto", "kunta_name": "Espoo", "walk_min": 21.0, "walk_slow_min": 27.0, "risk": 0.796, "one_person_share": 0.504, "share_65plus": 0.22, "pop_est": 1.0 }, "geometry": { "type": "Polygon", "coordinates": [ [ [ 24.657931300408968, 60.346075438111704 ], [ 24.653405628577598, 60.34599564459338 ], [ 24.653244449249126, 60.348238458512746 ], [ 24.65777043123941, 60.34831825925999 ], [ 24.657931300408968, 60.346075438111704 ] ] ] } },
{ "type": "Feature", "properties": { "id": 5827442, "nimi": "Lakisto", "kunta_name": "Espoo", "walk_min": 26.0, "walk_slow_min": 33.0, "risk": 0.796, "one_person_share": 0.504, "share_65plus": 0.22, "pop_est": 1.0 }, "geometry": { "type": "Polygon", "coordinates": [ [ [ 24.662456997908507, 60.346155077737997 ], [ 24.657931300408968, 60.346075438111704 ], [ 24.65777043123941, 60.34831825925999 ], [ 24.662296438903635, 60.348397906101283 ], [ 24.662456997908507, 60.346155077737997 ] ] ] } },
{ "type": "Feature", "properties": { "id": 5827443, "nimi": "Lakisto", "kunta_name": "Espoo", "walk_min": 23.0, "walk_slow_min": 30.0, "risk": 0.796, "one_person_share": 0.504, "share_65plus": 0.22, "pop_est": 0.0 }, "geometry": { "type": "Polygon", "coordinates": [ [ [ 24.666982721026859, 60.346234563470531 ], [ 24.662456997908507, 60.346155077737997 ], [ 24.662296438903635, 60.348397906101283 ], [ 24.66682247219244, 60.34847739903492 ], [ 24.666982721026859, 60.346234563470531 ] ] ] } },
{ "type": "Feature", "properties": { "id": 5827444, "nimi": "Lakisto", "kunta_name": "Espoo", "walk_min": 30.0, "walk_slow_min": 40.0, "risk": 0.796, "one_person_share": 0.504, "share_65plus": 0.22, "pop_est": 0.0 }, "geometry": { "type": "Polygon", "coordinates": [ [ [ 24.671508469714684, 60.346313895307567 ], [ 24.666982721026859, 60.346234563470531 ], [ 24.66682247219244, 60.34847739903492 ], [ 24.671348531056466, 60.348556738059166 ], [ 24.671508469714684, 60.346313895307567 ] ] ] } },
{ "type": "Feature", "properties": { "id": 5827445, "nimi": "Lakisto", "kunta_name": "Espoo", "walk_min": 34.0, "walk_slow_min": 46.0, "risk": 0.796, "one_person_share": 0.504, "share_65plus": 0.22, "pop_est": 0.0 }, "geometry": { "type": "Polygon", "coordinates": [ [ [ 24.676034243922629, 60.346393073247413 ], [ 24.671508469714684, 60.346313895307567 ], [ 24.671348531056466, 60.348556738059166 ], [ 24.675874615446357, 60.348635923172274 ], [ 24.676034243922629, 60.346393073247413 ] ] ] } },
{ "type": "Feature", "properties": { "id": 5827446, "nimi": "Lakisto", "kunta_name": "Espoo", "walk_min": 34.0, "walk_slow_min": 45.0, "risk": 0.796, "one_person_share": 0.504, "share_65plus": 0.22, "pop_est": 0.0 }, "geometry": { "type": "Polygon", "coordinates": [ [ [ 24.680560043601339, 60.346472097288299 ], [ 24.676034243922629, 60.346393073247413 ], [ 24.675874615446357, 60.348635923172274 ], [ 24.680400725312744, 60.348714954372561 ], [ 24.680560043601339, 60.346472097288299 ] ] ] } },
{ "type": "Feature", "properties": { "id": 5829329, "nimi": "Lakisto", "kunta_name": "Espoo", "walk_min": 30.0, "walk_slow_min": 40.0, "risk": 0.796, "one_person_share": 0.504, "share_65plus": 0.22, "pop_est": 1.0 }, "geometry": { "type": "Polygon", "coordinates": [ [ [ 24.64904144617849, 60.343672889486797 ], [ 24.644516135929479, 60.343592795445318 ], [ 24.64435436211674, 60.345835595887522 ], [ 24.648879982463743, 60.345915697184729 ], [ 24.64904144617849, 60.343672889486797 ] ] ] } },
{ "type": "Feature", "properties": { "id": 5829330, "nimi": "Lakisto", "kunta_name": "Espoo", "walk_min": 29.0, "walk_slow_min": 38.0, "risk": 0.796, "one_person_share": 0.504, "share_65plus": 0.22, "pop_est": 1.0 }, "geometry": { "type": "Polygon", "coordinates": [ [ [ 24.653566782188562, 60.343752829653603 ], [ 24.64904144617849, 60.343672889486797 ], [ 24.648879982463743, 60.345915697184729 ], [ 24.653405628577598, 60.34599564459338 ], [ 24.653566782188562, 60.343752829653603 ] ] ] } },
{ "type": "Feature", "properties": { "id": 5829331, "nimi": "Lakisto", "kunta_name": "Espoo", "walk_min": 26.0, "walk_slow_min": 34.0, "risk": 0.796, "one_person_share": 0.504, "share_65plus": 0.22, "pop_est": 1.0 }, "geometry": { "type": "Polygon", "coordinates": [ [ [ 24.658092143910363, 60.343832615944002 ], [ 24.653566782188562, 60.343752829653603 ], [ 24.653405628577598, 60.34599564459338 ], [ 24.657931300408968, 60.346075438111704 ], [ 24.658092143910363, 60.343832615944002 ] ] ] } },
{ "type": "Feature", "properties": { "id": 5829332, "nimi": "Lakisto", "kunta_name": "Espoo", "walk_min": 23.0, "walk_slow_min": 30.0, "risk": 0.796, "one_person_share": 0.504, "share_65plus": 0.22, "pop_est": 1.0 }, "geometry": { "type": "Polygon", "coordinates": [ [ [ 24.662617531294554, 60.343912248356297 ], [ 24.658092143910363, 60.343832615944002 ], [ 24.657931300408968, 60.346075438111704 ], [ 24.662456997908507, 60.346155077737997 ], [ 24.662617531294554, 60.343912248356297 ] ] ] } },
{ "type": "Feature", "properties": { "id": 5829333, "nimi": "Lakisto", "kunta_name": "Espoo", "walk_min": 29.0, "walk_slow_min": 38.0, "risk": 0.796, "one_person_share": 0.504, "share_65plus": 0.22, "pop_est": 0.0 }, "geometry": { "type": "Polygon", "coordinates": [ [ [ 24.667142944291808, 60.343991726888717 ], [ 24.662617531294554, 60.343912248356297 ], [ 24.662456997908507, 60.346155077737997 ], [ 24.666982721026859, 60.346234563470531 ], [ 24.667142944291808, 60.343991726888717 ] ] ] } },
{ "type": "Feature", "properties": { "id": 5829334, "nimi": "Lakisto", "kunta_name": "Espoo", "walk_min": 30.0, "walk_slow_min": 38.0, "risk": 0.796, "one_person_share": 0.504, "share_65plus": 0.22, "pop_est": 0.0 }, "geometry": { "type": "Polygon", "coordinates": [ [ [ 24.671668382852783, 60.344071051539565 ], [ 24.667142944291808, 60.343991726888717 ], [ 24.666982721026859, 60.346234563470531 ], [ 24.671508469714684, 60.346313895307567 ], [ 24.671668382852783, 60.344071051539565 ] ] ] } },
{ "type": "Feature", "properties": { "id": 5829335, "nimi": "Lakisto", "kunta_name": "Espoo", "walk_min": 34.0, "walk_slow_min": 45.0, "risk": 0.796, "one_person_share": 0.504, "share_65plus": 0.22, "pop_est": 0.0 }, "geometry": { "type": "Polygon", "coordinates": [ [ [ 24.676193846928133, 60.344150222307093 ], [ 24.671668382852783, 60.344071051539565 ], [ 24.671508469714684, 60.346313895307567 ], [ 24.676034243922629, 60.346393073247413 ], [ 24.676193846928133, 60.344150222307093 ] ] ] } },
{ "type": "Feature", "properties": { "id": 5829336, "nimi": "Lakisto", "kunta_name": "Espoo", "walk_min": 35.0, "walk_slow_min": 47.0, "risk": 0.796, "one_person_share": 0.504, "share_65plus": 0.22, "pop_est": 0.0 }, "geometry": { "type": "Polygon", "coordinates": [ [ [ 24.680719336468524, 60.344229239189602 ], [ 24.676193846928133, 60.344150222307093 ], [ 24.676034243922629, 60.346393073247413 ], [ 24.680560043601339, 60.346472097288299 ], [ 24.680719336468524, 60.344229239189602 ] ] ] } },
{ "type": "Feature", "properties": { "id": 5831218, "nimi": "Lakisto", "kunta_name": "Espoo", "walk_min": 34.0, "walk_slow_min": 44.0, "risk": 0.796, "one_person_share": 0.504, "share_65plus": 0.22, "pop_est": 0.0 }, "geometry": { "type": "Polygon", "coordinates": [ [ [ 24.649202884132169, 60.341430080767545 ], [ 24.64467788393182, 60.34134999398082 ], [ 24.644516135929479, 60.343592795445318 ], [ 24.64904144617849, 60.343672889486797 ], [ 24.649202884132169, 60.341430080767545 ] ] ] } },
{ "type": "Feature", "properties": { "id": 5831219, "nimi": "Lakisto", "kunta_name": "Espoo", "walk_min": 28.0, "walk_slow_min": 37.0, "risk": 0.796, "one_person_share": 0.504, "share_65plus": 0.22, "pop_est": 0.0 }, "geometry": { "type": "Polygon", "coordinates": [ [ [ 24.653727910087792, 60.341510013693522 ], [ 24.649202884132169, 60.341430080767545 ], [ 24.64904144617849, 60.343672889486797 ], [ 24.653566782188562, 60.343752829653603 ], [ 24.653727910087792, 60.341510013693522 ] ] ] } },
{ "type": "Feature", "properties": { "id": 5831220, "nimi": "Lakisto", "kunta_name": "Espoo", "walk_min": 29.0, "walk_slow_min": 38.0, "risk": 0.796, "one_person_share": 0.504, "share_65plus": 0.22, "pop_est": 0.0 }, "geometry": { "type": "Polygon", "coordinates": [ [ [ 24.658252961749358, 60.341589792756992 ], [ 24.653727910087792, 60.341510013693522 ], [ 24.653566782188562, 60.343752829653603 ], [ 24.658092143910363, 60.343832615944002 ], [ 24.658252961749358, 60.341589792756992 ] ] ] } },
{ "type": "Feature", "properties": { "id": 5831221, "nimi": "Lakisto", "kunta_name": "Espoo", "walk_min": 31.0, "walk_slow_min": 41.0, "risk": 0.796, "one_person_share": 0.504, "share_65plus": 0.22, "pop_est": 0.0 }, "geometry": { "type": "Polygon", "coordinates": [ [ [ 24.66277803906755, 60.34166941795624 ], [ 24.658252961749358, 60.341589792756992 ], [ 24.658092143910363, 60.343832615944002 ], [ 24.662617531294554, 60.343912248356297 ], [ 24.66277803906755, 60.34166941795624 ] ] ] } },
{ "type": "Feature", "properties": { "id": 5833105, "nimi": "Lakisto", "kunta_name": "Espoo", "walk_min": 34.0, "walk_slow_min": 45.0, "risk": 0.796, "one_person_share": 0.504, "share_65plus": 0.22, "pop_est": 0.0 }, "geometry": { "type": "Polygon", "coordinates": [ [ [ 24.649364296330585, 60.339187271026965 ], [ 24.644839606129572, 60.33910719149398 ], [ 24.64467788393182, 60.34134999398082 ], [ 24.649202884132169, 60.341430080767545 ], [ 24.649364296330585, 60.339187271026965 ] ] ] } },
{ "type": "Feature", "properties": { "id": 5833106, "nimi": "Lakisto", "kunta_name": "Espoo", "walk_min": 32.0, "walk_slow_min": 42.0, "risk": 0.796, "one_person_share": 0.504, "share_65plus": 0.22, "pop_est": 0.0 }, "geometry": { "type": "Polygon", "coordinates": [ [ [ 24.653889012281073, 60.339267196713095 ], [ 24.649364296330585, 60.339187271026965 ], [ 24.649202884132169, 60.341430080767545 ], [ 24.653727910087792, 60.341510013693522 ], [ 24.653889012281073, 60.339267196713095 ] ] ] } },
{ "type": "Feature", "properties": { "id": 5833107, "nimi": "Lakisto", "kunta_name": "Espoo", "walk_min": 32.0, "walk_slow_min": 42.0, "risk": 0.796, "one_person_share": 0.504, "share_65plus": 0.22, "pop_est": 0.0 }, "geometry": { "type": "Polygon", "coordinates": [ [ [ 24.658413753931733, 60.339346968550636 ], [ 24.653889012281073, 60.339267196713095 ], [ 24.653727910087792, 60.341510013693522 ], [ 24.658252961749358, 60.341589792756992 ], [ 24.658413753931733, 60.339346968550636 ] ] ] } },
{ "type": "Feature", "properties": { "id": 5833108, "nimi": "Lakisto", "kunta_name": "Espoo", "walk_min": 33.0, "walk_slow_min": 43.0, "risk": 0.796, "one_person_share": 0.504, "share_65plus": 0.22, "pop_est": 0.0 }, "geometry": { "type": "Polygon", "coordinates": [ [ [ 24.662938521233247, 60.339426586537854 ], [ 24.658413753931733, 60.339346968550636 ], [ 24.658252961749358, 60.341589792756992 ], [ 24.66277803906755, 60.34166941795624 ], [ 24.662938521233247, 60.339426586537854 ] ] ] } },
{ "type": "Feature", "properties": { "id": 5834982, "nimi": "Lakisto", "kunta_name": "Espoo", "walk_min": 68.0, "walk_slow_min": 93.0, "risk": 0.796, "one_person_share": 0.504, "share_65plus": 0.22, "pop_est": 1.0 }, "geometry": { "type": "Polygon", "coordinates": [ [ [ 24.608807193208825, 60.336218271965386 ], [ 24.604283046869234, 60.336136815267039 ], [ 24.604118561182347, 60.338379552876063 ], [ 24.608643017419364, 60.338461016952223 ], [ 24.608807193208825, 60.336218271965386 ] ] ] } },
{ "type": "Feature", "properties": { "id": 5834991, "nimi": "Lakisto", "kunta_name": "Espoo", "walk_min": 36.0, "walk_slow_min": 47.0, "risk": 0.796, "one_person_share": 0.504, "share_65plus": 0.22, "pop_est": 0.0 }, "geometry": { "type": "Polygon", "coordinates": [ [ [ 24.649525682779519, 60.336944460265094 ], [ 24.645001302528538, 60.336864387984839 ], [ 24.644839606129572, 60.33910719149398 ], [ 24.649364296330585, 60.339187271026965 ], [ 24.649525682779519, 60.336944460265094 ] ] ] } },
{ "type": "Feature", "properties": { "id": 5834992, "nimi": "Lakisto", "kunta_name": "Espoo", "walk_min": 37.0, "walk_slow_min": 49.0, "risk": 0.796, "one_person_share": 0.504, "share_65plus": 0.22, "pop_est": 0.0 }, "geometry": { "type": "Polygon", "coordinates": [ [ [ 24.654050088774191, 60.337024378712371 ], [ 24.649525682779519, 60.336944460265094 ], [ 24.649364296330585, 60.339187271026965 ], [ 24.653889012281073, 60.339267196713095 ], [ 24.654050088774191, 60.337024378712371 ] ] ] } },
{ "type": "Feature", "properties": { "id": 5834993, "nimi": "Lakisto", "kunta_name": "Espoo", "walk_min": 36.0, "walk_slow_min": 47.0, "risk": 0.796, "one_person_share": 0.504, "share_65plus": 0.22, "pop_est": 0.0 }, "geometry": { "type": "Polygon", "coordinates": [ [ [ 24.658574520463251, 60.33710414332495 ], [ 24.654050088774191, 60.337024378712371 ], [ 24.653889012281073, 60.339267196713095 ], [ 24.658413753931733, 60.339346968550636 ], [ 24.658574520463251, 60.33710414332495 ] ] ] } },
{ "type": "Feature", "properties": { "id": 5834994, "nimi": "Lakisto", "kunta_name": "Espoo", "walk_min": 47.0, "walk_slow_min": 62.0, "risk": 0.796, "one_person_share": 0.504, "share_65plus": 0.22, "pop_est": 0.0 }, "geometry": { "type": "Polygon", "coordinates": [ [ [ 24.6630989777974, 60.337183754101098 ], [ 24.658574520463251, 60.33710414332495 ], [ 24.658413753931733, 60.339346968550636 ], [ 24.662938521233247, 60.339426586537854 ], [ 24.6630989777974, 60.337183754101098 ] ] ] } },
{ "type": "Feature", "properties": { "id": 5836867, "nimi": "Lakisto", "kunta_name": "Espoo", "walk_min": 78.0, "walk_slow_min": 106.0, "risk": 0.796, "one_person_share": 0.504, "share_65plus": 0.22, "pop_est": 1.0 }, "geometry": { "type": "Polygon", "coordinates": [ [ [ 24.608971342810978, 60.333975525948269 ], [ 24.604447506319534, 60.333894076626727 ], [ 24.604283046869234, 60.336136815267039 ], [ 24.608807193208825, 60.336218271965386 ], [ 24.608971342810978, 60.333975525948269 ] ] ] } },
{ "type": "Feature", "properties": { "id": 5836876, "nimi": "Lakisto", "kunta_name": "Espoo", "walk_min": 42.0, "walk_slow_min": 56.0, "risk": 0.796, "one_person_share": 0.504, "share_65plus": 0.22, "pop_est": 0.0 }, "geometry": { "type": "Polygon", "coordinates": [ [ [ 24.649687043484768, 60.334701648481946 ], [ 24.645162973134514, 60.334621583453462 ], [ 24.645001302528538, 60.336864387984839 ], [ 24.649525682779519, 60.336944460265094 ], [ 24.649687043484768, 60.334701648481946 ] ] ] } },
{ "type": "Feature", "properties": { "id": 5836877, "nimi": "Lakisto", "kunta_name": "Espoo", "walk_min": 40.0, "walk_slow_min": 53.0, "risk": 0.796, "one_person_share": 0.504, "share_65plus": 0.22, "pop_est": 0.0 }, "geometry": { "type": "Polygon", "coordinates": [ [ [ 24.654211139572919, 60.334781559691365 ], [ 24.649687043484768, 60.334701648481946 ], [ 24.649525682779519, 60.336944460265094 ], [ 24.654050088774191, 60.337024378712371 ], [ 24.654211139572919, 60.334781559691365 ] ] ] } },
{ "type": "Feature", "properties": { "id": 5836878, "nimi": "Lakisto", "kunta_name": "Espoo", "walk_min": 39.0, "walk_slow_min": 51.0, "risk": 0.796, "one_person_share": 0.504, "share_65plus": 0.22, "pop_est": 0.0 }, "geometry": { "type": "Polygon", "coordinates": [ [ [ 24.658735261349687, 60.334861317079977 ], [ 24.654211139572919, 60.334781559691365 ], [ 24.654050088774191, 60.337024378712371 ], [ 24.658574520463251, 60.33710414332495 ], [ 24.658735261349687, 60.334861317079977 ] ] ] } },
{ "type": "Feature", "properties": { "id": 5836879, "nimi": "Lakisto", "kunta_name": "Espoo", "walk_min": 49.0, "walk_slow_min": 65.0, "risk": 0.796, "one_person_share": 0.504, "share_65plus": 0.22, "pop_est": 0.0 }, "geometry": { "type": "Polygon", "coordinates": [ [ [ 24.663259408765768, 60.334940920646069 ], [ 24.658735261349687, 60.334861317079977 ], [ 24.658574520463251, 60.33710414332495 ], [ 24.6630989777974, 60.337183754101098 ], [ 24.663259408765768, 60.334940920646069 ] ] ] } },
{ "type": "Feature", "properties": { "id": 5838750, "nimi": "Lakisto", "kunta_name": "Espoo", "walk_min": 79.0, "walk_slow_min": 106.0, "risk": 0.796, "one_person_share": 0.504, "share_65plus": 0.22, "pop_est": 0.0 }, "geometry": { "type": "Polygon", "coordinates": [ [ [ 24.604611939539144, 60.331651336955154 ], [ 24.600088439071367, 60.331569741221749 ], [ 24.599923696058777, 60.333812473503635 ], [ 24.604447506319534, 60.333894076626727 ], [ 24.604611939539144, 60.331651336955154 ] ] ] } },
{ "type": "Feature", "properties": { "id": 5838751, "nimi": "Lakisto", "kunta_name": "Espoo", "walk_min": 72.0, "walk_slow_min": 98.0, "risk": 0.796, "one_person_share": 0.504, "share_65plus": 0.22, "pop_est": 0.0 }, "geometry": { "type": "Polygon", "coordinates": [ [ [ 24.609135466231713, 60.331732778900886 ], [ 24.604611939539144, 60.331651336955154 ], [ 24.604447506319534, 60.333894076626727 ], [ 24.608971342810978, 60.333975525948269 ], [ 24.609135466231713, 60.331732778900886 ] ] ] } },
{ "type": "Feature", "properties": { "id": 5838756, "nimi": "Lakisto", "kunta_name": "Espoo", "walk_min": 61.0, "walk_slow_min": 82.0, "risk": 0.796, "one_person_share": 0.504, "share_65plus": 0.22, "pop_est": 1.0 }, "geometry": { "type": "Polygon", "coordinates": [ [ [ 24.631753491342323, 60.33213768175299 ], [ 24.627229834264718, 60.332057008771962 ], [ 24.627066950098222, 60.334299785183639 ], [ 24.631590917004026, 60.334380465470986 ], [ 24.631753491342323, 60.33213768175299 ] ] ] } },
{ "type": "Feature", "properties": { "id": 5838757, "nimi": "Lakisto", "kunta_name": "Espoo", "walk_min": 66.0, "walk_slow_min": 88.0, "risk": 0.796, "one_person_share": 0.504, "share_65plus": 0.22, "pop_est": 1.0 }, "geometry": { "type": "Polygon", "coordinates": [ [ [ 24.636277174349139, 60.332218200935799 ], [ 24.631753491342323, 60.33213768175299 ], [ 24.631590917004026, 60.334380465470986 ], [ 24.63611490984486, 60.33446099194623 ], [ 24.636277174349139, 60.332218200935799 ] ] ] } },
{ "type": "Feature", "properties": { "id": 5838758, "nimi": "Lakisto", "kunta_name": "Espoo", "walk_min": 59.0, "walk_slow_min": 81.0, "risk": 0.796, "one_person_share": 0.504, "share_65plus": 0.22, "pop_est": 1.0 }, "geometry": { "type": "Polygon", "coordinates": [ [ [ 24.64080088323589, 60.332298566318656 ], [ 24.636277174349139, 60.332218200935799 ], [ 24.63611490984486, 60.33446099194623 ], [ 24.640638928571452, 60.334541364607624 ], [ 24.64080088323589, 60.332298566318656 ] ] ] } },
{ "type": "Feature", "properties": { "id": 5838759, "nimi": "Lakisto", "kunta_name": "Espoo", "walk_min": 62.0, "walk_slow_min": 82.0, "risk": 0.796, "one_person_share": 0.504, "share_65plus": 0.22, "pop_est": 1.0 }, "geometry": { "type": "Polygon", "coordinates": [ [ [ 24.645324617953307, 60.332378777899827 ], [ 24.64080088323589, 60.332298566318656 ], [ 24.640638928571452, 60.334541364607624 ], [ 24.645162973134514, 60.334621583453462 ], [ 24.645324617953307, 60.332378777899827 ] ] ] } },
{ "type": "Feature", "properties": { "id": 5838760, "nimi": "Lakisto", "kunta_name": "Espoo", "walk_min": 45.0, "walk_slow_min": 60.0, "risk": 0.796, "one_person_share": 0.504, "share_65plus": 0.22, "pop_est": 1.0 }, "geometry": { "type": "Polygon", "coordinates": [ [ [ 24.649848378452116, 60.332458835677549 ], [ 24.645324617953307, 60.332378777899827 ], [ 24.645162973134514, 60.334621583453462 ], [ 24.649687043484768, 60.334701648481946 ], [ 24.649848378452116, 60.332458835677549 ] ] ] } },
{ "type": "Feature", "properties": { "id": 5838761, "nimi": "Lakisto", "kunta_name": "Espoo", "walk_min": 42.0, "walk_slow_min": 56.0, "risk": 0.796, "one_person_share": 0.504, "share_65plus": 0.22, "pop_est": 1.0 }, "geometry": { "type": "Polygon", "coordinates": [ [ [ 24.654372164683036, 60.33253873965009 ], [ 24.649848378452116, 60.332458835677549 ], [ 24.649687043484768, 60.334701648481946 ], [ 24.654211139572919, 60.334781559691365 ], [ 24.654372164683036, 60.33253873965009 ] ] ] } },
{ "type": "Feature", "properties": { "id": 5838762, "nimi": "Lakisto", "kunta_name": "Espoo", "walk_min": 40.0, "walk_slow_min": 53.0, "risk": 0.796, "one_person_share": 0.504, "share_65plus": 0.22, "pop_est": 1.0 }, "geometry": { "type": "Polygon", "coordinates": [ [ [ 24.658895976596796, 60.332618489815736 ], [ 24.654372164683036, 60.33253873965009 ], [ 24.654211139572919, 60.334781559691365 ], [ 24.658735261349687, 60.334861317079977 ], [ 24.658895976596796, 60.332618489815736 ] ] ] } },
{ "type": "Feature", "properties": { "id": 5838763, "nimi": "Lakisto", "kunta_name": "Espoo", "walk_min": 49.0, "walk_slow_min": 65.0, "risk": 0.796, "one_person_share": 0.504, "share_65plus": 0.22, "pop_est": 1.0 }, "geometry": { "type": "Polygon", "coordinates": [ [ [ 24.663419814144113, 60.332698086172748 ], [ 24.658895976596796, 60.332618489815736 ], [ 24.658735261349687, 60.334861317079977 ], [ 24.663259408765768, 60.334940920646069 ], [ 24.663419814144113, 60.332698086172748 ] ] ] } },
{ "type": "Feature", "properties": { "id": 5840631, "nimi": "Lakisto", "kunta_name": "Espoo", "walk_min": 74.0, "walk_slow_min": 99.0, "risk": 0.796, "one_person_share": 0.504, "share_65plus": 0.22, "pop_est": 0.0 }, "geometry": { "type": "Polygon", "coordinates": [ [ [ 24.600253155809902, 60.329327007907608 ], [ 24.595729991353995, 60.329245265790895 ], [ 24.595564964877642, 60.33148799170246 ], [ 24.600088439071367, 60.331569741221749 ], [ 24.600253155809902, 60.329327007907608 ] ] ] } },
{ "type": "Feature", "properties": { "id": 5840632, "nimi": "Lakisto", "kunta_name": "Espoo", "walk_min": 76.0, "walk_slow_min": 102.0, "risk": 0.796, "one_person_share": 0.504, "share_65plus": 0.22, "pop_est": 0.0 }, "geometry": { "type": "Polygon", "coordinates": [ [ [ 24.60477634653396, 60.329408596252328 ], [ 24.600253155809902, 60.329327007907608 ], [ 24.600088439071367, 60.331569741221749 ], [ 24.604611939539144, 60.331651336955154 ], [ 24.60477634653396, 60.329408596252328 ] ] ] } },
{ "type": "Feature", "properties": { "id": 5840633, "nimi": "Lakisto", "kunta_name": "Espoo", "walk_min": 76.0, "walk_slow_min": 102.0, "risk": 0.796, "one_person_share": 0.504, "share_65plus": 0.22, "pop_est": 0.0 }, "geometry": { "type": "Polygon", "coordinates": [ [ [ 24.609299563476913, 60.329490030823287 ], [ 24.60477634653396, 60.329408596252328 ], [ 24.604611939539144, 60.331651336955154 ], [ 24.609135466231713, 60.331732778900886 ], [ 24.609299563476913, 60.329490030823287 ] ] ] } },
{ "type": "Feature", "properties": { "id": 5840638, "nimi": "Lakisto", "kunta_name": "Espoo", "walk_min": 60.0, "walk_slow_min": 80.0, "risk": 0.796, "one_person_share": 0.504, "share_65plus": 0.22, "pop_est": 1.0 }, "geometry": { "type": "Polygon", "coordinates": [ [ [ 24.631916039751417, 60.329894897009801 ], [ 24.62739269245273, 60.329814231334112 ], [ 24.627229834264718, 60.332057008771962 ], [ 24.631753491342323, 60.33213768175299 ], [ 24.631916039751417, 60.329894897009801 ] ] ] } },
{ "type": "Feature", "properties": { "id": 5840639, "nimi": "Lakisto", "kunta_name": "Espoo", "walk_min": 56.0, "walk_slow_min": 75.0, "risk": 0.796, "one_person_share": 0.504, "share_65plus": 0.22, "pop_est": 1.0 }, "geometry": { "type": "Polygon", "coordinates": [ [ [ 24.636439412973481, 60.32997540890117 ], [ 24.631916039751417, 60.329894897009801 ], [ 24.631753491342323, 60.33213768175299 ], [ 24.636277174349139, 60.332218200935799 ], [ 24.636439412973481, 60.32997540890117 ] ] ] } },
{ "type": "Feature", "properties": { "id": 5840640, "nimi": "Lakisto", "kunta_name": "Espoo", "walk_min": 56.0, "walk_slow_min": 76.0, "risk": 0.796, "one_person_share": 0.504, "share_65plus": 0.22, "pop_est": 1.0 }, "geometry": { "type": "Polygon", "coordinates": [ [ [ 24.640962812069667, 60.330055767006463 ], [ 24.636439412973481, 60.32997540890117 ], [ 24.636277174349139, 60.332218200935799 ], [ 24.64080088323589, 60.332298566318656 ], [ 24.640962812069667, 60.330055767006463 ] ] ] } },
{ "type": "Feature", "properties": { "id": 5840641, "nimi": "Lakisto", "kunta_name": "Espoo", "walk_min": 50.0, "walk_slow_min": 67.0, "risk": 0.796, "one_person_share": 0.504, "share_65plus": 0.22, "pop_est": 1.0 }, "geometry": { "type": "Polygon", "coordinates": [ [ [ 24.645486236990706, 60.330135971323969 ], [ 24.640962812069667, 60.330055767006463 ], [ 24.64080088323589, 60.332298566318656 ], [ 24.645324617953307, 60.332378777899827 ], [ 24.645486236990706, 60.330135971323969 ] ] ] } },
{ "type": "Feature", "properties": { "id": 5840642, "nimi": "Lakisto", "kunta_name": "Espoo", "walk_min": 45.0, "walk_slow_min": 61.0, "risk": 0.796, "one_person_share": 0.504, "share_65plus": 0.22, "pop_est": 1.0 }, "geometry": { "type": "Polygon", "coordinates": [ [ [ 24.650009687687344, 60.330216021851925 ], [ 24.645486236990706, 60.330135971323969 ], [ 24.645324617953307, 60.332378777899827 ], [ 24.649848378452116, 60.332458835677549 ], [ 24.650009687687344, 60.330216021851925 ] ] ] } },
{ "type": "Feature", "properties": { "id": 5840643, "nimi": "Lakisto", "kunta_name": "Espoo", "walk_min": 51.0, "walk_slow_min": 70.0, "risk": 0.796, "one_person_share": 0.504, "share_65plus": 0.22, "pop_est": 1.0 }, "geometry": { "type": "Polygon", "coordinates": [ [ [ 24.654533164110315, 60.330295918588604 ], [ 24.650009687687344, 60.330216021851925 ], [ 24.649848378452116, 60.332458835677549 ], [ 24.654372164683036, 60.33253873965009 ], [ 24.654533164110315, 60.330295918588604 ] ] ] } },
{ "type": "Feature", "properties": { "id": 5840644, "nimi": "Lakisto", "kunta_name": "Espoo", "walk_min": 53.0, "walk_slow_min": 72.0, "risk": 0.796, "one_person_share": 0.504, "share_65plus": 0.22, "pop_est": 1.0 }, "geometry": { "type": "Polygon", "coordinates": [ [ [ 24.659056666210347, 60.330375661532265 ], [ 24.654533164110315, 60.330295918588604 ], [ 24.654372164683036, 60.33253873965009 ], [ 24.658895976596796, 60.332618489815736 ], [ 24.659056666210347, 60.330375661532265 ] ] ] } },
{ "type": "Feature", "properties": { "id": 5840645, "nimi": "Lakisto", "kunta_name": "Espoo", "walk_min": 47.0, "walk_slow_min": 62.0, "risk": 0.796, "one_person_share": 0.504, "share_65plus": 0.22, "pop_est": 1.0 }, "geometry": { "type": "Polygon", "coordinates": [ [ [ 24.663580193938177, 60.330455250681183 ], [ 24.659056666210347, 60.330375661532265 ], [ 24.658895976596796, 60.332618489815736 ], [ 24.663419814144113, 60.332698086172748 ], [ 24.663580193938177, 60.330455250681183 ] ] ] } },
{ "type": "Feature", "properties": { "id": 5842511, "nimi": "Lakisto", "kunta_name": "Espoo", "walk_min": 58.0, "walk_slow_min": 78.0, "risk": 0.796, "one_person_share": 0.504, "share_65plus": 0.22, "pop_est": 0.0 }, "geometry": { "type": "Polygon", "coordinates": [ [ [ 24.60041784628029, 60.327084273561262 ], [ 24.595894991512953, 60.327002538846081 ], [ 24.595729991353995, 60.329245265790895 ], [ 24.600253155809902, 60.329327007907608 ], [ 24.60041784628029, 60.327084273561262 ] ] ] } },
{ "type": "Feature", "properties": { "id": 5842512, "nimi": "Lakisto", "kunta_name": "Espoo", "walk_min": 60.0, "walk_slow_min": 79.0, "risk": 0.796, "one_person_share": 0.504, "share_65plus": 0.22, "pop_est": 0.0 }, "geometry": { "type": "Polygon", "coordinates": [ [ [ 24.604940727309874, 60.327165854518299 ], [ 24.60041784628029, 60.327084273561262 ], [ 24.600253155809902, 60.329327007907608 ], [ 24.60477634653396, 60.329408596252328 ], [ 24.604940727309874, 60.327165854518299 ] ] ] } },
{ "type": "Feature", "properties": { "id": 5842513, "nimi": "Lakisto", "kunta_name": "Espoo", "walk_min": 70.0, "walk_slow_min": 94.0, "risk": 0.796, "one_person_share": 0.504, "share_65plus": 0.22, "pop_est": 0.0 }, "geometry": { "type": "Polygon", "coordinates": [ [ [ 24.609463634552462, 60.327247281715472 ], [ 24.604940727309874, 60.327165854518299 ], [ 24.60477634653396, 60.329408596252328 ], [ 24.609299563476913, 60.329490030823287 ], [ 24.609463634552462, 60.327247281715472 ] ] ] } },
{ "type": "Feature", "properties": { "id": 5842518, "nimi": "Lakisto", "kunta_name": "Espoo", "walk_min": 56.0, "walk_slow_min": 75.0, "risk": 0.796, "one_person_share": 0.504, "share_65plus": 0.22, "pop_est": 1.0 }, "geometry": { "type": "Polygon", "coordinates": [ [ [ 24.632078562237126, 60.327652111241441 ], [ 24.627555524668107, 60.327571452870089 ], [ 24.62739269245273, 60.329814231334112 ], [ 24.631916039751417, 60.329894897009801 ], [ 24.632078562237126, 60.327652111241441 ] ] ] } },
{ "type": "Feature", "properties": { "id": 5842519, "nimi": "Lakisto", "kunta_name": "Espoo", "walk_min": 53.0, "walk_slow_min": 72.0, "risk": 0.796, "one_person_share": 0.504, "share_65plus": 0.22, "pop_est": 1.0 }, "geometry": { "type": "Polygon", "coordinates": [ [ [ 24.636601625723703, 60.327732615842372 ], [ 24.632078562237126, 60.327652111241441 ], [ 24.631916039751417, 60.329894897009801 ], [ 24.636439412973481, 60.32997540890117 ], [ 24.636601625723703, 60.327732615842372 ] ] ] } },
{ "type": "Feature", "properties": { "id": 5842520, "nimi": "Lakisto", "kunta_name": "Espoo", "walk_min": 53.0, "walk_slow_min": 72.0, "risk": 0.796, "one_person_share": 0.504, "share_65plus": 0.22, "pop_est": 1.0 }, "geometry": { "type": "Polygon", "coordinates": [ [ [ 24.641124715078579, 60.327812966671111 ], [ 24.636601625723703, 60.327732615842372 ], [ 24.636439412973481, 60.32997540890117 ], [ 24.640962812069667, 60.330055767006463 ], [ 24.641124715078579, 60.327812966671111 ] ] ] } },
{ "type": "Feature", "properties": { "id": 5842521, "nimi": "Lakisto", "kunta_name": "Espoo", "walk_min": 51.0, "walk_slow_min": 68.0, "risk": 0.796, "one_person_share": 0.504, "share_65plus": 0.22, "pop_est": 1.0 }, "geometry": { "type": "Polygon", "coordinates": [ [ [ 24.645647830252511, 60.327893163725939 ], [ 24.641124715078579, 60.327812966671111 ], [ 24.640962812069667, 60.330055767006463 ], [ 24.645486236990706, 60.330135971323969 ], [ 24.645647830252511, 60.327893163725939 ] ] ] } },
{ "type": "Feature", "properties": { "id": 5842522, "nimi": "Lakisto", "kunta_name": "Espoo", "walk_min": 46.0, "walk_slow_min": 63.0, "risk": 0.796, "one_person_share": 0.504, "share_65plus": 0.22, "pop_est": 1.0 }, "geometry": { "type": "Polygon", "coordinates": [ [ [ 24.650170971196246, 60.32797320700513 ], [ 24.645647830252511, 60.327893163725939 ], [ 24.645486236990706, 60.330135971323969 ], [ 24.650009687687344, 60.330216021851925 ], [ 24.650170971196246, 60.32797320700513 ] ] ] } },
{ "type": "Feature", "properties": { "id": 5842523, "nimi": "Lakisto", "kunta_name": "Espoo", "walk_min": 53.0, "walk_slow_min": 70.0, "risk": 0.796, "one_person_share": 0.504, "share_65plus": 0.22, "pop_est": 1.0 }, "geometry": { "type": "Polygon", "coordinates": [ [ [ 24.654694137860531, 60.328053096506906 ], [ 24.650170971196246, 60.32797320700513 ], [ 24.650009687687344, 60.330216021851925 ], [ 24.654533164110315, 60.330295918588604 ], [ 24.654694137860531, 60.328053096506906 ] ] ] } },
{ "type": "Feature", "properties": { "id": 5842524, "nimi": "Lakisto", "kunta_name": "Espoo", "walk_min": 53.0, "walk_slow_min": 71.0, "risk": 0.796, "one_person_share": 0.504, "share_65plus": 0.22, "pop_est": 1.0 }, "geometry": { "type": "Polygon", "coordinates": [ [ [ 24.659217330196103, 60.328132832229578 ], [ 24.654694137860531, 60.328053096506906 ], [ 24.654533164110315, 60.330295918588604 ], [ 24.659056666210347, 60.330375661532265 ], [ 24.659217330196103, 60.328132832229578 ] ] ] } },
{ "type": "Feature", "properties": { "id": 5842525, "nimi": "Lakisto", "kunta_name": "Espoo", "walk_min": 41.0, "walk_slow_min": 54.0, "risk": 0.796, "one_person_share": 0.504, "share_65plus": 0.22, "pop_est": 1.0 }, "geometry": { "type": "Polygon", "coordinates": [ [ [ 24.663740548153715, 60.328212414171404 ], [ 24.659217330196103, 60.328132832229578 ], [ 24.659056666210347, 60.330375661532265 ], [ 24.663580193938177, 60.330455250681183 ], [ 24.663740548153715, 60.328212414171404 ] ] ] } },
{ "type": "Feature", "properties": { "id": 5844389, "nimi": "Lakisto", "kunta_name": "Espoo", "walk_min": 57.0, "walk_slow_min": 77.0, "risk": 0.796, "one_person_share": 0.504, "share_65plus": 0.22, "pop_est": 0.0 }, "geometry": { "type": "Polygon", "coordinates": [ [ [ 24.596059965360432, 60.324759810868031 ], [ 24.591537446537995, 60.324677929810932 ], [ 24.591372163057091, 60.326920650374561 ], [ 24.595894991512953, 60.327002538846081 ], [ 24.596059965360432, 60.324759810868031 ] ] ] } },
{ "type": "Feature", "properties": { "id": 5844390, "nimi": "Lakisto", "kunta_name": "Espoo", "walk_min": 56.0, "walk_slow_min": 76.0, "risk": 0.796, "one_person_share": 0.504, "share_65plus": 0.22, "pop_est": 0.0 }, "geometry": { "type": "Polygon", "coordinates": [ [ [ 24.600582510488437, 60.32484153818266 ], [ 24.596059965360432, 60.324759810868031 ], [ 24.595894991512953, 60.327002538846081 ], [ 24.60041784628029, 60.327084273561262 ], [ 24.600582510488437, 60.32484153818266 ] ] ] } },
{ "type": "Feature", "properties": { "id": 5844391, "nimi": "Lakisto", "kunta_name": "Espoo", "walk_min": 55.0, "walk_slow_min": 75.0, "risk": 0.796, "one_person_share": 0.504, "share_65plus": 0.22, "pop_est": 0.0 }, "geometry": { "type": "Polygon", "coordinates": [ [ [ 24.605105081872779, 60.32492311175308 ], [ 24.600582510488437, 60.32484153818266 ], [ 24.60041784628029, 60.327084273561262 ], [ 24.604940727309874, 60.327165854518299 ], [ 24.605105081872779, 60.32492311175308 ] ] ] } },
{ "type": "Feature", "properties": { "id": 5844392, "nimi": "Lakisto", "kunta_name": "Espoo", "walk_min": 57.0, "walk_slow_min": 77.0, "risk": 0.796, "one_person_share": 0.504, "share_65plus": 0.22, "pop_est": 0.0 }, "geometry": { "type": "Polygon", "coordinates": [ [ [ 24.609627679464239, 60.32500453157747 ], [ 24.605105081872779, 60.32492311175308 ], [ 24.604940727309874, 60.327165854518299 ], [ 24.609463634552462, 60.327247281715472 ], [ 24.609627679464239, 60.32500453157747 ] ] ] } },
{ "type": "Feature", "properties": { "id": 5844397, "nimi": "Lakisto", "kunta_name": "Espoo", "walk_min": 57.0, "walk_slow_min": 76.0, "risk": 0.796, "one_person_share": 0.504, "share_65plus": 0.22, "pop_est": 1.0 }, "geometry": { "type": "Polygon", "coordinates": [ [ [ 24.632241058805285, 60.325409324447904 ], [ 24.627718330916682, 60.325328673379886 ], [ 24.627555524668107, 60.327571452870089 ], [ 24.632078562237126, 60.327652111241441 ], [ 24.632241058805285, 60.325409324447904 ] ] ] } },
{ "type": "Feature", "properties": { "id": 5844398, "nimi": "Lakisto", "kunta_name": "Espoo", "walk_min": 52.0, "walk_slow_min": 71.0, "risk": 0.796, "one_person_share": 0.504, "share_65plus": 0.22, "pop_est": 1.0 }, "geometry": { "type": "Polygon", "coordinates": [ [ [ 24.636763812605619, 60.325489821759369 ], [ 24.632241058805285, 60.325409324447904 ], [ 24.632078562237126, 60.327652111241441 ], [ 24.636601625723703, 60.327732615842372 ], [ 24.636763812605619, 60.325489821759369 ] ] ] } },
{ "type": "Feature", "properties": { "id": 5844399, "nimi": "Lakisto", "kunta_name": "Espoo", "walk_min": 52.0, "walk_slow_min": 70.0, "risk": 0.796, "one_person_share": 0.504, "share_65plus": 0.22, "pop_est": 1.0 }, "geometry": { "type": "Polygon", "coordinates": [ [ [ 24.64128659226844, 60.325570165312548 ], [ 24.636763812605619, 60.325489821759369 ], [ 24.636601625723703, 60.327732615842372 ], [ 24.641124715078579, 60.327812966671111 ], [ 24.64128659226844, 60.325570165312548 ] ] ] } },
{ "type": "Feature", "properties": { "id": 5844400, "nimi": "Lakisto", "kunta_name": "Espoo", "walk_min": 45.0, "walk_slow_min": 61.0, "risk": 0.796, "one_person_share": 0.504, "share_65plus": 0.22, "pop_est": 1.0 }, "geometry": { "type": "Polygon", "coordinates": [ [ [ 24.645809397744515, 60.325650355105701 ], [ 24.64128659226844, 60.325570165312548 ], [ 24.641124715078579, 60.327812966671111 ], [ 24.645647830252511, 60.327893163725939 ], [ 24.645809397744515, 60.325650355105701 ] ] ] } },
{ "type": "Feature", "properties": { "id": 5844401, "nimi": "Lakisto", "kunta_name": "Espoo", "walk_min": 45.0, "walk_slow_min": 61.0, "risk": 0.796, "one_person_share": 0.504, "share_65plus": 0.22, "pop_est": 1.0 }, "geometry": { "type": "Polygon", "coordinates": [ [ [ 24.650332228984599, 60.325730391137107 ], [ 24.645809397744515, 60.325650355105701 ], [ 24.645647830252511, 60.327893163725939 ], [ 24.650170971196246, 60.32797320700513 ], [ 24.650332228984599, 60.325730391137107 ] ] ] } },
{ "type": "Feature", "properties": { "id": 5844402, "nimi": "Lakisto", "kunta_name": "Espoo", "walk_min": 42.0, "walk_slow_min": 55.0, "risk": 0.796, "one_person_share": 0.504, "share_65plus": 0.22, "pop_est": 1.0 }, "geometry": { "type": "Polygon", "coordinates": [ [ [ 24.654855085939452, 60.325810273404997 ], [ 24.650332228984599, 60.325730391137107 ], [ 24.650170971196246, 60.32797320700513 ], [ 24.654694137860531, 60.328053096506906 ], [ 24.654855085939452, 60.325810273404997 ] ] ] } },
{ "type": "Feature", "properties": { "id": 5844403, "nimi": "Lakisto", "kunta_name": "Espoo", "walk_min": 36.0, "walk_slow_min": 48.0, "risk": 0.796, "one_person_share": 0.504, "share_65plus": 0.22, "pop_est": 1.0 }, "geometry": { "type": "Polygon", "coordinates": [ [ [ 24.659377968559824, 60.325890001907666 ], [ 24.654855085939452, 60.325810273404997 ], [ 24.654694137860531, 60.328053096506906 ], [ 24.659217330196103, 60.328132832229578 ], [ 24.659377968559824, 60.325890001907666 ] ] ] } },
{ "type": "Feature", "properties": { "id": 5844404, "nimi": "Lakisto", "kunta_name": "Espoo", "walk_min": 35.0, "walk_slow_min": 46.0, "risk": 0.796, "one_person_share": 0.504, "share_65plus": 0.22, "pop_est": 1.0 }, "geometry": { "type": "Polygon", "coordinates": [ [ [ 24.663900876796475, 60.325969576643374 ], [ 24.659377968559824, 60.325890001907666 ], [ 24.659217330196103, 60.328132832229578 ], [ 24.663740548153715, 60.328212414171404 ], [ 24.663900876796475, 60.325969576643374 ] ] ] } },
{ "type": "Feature", "properties": { "id": 5846271, "nimi": "Lakisto", "kunta_name": "Espoo", "walk_min": 56.0, "walk_slow_min": 76.0, "risk": 0.796, "one_person_share": 0.504, "share_65plus": 0.22, "pop_est": 0.0 }, "geometry": { "type": "Polygon", "coordinates": [ [ [ 24.614314012359699, 60.322843039128095 ], [ 24.609791698218128, 60.322761780409323 ], [ 24.609627679464239, 60.32500453157747 ], [ 24.614150303213592, 60.325085797654125 ], [ 24.614314012359699, 60.322843039128095 ] ] ] } },
{ "type": "Feature", "properties": { "id": 5846272, "nimi": "Lakisto", "kunta_name": "Espoo", "walk_min": 58.0, "walk_slow_min": 79.0, "risk": 0.796, "one_person_share": 0.504, "share_65plus": 0.22, "pop_est": 0.0 }, "geometry": { "type": "Polygon", "coordinates": [ [ [ 24.618836352604063, 60.322924144111234 ], [ 24.614314012359699, 60.322843039128095 ], [ 24.614150303213592, 60.325085797654125 ], [ 24.618672953071602, 60.325166909981242 ], [ 24.618836352604063, 60.322924144111234 ] ] ] } },
{ "type": "Feature", "properties": { "id": 5846273, "nimi": "Lakisto", "kunta_name": "Espoo", "walk_min": 60.0, "walk_slow_min": 81.0, "risk": 0.796, "one_person_share": 0.504, "share_65plus": 0.22, "pop_est": 0.0 }, "geometry": { "type": "Polygon", "coordinates": [ [ [ 24.623358718902004, 60.323005095356976 ], [ 24.618836352604063, 60.322924144111234 ], [ 24.618672953071602, 60.325166909981242 ], [ 24.623195628989041, 60.325247868557078 ], [ 24.623358718902004, 60.323005095356976 ] ] ] } },
{ "type": "Feature", "properties": { "id": 5846274, "nimi": "Lakisto", "kunta_name": "Espoo", "walk_min": 63.0, "walk_slow_min": 85.0, "risk": 0.796, "one_person_share": 0.504, "share_65plus": 0.22, "pop_est": 0.0 }, "geometry": { "type": "Polygon", "coordinates": [ [ [ 24.627881111204292, 60.323085892863539 ], [ 24.623358718902004, 60.323005095356976 ], [ 24.623195628989041, 60.325247868557078 ], [ 24.627718330916682, 60.325328673379886 ], [ 24.627881111204292, 60.323085892863539 ] ] ] } },
{ "type": "Feature", "properties": { "id": 5846275, "nimi": "Lakisto", "kunta_name": "Espoo", "walk_min": 58.0, "walk_slow_min": 78.0, "risk": 0.796, "one_person_share": 0.504, "share_65plus": 0.22, "pop_est": 1.0 }, "geometry": { "type": "Polygon", "coordinates": [ [ [ 24.632403529461719, 60.323166536629202 ], [ 24.627881111204292, 60.323085892863539 ], [ 24.627718330916682, 60.325328673379886 ], [ 24.632241058805285, 60.325409324447904 ], [ 24.632403529461719, 60.323166536629202 ] ] ] } },
{ "type": "Feature", "properties": { "id": 5846276, "nimi": "Lakisto", "kunta_name": "Espoo", "walk_min": 57.0, "walk_slow_min": 76.0, "risk": 0.796, "one_person_share": 0.504, "share_65plus": 0.22, "pop_est": 1.0 }, "geometry": { "type": "Polygon", "coordinates": [ [ [ 24.636925973625043, 60.32324702665224 ], [ 24.632403529461719, 60.323166536629202 ], [ 24.632241058805285, 60.325409324447904 ], [ 24.636763812605619, 60.325489821759369 ], [ 24.636925973625043, 60.32324702665224 ] ] ] } },
{ "type": "Feature", "properties": { "id": 5846277, "nimi": "Lakisto", "kunta_name": "Espoo", "walk_min": 49.0, "walk_slow_min": 66.0, "risk": 0.796, "one_person_share": 0.504, "share_65plus": 0.22, "pop_est": 1.0 }, "geometry": { "type": "Polygon", "coordinates": [ [ [ 24.64144844364505, 60.323327362930868 ], [ 24.636925973625043, 60.32324702665224 ], [ 24.636763812605619, 60.325489821759369 ], [ 24.64128659226844, 60.325570165312548 ], [ 24.64144844364505, 60.323327362930868 ] ] ] } },
{ "type": "Feature", "properties": { "id": 5846278, "nimi": "Lakisto", "kunta_name": "Espoo", "walk_min": 48.0, "walk_slow_min": 65.0, "risk": 0.796, "one_person_share": 0.504, "share_65plus": 0.22, "pop_est": 1.0 }, "geometry": { "type": "Polygon", "coordinates": [ [ [ 24.645970939472505, 60.323407545463347 ], [ 24.64144844364505, 60.323327362930868 ], [ 24.64128659226844, 60.325570165312548 ], [ 24.645809397744515, 60.325650355105701 ], [ 24.645970939472505, 60.323407545463347 ] ] ] } },
{ "type": "Feature", "properties": { "id": 5846279, "nimi": "Lakisto", "kunta_name": "Espoo", "walk_min": 48.0, "walk_slow_min": 64.0, "risk": 0.796, "one_person_share": 0.504, "share_65plus": 0.22, "pop_est": 1.0 }, "geometry": { "type": "Polygon", "coordinates": [ [ [ 24.650493461058183, 60.323487574247963 ], [ 24.645970939472505, 60.323407545463347 ], [ 24.645809397744515, 60.325650355105701 ], [ 24.650332228984599, 60.325730391137107 ], [ 24.650493461058183, 60.323487574247963 ] ] ] } },
{ "type": "Feature", "properties": { "id": 5846280, "nimi": "Lakisto", "kunta_name": "Espoo", "walk_min": 40.0, "walk_slow_min": 54.0, "risk": 0.796, "one_person_share": 0.504, "share_65plus": 0.22, "pop_est": 1.0 }, "geometry": { "type": "Polygon", "coordinates": [ [ [ 24.655016008352849, 60.323567449282947 ], [ 24.650493461058183, 60.323487574247963 ], [ 24.650332228984599, 60.325730391137107 ], [ 24.654855085939452, 60.325810273404997 ], [ 24.655016008352849, 60.323567449282947 ] ] ] } },
{ "type": "Feature", "properties": { "id": 5846281, "nimi": "Lakisto", "kunta_name": "Espoo", "walk_min": 37.0, "walk_slow_min": 49.0, "risk": 0.796, "one_person_share": 0.504, "share_65plus": 0.22, "pop_est": 1.0 }, "geometry": { "type": "Polygon", "coordinates": [ [ [ 24.65953858130727, 60.323647170566588 ], [ 24.655016008352849, 60.323567449282947 ], [ 24.654855085939452, 60.325810273404997 ], [ 24.659377968559824, 60.325890001907666 ], [ 24.65953858130727, 60.323647170566588 ] ] ] } },
{ "type": "Feature", "properties": { "id": 5846282, "nimi": "Lakisto", "kunta_name": "Espoo", "walk_min": 33.0, "walk_slow_min": 44.0, "risk": 0.796, "one_person_share": 0.504, "share_65plus": 0.22, "pop_est": 1.0 }, "geometry": { "type": "Polygon", "coordinates": [ [ [ 24.66406117987221, 60.323726738097179 ], [ 24.65953858130727, 60.323647170566588 ], [ 24.659377968559824, 60.325890001907666 ], [ 24.663900876796475, 60.325969576643374 ], [ 24.66406117987221, 60.323726738097179 ] ] ] } },
{ "type": "Feature", "properties": { "id": 5848148, "nimi": "Lakisto", "kunta_name": "Espoo", "walk_min": 53.0, "walk_slow_min": 71.0, "risk": 0.796, "one_person_share": 0.504, "share_65plus": 0.22, "pop_est": 0.0 }, "geometry": { "type": "Polygon", "coordinates": [ [ [ 24.614477695403014, 60.320600279572936 ], [ 24.609955690820005, 60.320519028211031 ], [ 24.609791698218128, 60.322761780409323 ], [ 24.614314012359699, 60.322843039128095 ], [ 24.614477695403014, 60.320600279572936 ] ] ] } },
{ "type": "Feature", "properties": { "id": 5848149, "nimi": "Lakisto", "kunta_name": "Espoo", "walk_min": 59.0, "walk_slow_min": 80.0, "risk": 0.796, "one_person_share": 0.504, "share_65plus": 0.22, "pop_est": 0.0 }, "geometry": { "type": "Polygon", "coordinates": [ [ [ 24.618999726082951, 60.320681377213091 ], [ 24.614477695403014, 60.320600279572936 ], [ 24.614314012359699, 60.322843039128095 ], [ 24.618836352604063, 60.322924144111234 ], [ 24.618999726082951, 60.320681377213091 ] ] ] } },
{ "type": "Feature", "properties": { "id": 5848150, "nimi": "Lakisto", "kunta_name": "Espoo", "walk_min": 63.0, "walk_slow_min": 85.0, "risk": 0.796, "one_person_share": 0.504, "share_65plus": 0.22, "pop_est": 0.0 }, "geometry": { "type": "Polygon", "coordinates": [ [ [ 24.623521782810606, 60.320762321129727 ], [ 24.618999726082951, 60.320681377213091 ], [ 24.618836352604063, 60.322924144111234 ], [ 24.623358718902004, 60.323005095356976 ], [ 24.623521782810606, 60.320762321129727 ] ] ] } },
{ "type": "Feature", "properties": { "id": 5848151, "nimi": "Lakisto", "kunta_name": "Espoo", "walk_min": 66.0, "walk_slow_min": 88.0, "risk": 0.796, "one_person_share": 0.504, "share_65plus": 0.22, "pop_est": 0.0 }, "geometry": { "type": "Polygon", "coordinates": [ [ [ 24.628043865536775, 60.320843111321082 ], [ 24.623521782810606, 60.320762321129727 ], [ 24.623358718902004, 60.323005095356976 ], [ 24.627881111204292, 60.323085892863539 ], [ 24.628043865536775, 60.320843111321082 ] ] ] } },
{ "type": "Feature", "properties": { "id": 5848152, "nimi": "Lakisto", "kunta_name": "Espoo", "walk_min": 65.0, "walk_slow_min": 88.0, "risk": 0.796, "one_person_share": 0.504, "share_65plus": 0.22, "pop_est": 1.0 }, "geometry": { "type": "Polygon", "coordinates": [ [ [ 24.632565974212241, 60.320923747785429 ], [ 24.628043865536775, 60.320843111321082 ], [ 24.627881111204292, 60.323085892863539 ], [ 24.632403529461719, 60.323166536629202 ], [ 24.632565974212241, 60.320923747785429 ] ] ] } },
{ "type": "Feature", "properties": { "id": 5848153, "nimi": "Lakisto", "kunta_name": "Espoo", "walk_min": 65.0, "walk_slow_min": 87.0, "risk": 0.796, "one_person_share": 0.504, "share_65plus": 0.22, "pop_est": 1.0 }, "geometry": { "type": "Polygon", "coordinates": [ [ [ 24.63708810878779, 60.321004230520984 ], [ 24.632565974212241, 60.320923747785429 ], [ 24.632403529461719, 60.323166536629202 ], [ 24.636925973625043, 60.32324702665224 ], [ 24.63708810878779, 60.321004230520984 ] ] ] } },
{ "type": "Feature", "properties": { "id": 5848154, "nimi": "Lakisto", "kunta_name": "Espoo", "walk_min": 50.0, "walk_slow_min": 67.0, "risk": 0.796, "one_person_share": 0.504, "share_65plus": 0.22, "pop_est": 1.0 }, "geometry": { "type": "Polygon", "coordinates": [ [ [ 24.641610269214208, 60.321084559526057 ], [ 24.63708810878779, 60.321004230520984 ], [ 24.636925973625043, 60.32324702665224 ], [ 24.64144844364505, 60.323327362930868 ], [ 24.641610269214208, 60.321084559526057 ] ] ] } },
{ "type": "Feature", "properties": { "id": 5848155, "nimi": "Lakisto", "kunta_name": "Espoo", "walk_min": 49.0, "walk_slow_min": 66.0, "risk": 0.796, "one_person_share": 0.504, "share_65plus": 0.22, "pop_est": 1.0 }, "geometry": { "type": "Polygon", "coordinates": [ [ [ 24.646132455442277, 60.321164734798849 ], [ 24.641610269214208, 60.321084559526057 ], [ 24.64144844364505, 60.323327362930868 ], [ 24.645970939472505, 60.323407545463347 ], [ 24.646132455442277, 60.321164734798849 ] ] ] } },
{ "type": "Feature", "properties": { "id": 5848156, "nimi": "Lakisto", "kunta_name": "Espoo", "walk_min": 52.0, "walk_slow_min": 70.0, "risk": 0.796, "one_person_share": 0.504, "share_65plus": 0.22, "pop_est": 1.0 }, "geometry": { "type": "Polygon", "coordinates": [ [ [ 24.650654667422781, 60.321244756337656 ], [ 24.646132455442277, 60.321164734798849 ], [ 24.645970939472505, 60.323407545463347 ], [ 24.650493461058183, 60.323487574247963 ], [ 24.650654667422781, 60.321244756337656 ] ] ] } },
{ "type": "Feature", "properties": { "id": 5848157, "nimi": "Lakisto", "kunta_name": "Espoo", "walk_min": 57.0, "walk_slow_min": 76.0, "risk": 0.796, "one_person_share": 0.504, "share_65plus": 0.22, "pop_est": 1.0 }, "geometry": { "type": "Polygon", "coordinates": [ [ [ 24.65517690510649, 60.32132462414075 ], [ 24.650654667422781, 60.321244756337656 ], [ 24.650493461058183, 60.323487574247963 ], [ 24.655016008352849, 60.323567449282947 ], [ 24.65517690510649, 60.32132462414075 ] ] ] } },
{ "type": "Feature", "properties": { "id": 5848158, "nimi": "Lakisto", "kunta_name": "Espoo", "walk_min": 39.0, "walk_slow_min": 52.0, "risk": 0.796, "one_person_share": 0.504, "share_65plus": 0.22, "pop_est": 1.0 }, "geometry": { "type": "Polygon", "coordinates": [ [ [ 24.659699168444195, 60.321404338206349 ], [ 24.65517690510649, 60.32132462414075 ], [ 24.655016008352849, 60.323567449282947 ], [ 24.65953858130727, 60.323647170566588 ], [ 24.659699168444195, 60.321404338206349 ] ] ] } },
{ "type": "Feature", "properties": { "id": 5848159, "nimi": "Lakisto", "kunta_name": "Espoo", "walk_min": 36.0, "walk_slow_min": 48.0, "risk": 0.796, "one_person_share": 0.504, "share_65plus": 0.22, "pop_est": 1.0 }, "geometry": { "type": "Polygon", "coordinates": [ [ [ 24.66422145738666, 60.32148389853279 ], [ 24.659699168444195, 60.321404338206349 ], [ 24.65953858130727, 60.323647170566588 ], [ 24.66406117987221, 60.323726738097179 ], [ 24.66422145738666, 60.32148389853279 ] ] ] } },
{ "type": "Feature", "properties": { "id": 5850023, "nimi": "Lakisto", "kunta_name": "Espoo", "walk_min": 52.0, "walk_slow_min": 70.0, "risk": 0.796, "one_person_share": 0.504, "share_65plus": 0.22, "pop_est": 0.0 }, "geometry": { "type": "Polygon", "coordinates": [ [ [ 24.614641352349398, 60.318357518988684 ], [ 24.610119657275746, 60.318276274982658 ], [ 24.609955690820005, 60.320519028211031 ], [ 24.614477695403014, 60.320600279572936 ], [ 24.614641352349398, 60.318357518988684 ] ] ] } },
{ "type": "Feature", "properties": { "id": 5850024, "nimi": "Lakisto", "kunta_name": "Espoo", "walk_min": 65.0, "walk_slow_min": 87.0, "risk": 0.796, "one_person_share": 0.504, "share_65plus": 0.22, "pop_est": 0.0 }, "geometry": { "type": "Polygon", "coordinates": [ [ [ 24.61916307351412, 60.318438609286858 ], [ 24.614641352349398, 60.318357518988684 ], [ 24.614477695403014, 60.320600279572936 ], [ 24.618999726082951, 60.320681377213091 ], [ 24.61916307351412, 60.318438609286858 ] ] ] } },
{ "type": "Feature", "properties": { "id": 5850025, "nimi": "Lakisto", "kunta_name": "Espoo", "walk_min": 64.0, "walk_slow_min": 87.0, "risk": 0.796, "one_person_share": 0.504, "share_65plus": 0.22, "pop_est": 0.0 }, "geometry": { "type": "Polygon", "coordinates": [ [ [ 24.623684820720705, 60.31851954587539 ], [ 24.61916307351412, 60.318438609286858 ], [ 24.618999726082951, 60.320681377213091 ], [ 24.623521782810606, 60.320762321129727 ], [ 24.623684820720705, 60.31851954587539 ] ] ] } },
{ "type": "Feature", "properties": { "id": 5850026, "nimi": "Lakisto", "kunta_name": "Espoo", "walk_min": 68.0, "walk_slow_min": 93.0, "risk": 0.796, "one_person_share": 0.504, "share_65plus": 0.22, "pop_est": 0.0 }, "geometry": { "type": "Polygon", "coordinates": [ [ [ 24.628206593919959, 60.318600328752552 ], [ 24.623684820720705, 60.31851954587539 ], [ 24.623521782810606, 60.320762321129727 ], [ 24.628043865536775, 60.320843111321082 ], [ 24.628206593919959, 60.318600328752552 ] ] ] } },
{ "type": "Feature", "properties": { "id": 5850027, "nimi": "Lakisto", "kunta_name": "Espoo", "walk_min": 70.0, "walk_slow_min": 95.0, "risk": 0.796, "one_person_share": 0.504, "share_65plus": 0.22, "pop_est": 1.0 }, "geometry": { "type": "Polygon", "coordinates": [ [ [ 24.632728393062681, 60.318680957916555 ], [ 24.628206593919959, 60.318600328752552 ], [ 24.628043865536775, 60.320843111321082 ], [ 24.632565974212241, 60.320923747785429 ], [ 24.632728393062681, 60.318680957916555 ] ] ] } },
{ "type": "Feature", "properties": { "id": 5850028, "nimi": "Lakisto", "kunta_name": "Espoo", "walk_min": 71.0, "walk_slow_min": 96.0, "risk": 0.796, "one_person_share": 0.504, "share_65plus": 0.22, "pop_est": 1.0 }, "geometry": { "type": "Polygon", "coordinates": [ [ [ 24.63725021809967, 60.31876143336568 ], [ 24.632728393062681, 60.318680957916555 ], [ 24.632565974212241, 60.320923747785429 ], [ 24.63708810878779, 60.321004230520984 ], [ 24.63725021809967, 60.31876143336568 ] ] ] } },
{ "type": "Feature", "properties": { "id": 5850029, "nimi": "Lakisto", "kunta_name": "Espoo", "walk_min": 54.0, "walk_slow_min": 72.0, "risk": 0.796, "one_person_share": 0.504, "share_65plus": 0.22, "pop_est": 1.0 }, "geometry": { "type": "Polygon", "coordinates": [ [ [ 24.641772068981716, 60.318841755098141 ], [ 24.63725021809967, 60.31876143336568 ], [ 24.63708810878779, 60.321004230520984 ], [ 24.641610269214208, 60.321084559526057 ], [ 24.641772068981716, 60.318841755098141 ] ] ] } },
{ "type": "Feature", "properties": { "id": 5850030, "nimi": "Lakisto", "kunta_name": "Espoo", "walk_min": 52.0, "walk_slow_min": 71.0, "risk": 0.796, "one_person_share": 0.504, "share_65plus": 0.22, "pop_est": 1.0 }, "geometry": { "type": "Polygon", "coordinates": [ [ [ 24.646293945659615, 60.318921923112264 ], [ 24.641772068981716, 60.318841755098141 ], [ 24.641610269214208, 60.321084559526057 ], [ 24.646132455442277, 60.321164734798849 ], [ 24.646293945659615, 60.318921923112264 ] ] ] } },
{ "type": "Feature", "properties": { "id": 5850031, "nimi": "Lakisto", "kunta_name": "Espoo", "walk_min": 56.0, "walk_slow_min": 75.0, "risk": 0.796, "one_person_share": 0.504, "share_65plus": 0.22, "pop_est": 1.0 }, "geometry": { "type": "Polygon", "coordinates": [ [ [ 24.650815848084161, 60.319001937406277 ], [ 24.646293945659615, 60.318921923112264 ], [ 24.646132455442277, 60.321164734798849 ], [ 24.650654667422781, 60.321244756337656 ], [ 24.650815848084161, 60.319001937406277 ] ] ] } },
{ "type": "Feature", "properties": { "id": 5850032, "nimi": "Lakisto", "kunta_name": "Espoo", "walk_min": 45.0, "walk_slow_min": 60.0, "risk": 0.796, "one_person_share": 0.504, "share_65plus": 0.22, "pop_est": 1.0 }, "geometry": { "type": "Polygon", "coordinates": [ [ [ 24.655337776206146, 60.319081797978427 ], [ 24.650815848084161, 60.319001937406277 ], [ 24.650654667422781, 60.321244756337656 ], [ 24.65517690510649, 60.32132462414075 ], [ 24.655337776206146, 60.319081797978427 ] ] ] } },
{ "type": "Feature", "properties": { "id": 5850033, "nimi": "Lakisto", "kunta_name": "Espoo", "walk_min": 42.0, "walk_slow_min": 57.0, "risk": 0.796, "one_person_share": 0.504, "share_65plus": 0.22, "pop_est": 1.0 }, "geometry": { "type": "Polygon", "coordinates": [ [ [ 24.65985972997635, 60.319161504826994 ], [ 24.655337776206146, 60.319081797978427 ], [ 24.65517690510649, 60.32132462414075 ], [ 24.659699168444195, 60.321404338206349 ], [ 24.65985972997635, 60.319161504826994 ] ] ] } },
{ "type": "Feature", "properties": { "id": 5850034, "nimi": "Lakisto", "kunta_name": "Espoo", "walk_min": 39.0, "walk_slow_min": 53.0, "risk": 0.796, "one_person_share": 0.504, "share_65plus": 0.22, "pop_est": 1.0 }, "geometry": { "type": "Polygon", "coordinates": [ [ [ 24.664381709345573, 60.319241057950279 ], [ 24.65985972997635, 60.319161504826994 ], [ 24.659699168444195, 60.321404338206349 ], [ 24.66422145738666, 60.32148389853279 ], [ 24.664381709345573, 60.319241057950279 ] ] ] } },
{ "type": "Feature", "properties": { "id": 5851897, "nimi": "Lakisto", "kunta_name": "Espoo", "walk_min": 52.0, "walk_slow_min": 71.0, "risk": 0.796, "one_person_share": 0.504, "share_65plus": 0.22, "pop_est": 0.0 }, "geometry": { "type": "Polygon", "coordinates": [ [ [ 24.614804983204721, 60.316114757375374 ], [ 24.610283597591224, 60.316033520724183 ], [ 24.610119657275746, 60.318276274982658 ], [ 24.614641352349398, 60.318357518988684 ], [ 24.614804983204721, 60.316114757375374 ] ] ] } },
{ "type": "Feature", "properties": { "id": 5851898, "nimi": "Lakisto", "kunta_name": "Espoo", "walk_min": 56.0, "walk_slow_min": 76.0, "risk": 0.796, "one_person_share": 0.504, "share_65plus": 0.22, "pop_est": 0.0 }, "geometry": { "type": "Polygon", "coordinates": [ [ [ 24.619326394903414, 60.316195840332576 ], [ 24.614804983204721, 60.316114757375374 ], [ 24.614641352349398, 60.318357518988684 ], [ 24.61916307351412, 60.318438609286858 ], [ 24.619326394903414, 60.316195840332576 ] ] ] } },
{ "type": "Feature", "properties": { "id": 5851899, "nimi": "Lakisto", "kunta_name": "Espoo", "walk_min": 64.0, "walk_slow_min": 87.0, "risk": 0.796, "one_person_share": 0.504, "share_65plus": 0.22, "pop_est": 0.0 }, "geometry": { "type": "Polygon", "coordinates": [ [ [ 24.62384783263813, 60.316276769594019 ], [ 24.619326394903414, 60.316195840332576 ], [ 24.61916307351412, 60.318438609286858 ], [ 24.623684820720705, 60.31851954587539 ], [ 24.62384783263813, 60.316276769594019 ] ] ] } },
{ "type": "Feature", "properties": { "id": 5851900, "nimi": "Lakisto", "kunta_name": "Espoo", "walk_min": 70.0, "walk_slow_min": 94.0, "risk": 0.796, "one_person_share": 0.504, "share_65plus": 0.22, "pop_est": 0.0 }, "geometry": { "type": "Polygon", "coordinates": [ [ [ 24.628369296359672, 60.316357545157949 ], [ 24.62384783263813, 60.316276769594019 ], [ 24.623684820720705, 60.31851954587539 ], [ 24.628206593919959, 60.318600328752552 ], [ 24.628369296359672, 60.316357545157949 ] ] ] } },
{ "type": "Feature", "properties": { "id": 5851901, "nimi": "Lakisto", "kunta_name": "Espoo", "walk_min": 69.0, "walk_slow_min": 93.0, "risk": 0.796, "one_person_share": 0.504, "share_65plus": 0.22, "pop_est": 1.0 }, "geometry": { "type": "Polygon", "coordinates": [ [ [ 24.632890786018855, 60.316438167022618 ], [ 24.628369296359672, 60.316357545157949 ], [ 24.628206593919959, 60.318600328752552 ], [ 24.632728393062681, 60.318680957916555 ], [ 24.632890786018855, 60.316438167022618 ] ] ] } },
{ "type": "Feature", "properties": { "id": 5851902, "nimi": "Lakisto", "kunta_name": "Espoo", "walk_min": 69.0, "walk_slow_min": 92.0, "risk": 0.796, "one_person_share": 0.504, "share_65plus": 0.22, "pop_est": 1.0 }, "geometry": { "type": "Polygon", "coordinates": [ [ [ 24.637412301566485, 60.316518635186256 ], [ 24.632890786018855, 60.316438167022618 ], [ 24.632728393062681, 60.318680957916555 ], [ 24.63725021809967, 60.31876143336568 ], [ 24.637412301566485, 60.316518635186256 ] ] ] } },
{ "type": "Feature", "properties": { "id": 5851903, "nimi": "Lakisto", "kunta_name": "Espoo", "walk_min": 57.0, "walk_slow_min": 77.0, "risk": 0.796, "one_person_share": 0.504, "share_65plus": 0.22, "pop_est": 1.0 }, "geometry": { "type": "Polygon", "coordinates": [ [ [ 24.641933842953367, 60.316598949647187 ], [ 24.637412301566485, 60.316518635186256 ], [ 24.63725021809967, 60.31876143336568 ], [ 24.641772068981716, 60.318841755098141 ], [ 24.641933842953367, 60.316598949647187 ] ] ] } },
{ "type": "Feature", "properties": { "id": 5851904, "nimi": "Lakisto", "kunta_name": "Espoo", "walk_min": 55.0, "walk_slow_min": 74.0, "risk": 0.796, "one_person_share": 0.504, "share_65plus": 0.22, "pop_est": 1.0 }, "geometry": { "type": "Polygon", "coordinates": [ [ [ 24.646455410130308, 60.316679110403605 ], [ 24.641933842953367, 60.316598949647187 ], [ 24.641772068981716, 60.318841755098141 ], [ 24.646293945659615, 60.318921923112264 ], [ 24.646455410130308, 60.316679110403605 ] ] ] } },
{ "type": "Feature", "properties": { "id": 5851905, "nimi": "Lakisto", "kunta_name": "Espoo", "walk_min": 56.0, "walk_slow_min": 75.0, "risk": 0.796, "one_person_share": 0.504, "share_65plus": 0.22, "pop_est": 1.0 }, "geometry": { "type": "Polygon", "coordinates": [ [ [ 24.650977003048109, 60.316759117453785 ], [ 24.646455410130308, 60.316679110403605 ], [ 24.646293945659615, 60.318921923112264 ], [ 24.650815848084161, 60.319001937406277 ], [ 24.650977003048109, 60.316759117453785 ] ] ] } },
{ "type": "Feature", "properties": { "id": 5851906, "nimi": "Lakisto", "kunta_name": "Espoo", "walk_min": 45.0, "walk_slow_min": 60.0, "risk": 0.796, "one_person_share": 0.504, "share_65plus": 0.22, "pop_est": 1.0 }, "geometry": { "type": "Polygon", "coordinates": [ [ [ 24.655498621657575, 60.316838970796006 ], [ 24.650977003048109, 60.316759117453785 ], [ 24.650815848084161, 60.319001937406277 ], [ 24.655337776206146, 60.319081797978427 ], [ 24.655498621657575, 60.316838970796006 ] ] ] } },
{ "type": "Feature", "properties": { "id": 5851907, "nimi": "Lakisto", "kunta_name": "Espoo", "walk_min": 45.0, "walk_slow_min": 60.0, "risk": 0.796, "one_person_share": 0.504, "share_65plus": 0.22, "pop_est": 1.0 }, "geometry": { "type": "Polygon", "coordinates": [ [ [ 24.660020265909498, 60.316918670428542 ], [ 24.655498621657575, 60.316838970796006 ], [ 24.655337776206146, 60.319081797978427 ], [ 24.65985972997635, 60.319161504826994 ], [ 24.660020265909498, 60.316918670428542 ] ] ] } },
{ "type": "Feature", "properties": { "id": 5853770, "nimi": "Lakisto", "kunta_name": "Espoo", "walk_min": 58.0, "walk_slow_min": 78.0, "risk": 0.796, "one_person_share": 0.504, "share_65plus": 0.22, "pop_est": 0.0 }, "geometry": { "type": "Polygon", "coordinates": [ [ [ 24.614968587974836, 60.313871994732999 ], [ 24.610447511772318, 60.313790765435634 ], [ 24.610283597591224, 60.316033520724183 ], [ 24.614804983204721, 60.316114757375374 ], [ 24.614968587974836, 60.313871994732999 ] ] ] } },
{ "type": "Feature", "properties": { "id": 5853771, "nimi": "Lakisto", "kunta_name": "Espoo", "walk_min": 57.0, "walk_slow_min": 77.0, "risk": 0.796, "one_person_share": 0.504, "share_65plus": 0.22, "pop_est": 0.0 }, "geometry": { "type": "Polygon", "coordinates": [ [ [ 24.6194896902567, 60.31395307035023 ], [ 24.614968587974836, 60.313871994732999 ], [ 24.614804983204721, 60.316114757375374 ], [ 24.619326394903414, 60.316195840332576 ], [ 24.6194896902567, 60.31395307035023 ] ] ] } },
{ "type": "Feature", "properties": { "id": 5853772, "nimi": "Lakisto", "kunta_name": "Espoo", "walk_min": 62.0, "walk_slow_min": 84.0, "risk": 0.796, "one_person_share": 0.504, "share_65plus": 0.22, "pop_est": 0.0 }, "geometry": { "type": "Polygon", "coordinates": [ [ [ 24.624010818568731, 60.314033992285566 ], [ 24.6194896902567, 60.31395307035023 ], [ 24.619326394903414, 60.316195840332576 ], [ 24.62384783263813, 60.316276769594019 ], [ 24.624010818568731, 60.314033992285566 ] ] ] } },
{ "type": "Feature", "properties": { "id": 5853773, "nimi": "Lakisto", "kunta_name": "Espoo", "walk_min": 64.0, "walk_slow_min": 86.0, "risk": 0.796, "one_person_share": 0.504, "share_65plus": 0.22, "pop_est": 0.0 }, "geometry": { "type": "Polygon", "coordinates": [ [ [ 24.628531972861754, 60.314114760537272 ], [ 24.624010818568731, 60.314033992285566 ], [ 24.62384783263813, 60.316276769594019 ], [ 24.628369296359672, 60.316357545157949 ], [ 24.628531972861754, 60.314114760537272 ] ] ] } },
{ "type": "Feature", "properties": { "id": 5855642, "nimi": "Lakisto", "kunta_name": "Espoo", "walk_min": 53.0, "walk_slow_min": 72.0, "risk": 0.796, "one_person_share": 0.504, "share_65plus": 0.22, "pop_est": 0.0 }, "geometry": { "type": "Polygon", "coordinates": [ [ [ 24.61513216666561, 60.311629231061588 ], [ 24.610611399824894, 60.311548009117075 ], [ 24.610447511772318, 60.313790765435634 ], [ 24.614968587974836, 60.313871994732999 ], [ 24.61513216666561, 60.311629231061588 ] ] ] } },
{ "type": "Feature", "properties": { "id": 5855643, "nimi": "Lakisto", "kunta_name": "Espoo", "walk_min": 58.0, "walk_slow_min": 78.0, "risk": 0.796, "one_person_share": 0.504, "share_65plus": 0.22, "pop_est": 0.0 }, "geometry": { "type": "Polygon", "coordinates": [ [ [ 24.619652959579813, 60.311710299339843 ], [ 24.61513216666561, 60.311629231061588 ], [ 24.614968587974836, 60.313871994732999 ], [ 24.6194896902567, 60.31395307035023 ], [ 24.619652959579813, 60.311710299339843 ] ] ] } },
{ "type": "Feature", "properties": { "id": 5855644, "nimi": "Lakisto", "kunta_name": "Espoo", "walk_min": 62.0, "walk_slow_min": 84.0, "risk": 0.796, "one_person_share": 0.504, "share_65plus": 0.22, "pop_est": 0.0 }, "geometry": { "type": "Polygon", "coordinates": [ [ [ 24.62417377851834, 60.311791213950137 ], [ 24.619652959579813, 60.311710299339843 ], [ 24.6194896902567, 60.31395307035023 ], [ 24.624010818568731, 60.314033992285566 ], [ 24.62417377851834, 60.311791213950137 ] ] ] } },
{ "type": "Feature", "properties": { "id": 5855645, "nimi": "Lakisto", "kunta_name": "Espoo", "walk_min": 62.0, "walk_slow_min": 83.0, "risk": 0.796, "one_person_share": 0.504, "share_65plus": 0.22, "pop_est": 0.0 }, "geometry": { "type": "Polygon", "coordinates": [ [ [ 24.628694623432018, 60.311871974890614 ], [ 24.62417377851834, 60.311791213950137 ], [ 24.624010818568731, 60.314033992285566 ], [ 24.628531972861754, 60.314114760537272 ], [ 24.628694623432018, 60.311871974890614 ] ] ] } },
{ "type": "Feature", "properties": { "id": 5857512, "nimi": "Lakisto", "kunta_name": "Espoo", "walk_min": 48.0, "walk_slow_min": 63.0, "risk": 0.796, "one_person_share": 0.504, "share_65plus": 0.22, "pop_est": 0.0 }, "geometry": { "type": "Polygon", "coordinates": [ [ [ 24.615295719282898, 60.309386466361211 ], [ 24.610775261754817, 60.309305251768514 ], [ 24.610611399824894, 60.311548009117075 ], [ 24.61513216666561, 60.311629231061588 ], [ 24.615295719282898, 60.309386466361211 ] ] ] } },
{ "type": "Feature", "properties": { "id": 5857513, "nimi": "Lakisto", "kunta_name": "Espoo", "walk_min": 60.0, "walk_slow_min": 81.0, "risk": 0.796, "one_person_share": 0.504, "share_65plus": 0.22, "pop_est": 0.0 }, "geometry": { "type": "Polygon", "coordinates": [ [ [ 24.619816202878607, 60.309467527301507 ], [ 24.615295719282898, 60.309386466361211 ], [ 24.61513216666561, 60.311629231061588 ], [ 24.619652959579813, 60.311710299339843 ], [ 24.619816202878607, 60.309467527301507 ] ] ] } },
{ "type": "Feature", "properties": { "id": 5857514, "nimi": "Lakisto", "kunta_name": "Espoo", "walk_min": 56.0, "walk_slow_min": 76.0, "risk": 0.796, "one_person_share": 0.504, "share_65plus": 0.22, "pop_est": 0.0 }, "geometry": { "type": "Polygon", "coordinates": [ [ [ 24.624336712492791, 60.30954843458769 ], [ 24.619816202878607, 60.309467527301507 ], [ 24.619652959579813, 60.311710299339843 ], [ 24.62417377851834, 60.311791213950137 ], [ 24.624336712492791, 60.30954843458769 ] ] ] } },
{ "type": "Feature", "properties": { "id": 5857515, "nimi": "Lakisto", "kunta_name": "Espoo", "walk_min": 57.0, "walk_slow_min": 77.0, "risk": 0.796, "one_person_share": 0.504, "share_65plus": 0.22, "pop_est": 0.0 }, "geometry": { "type": "Polygon", "coordinates": [ [ [ 24.628857248076294, 60.309629188217976 ], [ 24.624336712492791, 60.30954843458769 ], [ 24.62417377851834, 60.311791213950137 ], [ 24.628694623432018, 60.311871974890614 ], [ 24.628857248076294, 60.309629188217976 ] ] ] } },
{ "type": "Feature", "properties": { "id": 5859380, "nimi": "Lakisto", "kunta_name": "Espoo", "walk_min": 42.0, "walk_slow_min": 56.0, "risk": 0.796, "one_person_share": 0.504, "share_65plus": 0.22, "pop_est": 0.0 }, "geometry": { "type": "Polygon", "coordinates": [ [ [ 24.615459245832557, 60.307143700631812 ], [ 24.610939097567961, 60.307062493389957 ], [ 24.610775261754817, 60.309305251768514 ], [ 24.615295719282898, 60.309386466361211 ], [ 24.615459245832557, 60.307143700631812 ] ] ] } },
{ "type": "Feature", "properties": { "id": 5859381, "nimi": "Lakisto", "kunta_name": "Espoo", "walk_min": 62.0, "walk_slow_min": 83.0, "risk": 0.796, "one_person_share": 0.504, "share_65plus": 0.22, "pop_est": 0.0 }, "geometry": { "type": "Polygon", "coordinates": [ [ [ 24.619979420158923, 60.307224754235165 ], [ 24.615459245832557, 60.307143700631812 ], [ 24.615295719282898, 60.309386466361211 ], [ 24.619816202878607, 60.309467527301507 ], [ 24.619979420158923, 60.307224754235165 ] ] ] } },
{ "type": "Feature", "properties": { "id": 5859382, "nimi": "Lakisto", "kunta_name": "Espoo", "walk_min": 53.0, "walk_slow_min": 72.0, "risk": 0.796, "one_person_share": 0.504, "share_65plus": 0.22, "pop_est": 0.0 }, "geometry": { "type": "Polygon", "coordinates": [ [ [ 24.624499620497922, 60.30730565419826 ], [ 24.619979420158923, 60.307224754235165 ], [ 24.619816202878607, 60.309467527301507 ], [ 24.624336712492791, 60.30954843458769 ], [ 24.624499620497922, 60.30730565419826 ] ] ] } },
{ "type": "Feature", "properties": { "id": 5859383, "nimi": "Lakisto", "kunta_name": "Espoo", "walk_min": 55.0, "walk_slow_min": 74.0, "risk": 0.796, "one_person_share": 0.504, "share_65plus": 0.22, "pop_est": 0.0 }, "geometry": { "type": "Polygon", "coordinates": [ [ [ 24.629019846800411, 60.307386400519334 ], [ 24.624499620497922, 60.30730565419826 ], [ 24.624336712492791, 60.30954843458769 ], [ 24.628857248076294, 60.309629188217976 ], [ 24.629019846800411, 60.307386400519334 ] ] ] } },
{ "type": "Feature", "properties": { "id": 5920326, "nimi": "Viherlaakso", "kunta_name": "Espoo", "walk_min": 14.0, "walk_slow_min": 18.0, "risk": 0.691, "one_person_share": 0.443, "share_65plus": 0.22, "pop_est": 117.0 }, "geometry": { "type": "Polygon", "coordinates": [ [ [ 24.742619847047294, 60.235260007237088 ], [ 24.738109195624716, 60.235183178521254 ], [ 24.73795452687401, 60.237426163606671 ], [ 24.742465486096904, 60.237502999267285 ], [ 24.742619847047294, 60.235260007237088 ] ] ] } },
{ "type": "Feature", "properties": { "id": 5920328, "nimi": "Viherlaakso", "kunta_name": "Espoo", "walk_min": 13.0, "walk_slow_min": 17.0, "risk": 0.691, "one_person_share": 0.443, "share_65plus": 0.22, "pop_est": 186.0 }, "geometry": { "type": "Polygon", "coordinates": [ [ [ 24.751641223499192, 60.23541320498385 ], [ 24.747130523021728, 60.235336682725183 ], [ 24.746976469877161, 60.237579681686341 ], [ 24.751487478165931, 60.237656210862177 ], [ 24.751641223499192, 60.23541320498385 ] ] ] } },
{ "type": "Feature", "properties": { "id": 5920329, "nimi": "Viherlaakso", "kunta_name": "Espoo", "walk_min": 11.0, "walk_slow_min": 14.0, "risk": 0.691, "one_person_share": 0.443, "share_65plus": 0.22, "pop_est": 186.0 }, "geometry": { "type": "Polygon", "coordinates": [ [ [ 24.756151948430855, 60.235489574011474 ], [ 24.751641223499192, 60.23541320498385 ], [ 24.751487478165931, 60.237656210862177 ], [ 24.755998510914381, 60.237732586793136 ], [ 24.756151948430855, 60.235489574011474 ] ] ] } },
{ "type": "Feature", "properties": { "id": 5922150, "nimi": "Viherlaakso", "kunta_name": "Espoo", "walk_min": 10.0, "walk_slow_min": 13.0, "risk": 0.691, "one_person_share": 0.443, "share_65plus": 0.22, "pop_est": 117.0 }, "geometry": { "type": "Polygon", "coordinates": [ [ [ 24.742774183445828, 60.233017014204982 ], [ 24.738263839774735, 60.232940192433013 ], [ 24.738109195624716, 60.235183178521254 ], [ 24.742619847047294, 60.235260007237088 ], [ 24.742774183445828, 60.233017014204982 ] ] ] } },
{ "type": "Feature", "properties": { "id": 5922152, "nimi": "Viherlaakso", "kunta_name": "Espoo", "walk_min": 13.0, "walk_slow_min": 17.0, "risk": 0.691, "one_person_share": 0.443, "share_65plus": 0.22, "pop_est": 186.0 }, "geometry": { "type": "Polygon", "coordinates": [ [ [ 24.751794944378254, 60.233170198105512 ], [ 24.747284551663274, 60.233093682763041 ], [ 24.747130523021728, 60.235336682725183 ], [ 24.751641223499192, 60.23541320498385 ], [ 24.751794944378254, 60.233170198105512 ] ] ] } },
{ "type": "Feature", "properties": { "id": 5922153, "nimi": "Viherlaakso", "kunta_name": "Espoo", "walk_min": 15.0, "walk_slow_min": 19.0, "risk": 0.691, "one_person_share": 0.443, "share_65plus": 0.22, "pop_est": 186.0 }, "geometry": { "type": "Polygon", "coordinates": [ [ [ 24.756305361541958, 60.233246560230747 ], [ 24.751794944378254, 60.233170198105512 ], [ 24.751641223499192, 60.23541320498385 ], [ 24.756151948430855, 60.235489574011474 ], [ 24.756305361541958, 60.233246560230747 ] ] ] } },
{ "type": "Feature", "properties": { "id": 5923970, "nimi": "Viherlaakso", "kunta_name": "Espoo", "walk_min": 12.0, "walk_slow_min": 14.0, "risk": 0.691, "one_person_share": 0.443, "share_65plus": 0.22, "pop_est": 117.0 }, "geometry": { "type": "Polygon", "coordinates": [ [ [ 24.733908447950828, 60.23062023731439 ], [ 24.729398461210533, 60.230543116090047 ], [ 24.72924322626687, 60.232786089253878 ], [ 24.733753520698812, 60.232863217448738 ], [ 24.733908447950828, 60.23062023731439 ] ] ] } },
{ "type": "Feature", "properties": { "id": 5923974, "nimi": "Viherlaakso", "kunta_name": "Espoo", "walk_min": 11.0, "walk_slow_min": 14.0, "risk": 0.691, "one_person_share": 0.443, "share_65plus": 0.22, "pop_est": 186.0 }, "geometry": { "type": "Polygon", "coordinates": [ [ [ 24.7519486408086, 60.230927190227206 ], [ 24.747438555807278, 60.230850681800007 ], [ 24.747284551663274, 60.233093682763041 ], [ 24.751794944378254, 60.233170198105512 ], [ 24.7519486408086, 60.230927190227206 ] ] ] } },
{ "type": "Feature", "properties": { "id": 5925790, "nimi": "Viherlaakso", "kunta_name": "Espoo", "walk_min": 13.0, "walk_slow_min": 16.0, "risk": 0.691, "one_person_share": 0.443, "share_65plus": 0.22, "pop_est": 117.0 }, "geometry": { "type": "Polygon", "coordinates": [ [ [ 24.734063350564387, 60.228377256176266 ], [ 24.729553671466931, 60.228300141921501 ], [ 24.729398461210533, 60.230543116090047 ], [ 24.733908447950828, 60.23062023731439 ], [ 24.734063350564387, 60.228377256176266 ] ] ] } },
{ "type": "Feature", "properties": { "id": 5927609, "nimi": "Viherlaakso", "kunta_name": "Espoo", "walk_min": 12.0, "walk_slow_min": 15.0, "risk": 0.691, "one_person_share": 0.443, "share_65plus": 0.22, "pop_est": 119.0 }, "geometry": { "type": "Polygon", "coordinates": [ [ [ 24.729708857041601, 60.226057166748291 ], [ 24.725199510214402, 60.225979906294612 ], [ 24.725044017051207, 60.228222874485404 ], [ 24.729553671466931, 60.228300141921501 ], [ 24.729708857041601, 60.226057166748291 ] ] ] } },
{ "type": "Feature", "properties": { "id": 5931248, "nimi": "Viherlaakso", "kunta_name": "Espoo", "walk_min": 10.0, "walk_slow_min": 13.0, "risk": 0.691, "one_person_share": 0.443, "share_65plus": 0.22, "pop_est": 91.0 }, "geometry": { "type": "Polygon", "coordinates": [ [ [ 24.748054327517668, 60.221878667938867 ], [ 24.743545497353143, 60.22180203401679 ], [ 24.7433912836314, 60.224045032058065 ], [ 24.747900421308945, 60.224121672905454 ], [ 24.748054327517668, 60.221878667938867 ] ] ] } },
{ "type": "Feature", "properties": { "id": 5931249, "nimi": "Viherlaakso", "kunta_name": "Espoo", "walk_min": 12.0, "walk_slow_min": 15.0, "risk": 0.691, "one_person_share": 0.443, "share_65plus": 0.22, "pop_est": 91.0 }, "geometry": { "type": "Polygon", "coordinates": [ [ [ 24.752563182152304, 60.221955148714422 ], [ 24.748054327517668, 60.221878667938867 ], [ 24.747900421308945, 60.224121672905454 ], [ 24.752409583462079, 60.224198160592522 ], [ 24.752563182152304, 60.221955148714422 ] ] ] } },
{ "type": "Feature", "properties": { "id": 5961833, "nimi": "Olari", "kunta_name": "Espoo", "walk_min": 15.0, "walk_slow_min": 19.0, "risk": 0.671, "one_person_share": 0.465, "share_65plus": 0.205, "pop_est": 1.0 }, "geometry": { "type": "Polygon", "coordinates": [ [ [ 24.705631999643238, 60.182975386259351 ], [ 24.701128636191495, 60.182897340893277 ], [ 24.700971771991934, 60.185140286112052 ], [ 24.705475442074086, 60.185218338525139 ], [ 24.705631999643238, 60.182975386259351 ] ] ] } },
{ "type": "Feature", "properties": { "id": 5961834, "nimi": "Olari", "kunta_name": "Espoo", "walk_min": 16.0, "walk_slow_min": 21.0, "risk": 0.671, "one_person_share": 0.465, "share_65plus": 0.205, "pop_est": 1.0 }, "geometry": { "type": "Polygon", "coordinates": [ [ [ 24.710135387957859, 60.183053278729943 ], [ 24.705631999643238, 60.182975386259351 ], [ 24.705475442074086, 60.185218338525139 ], [ 24.709979137024671, 60.185296238028968 ], [ 24.710135387957859, 60.183053278729943 ] ] ] } },
{ "type": "Feature", "properties": { "id": 5963602, "nimi": "Olari", "kunta_name": "Espoo", "walk_min": 10.0, "walk_slow_min": 12.0, "risk": 0.671, "one_person_share": 0.465, "share_65plus": 0.205, "pop_est": 12.0 }, "geometry": { "type": "Polygon", "coordinates": [ [ [ 24.701285475479615, 60.18065439466352 ], [ 24.69678244351558, 60.180576203463474 ], [ 24.696625297651185, 60.182819142633434 ], [ 24.701128636191495, 60.182897340893277 ], [ 24.701285475479615, 60.18065439466352 ] ] ] } },
{ "type": "Feature", "properties": { "id": 5963603, "nimi": "Olari", "kunta_name": "Espoo", "walk_min": 11.0, "walk_slow_min": 14.0, "risk": 0.671, "one_person_share": 0.465, "share_65plus": 0.205, "pop_est": 12.0 }, "geometry": { "type": "Polygon", "coordinates": [ [ [ 24.705788532349516, 60.18073243298354 ], [ 24.701285475479615, 60.18065439466352 ], [ 24.701128636191495, 60.182897340893277 ], [ 24.705631999643238, 60.182975386259351 ], [ 24.705788532349516, 60.18073243298354 ] ] ] } },
{ "type": "Feature", "properties": { "id": 5963604, "nimi": "Olari", "kunta_name": "Espoo", "walk_min": 12.0, "walk_slow_min": 16.0, "risk": 0.671, "one_person_share": 0.465, "share_65plus": 0.205, "pop_est": 12.0 }, "geometry": { "type": "Polygon", "coordinates": [ [ [ 24.710291614076734, 60.180810318421834 ], [ 24.705788532349516, 60.18073243298354 ], [ 24.705631999643238, 60.182975386259351 ], [ 24.710135387957859, 60.183053278729943 ], [ 24.710291614076734, 60.180810318421834 ] ] ] } },
{ "type": "Feature", "properties": { "id": 5963605, "nimi": "Olari", "kunta_name": "Espoo", "walk_min": 15.0, "walk_slow_min": 20.0, "risk": 0.671, "one_person_share": 0.465, "share_65plus": 0.205, "pop_est": 145.0 }, "geometry": { "type": "Polygon", "coordinates": [ [ [ 24.714794720612716, 60.180888050976755 ], [ 24.710291614076734, 60.180810318421834 ], [ 24.710135387957859, 60.183053278729943 ], [ 24.714638801086796, 60.183131018303378 ], [ 24.714794720612716, 60.180888050976755 ] ] ] } },
{ "type": "Feature", "properties": { "id": 5963606, "nimi": "Olari", "kunta_name": "Espoo", "walk_min": 14.0, "walk_slow_min": 19.0, "risk": 0.671, "one_person_share": 0.465, "share_65plus": 0.205, "pop_est": 145.0 }, "geometry": { "type": "Polygon", "coordinates": [ [ [ 24.719297851908912, 60.180965630646639 ], [ 24.714794720612716, 60.180888050976755 ], [ 24.714638801086796, 60.183131018303378 ], [ 24.71914223898148, 60.183208604977999 ], [ 24.719297851908912, 60.180965630646639 ] ] ] } },
{ "type": "Feature", "properties": { "id": 5963607, "nimi": "Olari", "kunta_name": "Espoo", "walk_min": 13.0, "walk_slow_min": 16.0, "risk": 0.671, "one_person_share": 0.465, "share_65plus": 0.205, "pop_est": 145.0 }, "geometry": { "type": "Polygon", "coordinates": [ [ [ 24.723801007916759, 60.181043057429775 ], [ 24.719297851908912, 60.180965630646639 ], [ 24.71914223898148, 60.183208604977999 ], [ 24.723645701593348, 60.183286038752108 ], [ 24.723801007916759, 60.181043057429775 ] ] ] } },
{ "type": "Feature", "properties": { "id": 5963608, "nimi": "Olari", "kunta_name": "Espoo", "walk_min": 11.0, "walk_slow_min": 15.0, "risk": 0.671, "one_person_share": 0.465, "share_65plus": 0.205, "pop_est": 145.0 }, "geometry": { "type": "Polygon", "coordinates": [ [ [ 24.728304188587703, 60.181120331324536 ], [ 24.723801007916759, 60.181043057429775 ], [ 24.723645701593348, 60.183286038752108 ], [ 24.728149188873832, 60.183363319624064 ], [ 24.728304188587703, 60.181120331324536 ] ] ] } },
{ "type": "Feature", "properties": { "id": 5963625, "nimi": "Tapiola", "kunta_name": "Espoo", "walk_min": 9.0, "walk_slow_min": 11.0, "risk": 0.909, "one_person_share": 0.536, "share_65plus": 0.256, "pop_est": 192.0 }, "geometry": { "type": "Polygon", "coordinates": [ [ [ 24.804861986388229, 60.182410594012936 ], [ 24.80035839387541, 60.182335919472564 ], [ 24.800208300655612, 60.184579017534055 ], [ 24.804712199870103, 60.184653698817442 ], [ 24.804861986388229, 60.182410594012936 ] ] ] } },
{ "type": "Feature", "properties": { "id": 5963627, "nimi": "Otsolahti", "kunta_name": "Espoo", "walk_min": 10.0, "walk_slow_min": 13.0, "risk": 0.669, "one_person_share": 0.476, "share_65plus": 0.195, "pop_est": 192.0 }, "geometry": { "type": "Polygon", "coordinates": [ [ [ 24.813869242731659, 60.182559484338569 ], [ 24.809365602689841, 60.182485115635465 ], [ 24.809216122878709, 60.184728227169224 ], [ 24.813720069632829, 60.184802602587801 ], [ 24.813869242731659, 60.182559484338569 ] ] ] } },
{ "type": "Feature", "properties": { "id": 5965370, "nimi": "Olari", "kunta_name": "Espoo", "walk_min": 10.0, "walk_slow_min": 12.0, "risk": 0.671, "one_person_share": 0.465, "share_65plus": 0.205, "pop_est": 12.0 }, "geometry": { "type": "Polygon", "coordinates": [ [ [ 24.710447815386846, 60.178567357104711 ], [ 24.705945040198479, 60.178489478697728 ], [ 24.705788532349516, 60.18073243298354 ], [ 24.710291614076734, 60.180810318421834 ], [ 24.710447815386846, 60.178567357104711 ] ] ] } },
{ "type": "Feature", "properties": { "id": 5965371, "nimi": "Olari", "kunta_name": "Espoo", "walk_min": 17.0, "walk_slow_min": 22.0, "risk": 0.671, "one_person_share": 0.465, "share_65plus": 0.205, "pop_est": 145.0 }, "geometry": { "type": "Polygon", "coordinates": [ [ [ 24.714950615378427, 60.178645082642078 ], [ 24.710447815386846, 60.178567357104711 ], [ 24.710291614076734, 60.180810318421834 ], [ 24.714794720612716, 60.180888050976755 ], [ 24.714950615378427, 60.178645082642078 ] ] ] } },
{ "type": "Feature", "properties": { "id": 5965372, "nimi": "Olari", "kunta_name": "Espoo", "walk_min": 15.0, "walk_slow_min": 20.0, "risk": 0.671, "one_person_share": 0.465, "share_65plus": 0.205, "pop_est": 145.0 }, "geometry": { "type": "Polygon", "coordinates": [ [ [ 24.719453440124681, 60.178722655308164 ], [ 24.714950615378427, 60.178645082642078 ], [ 24.714794720612716, 60.180888050976755 ], [ 24.719297851908912, 60.180965630646639 ], [ 24.719453440124681, 60.178722655308164 ] ] ] } },
{ "type": "Feature", "properties": { "id": 5965373, "nimi": "Olari", "kunta_name": "Espoo", "walk_min": 13.0, "walk_slow_min": 17.0, "risk": 0.671, "one_person_share": 0.465, "share_65plus": 0.205, "pop_est": 145.0 }, "geometry": { "type": "Polygon", "coordinates": [ [ [ 24.723956289577071, 60.178800075101279 ], [ 24.719453440124681, 60.178722655308164 ], [ 24.719297851908912, 60.180965630646639 ], [ 24.723801007916759, 60.181043057429775 ], [ 24.723956289577071, 60.178800075101279 ] ] ] } },
{ "type": "Feature", "properties": { "id": 5965374, "nimi": "Olari", "kunta_name": "Espoo", "walk_min": 9.0, "walk_slow_min": 12.0, "risk": 0.671, "one_person_share": 0.465, "share_65plus": 0.205, "pop_est": 145.0 }, "geometry": { "type": "Polygon", "coordinates": [ [ [ 24.728459163687038, 60.178877342019788 ], [ 24.723956289577071, 60.178800075101279 ], [ 24.723801007916759, 60.181043057429775 ], [ 24.728304188587703, 60.181120331324536 ], [ 24.728459163687038, 60.178877342019788 ] ] ] } },
{ "type": "Feature", "properties": { "id": 5965377, "nimi": "Olari", "kunta_name": "Espoo", "walk_min": 9.0, "walk_slow_min": 11.0, "risk": 0.671, "one_person_share": 0.465, "share_65plus": 0.205, "pop_est": 268.0 }, "geometry": { "type": "Polygon", "coordinates": [ [ [ 24.741967933476953, 60.179108225510966 ], [ 24.737464985685531, 60.179031417226291 ], [ 24.737310623724657, 60.181274420442229 ], [ 24.741813878093541, 60.181351235661843 ], [ 24.741967933476953, 60.179108225510966 ] ] ] } },
{ "type": "Feature", "properties": { "id": 5965378, "nimi": "Olari", "kunta_name": "Espoo", "walk_min": 10.0, "walk_slow_min": 13.0, "risk": 0.671, "one_person_share": 0.465, "share_65plus": 0.205, "pop_est": 268.0 }, "geometry": { "type": "Polygon", "coordinates": [ [ [ 24.746470905731762, 60.179184880914413 ], [ 24.741967933476953, 60.179108225510966 ], [ 24.741813878093541, 60.181351235661843 ], [ 24.74631715693128, 60.181427897986453 ], [ 24.746470905731762, 60.179184880914413 ] ] ] } },
{ "type": "Feature", "properties": { "id": 5965391, "nimi": "Tapiola", "kunta_name": "Espoo", "walk_min": 10.0, "walk_slow_min": 13.0, "risk": 0.909, "one_person_share": 0.536, "share_65plus": 0.256, "pop_est": 192.0 }, "geometry": { "type": "Polygon", "coordinates": [ [ [ 24.805011749117561, 60.180167488219055 ], [ 24.800508463257827, 60.180092820420818 ], [ 24.80035839387541, 60.182335919472564 ], [ 24.804861986388229, 60.182410594012936 ], [ 24.805011749117561, 60.180167488219055 ] ] ] } },
{ "type": "Feature", "properties": { "id": 5965392, "nimi": "Tapiola", "kunta_name": "Espoo", "walk_min": 11.0, "walk_slow_min": 15.0, "risk": 0.909, "one_person_share": 0.536, "share_65plus": 0.256, "pop_est": 192.0 }, "geometry": { "type": "Polygon", "coordinates": [ [ [ 24.809515058760766, 60.180242003113264 ], [ 24.805011749117561, 60.180167488219055 ], [ 24.804861986388229, 60.182410594012936 ], [ 24.809365602689841, 60.182485115635465 ], [ 24.809515058760766, 60.180242003113264 ] ] ] } },
{ "type": "Feature", "properties": { "id": 5965393, "nimi": "Otsolahti", "kunta_name": "Espoo", "walk_min": 10.0, "walk_slow_min": 14.0, "risk": 0.669, "one_person_share": 0.476, "share_65plus": 0.195, "pop_est": 192.0 }, "geometry": { "type": "Polygon", "coordinates": [ [ [ 24.81401839213887, 60.18031636510181 ], [ 24.809515058760766, 60.180242003113264 ], [ 24.809365602689841, 60.182485115635465 ], [ 24.813869242731659, 60.182559484338569 ], [ 24.81401839213887, 60.18031636510181 ] ] ] } },
{ "type": "Feature", "properties": { "id": 5965394, "nimi": "Otsolahti", "kunta_name": "Espoo", "walk_min": 11.0, "walk_slow_min": 14.0, "risk": 0.669, "one_person_share": 0.476, "share_65plus": 0.195, "pop_est": 192.0 }, "geometry": { "type": "Polygon", "coordinates": [ [ [ 24.818521749203288, 60.180390574183107 ], [ 24.81401839213887, 60.18031636510181 ], [ 24.813869242731659, 60.182559484338569 ], [ 24.81837290646509, 60.182633700120654 ], [ 24.818521749203288, 60.180390574183107 ] ] ] } },
{ "type": "Feature", "properties": { "id": 5967124, "nimi": "Olari", "kunta_name": "Espoo", "walk_min": 12.0, "walk_slow_min": 14.0, "risk": 0.671, "one_person_share": 0.465, "share_65plus": 0.205, "pop_est": 12.0 }, "geometry": { "type": "Polygon", "coordinates": [ [ [ 24.710603991893738, 60.176324394778533 ], [ 24.706101523195684, 60.176246523401929 ], [ 24.705945040198479, 60.178489478697728 ], [ 24.710447815386846, 60.178567357104711 ], [ 24.710603991893738, 60.176324394778533 ] ] ] } },
{ "type": "Feature", "properties": { "id": 5967125, "nimi": "Olari", "kunta_name": "Espoo", "walk_min": 14.0, "walk_slow_min": 18.0, "risk": 0.671, "one_person_share": 0.465, "share_65plus": 0.205, "pop_est": 145.0 }, "geometry": { "type": "Polygon", "coordinates": [ [ [ 24.715106485389462, 60.176402113299304 ], [ 24.710603991893738, 60.176324394778533 ], [ 24.710447815386846, 60.178567357104711 ], [ 24.714950615378427, 60.178645082642078 ], [ 24.715106485389462, 60.176402113299304 ] ] ] } },
{ "type": "Feature", "properties": { "id": 5967126, "nimi": "Olari", "kunta_name": "Espoo", "walk_min": 12.0, "walk_slow_min": 16.0, "risk": 0.671, "one_person_share": 0.465, "share_65plus": 0.205, "pop_est": 145.0 }, "geometry": { "type": "Polygon", "coordinates": [ [ [ 24.719609003634329, 60.176479678962558 ], [ 24.715106485389462, 60.176402113299304 ], [ 24.714950615378427, 60.178645082642078 ], [ 24.719453440124681, 60.178722655308164 ], [ 24.719609003634329, 60.176479678962558 ] ] ] } },
{ "type": "Feature", "properties": { "id": 5967127, "nimi": "Olari", "kunta_name": "Espoo", "walk_min": 10.0, "walk_slow_min": 13.0, "risk": 0.671, "one_person_share": 0.465, "share_65plus": 0.205, "pop_est": 145.0 }, "geometry": { "type": "Polygon", "coordinates": [ [ [ 24.724111546579795, 60.176557091766604 ], [ 24.719609003634329, 60.176479678962558 ], [ 24.719453440124681, 60.178722655308164 ], [ 24.723956289577071, 60.178800075101279 ], [ 24.724111546579795, 60.176557091766604 ] ] ] } },
{ "type": "Feature", "properties": { "id": 5967128, "nimi": "Olari", "kunta_name": "Espoo", "walk_min": 10.0, "walk_slow_min": 13.0, "risk": 0.671, "one_person_share": 0.465, "share_65plus": 0.205, "pop_est": 145.0 }, "geometry": { "type": "Polygon", "coordinates": [ [ [ 24.728614114177333, 60.176634351709815 ], [ 24.724111546579795, 60.176557091766604 ], [ 24.723956289577071, 60.178800075101279 ], [ 24.728459163687038, 60.178877342019788 ], [ 24.728614114177333, 60.176634351709815 ] ] ] } },
{ "type": "Feature", "properties": { "id": 5967148, "nimi": "Otsolahti", "kunta_name": "Espoo", "walk_min": 10.0, "walk_slow_min": 12.0, "risk": 0.669, "one_person_share": 0.476, "share_65plus": 0.195, "pop_est": 192.0 }, "geometry": { "type": "Polygon", "coordinates": [ [ [ 24.818670568303752, 60.178147447258951 ], [ 24.814167517859765, 60.178073244877517 ], [ 24.81401839213887, 60.18031636510181 ], [ 24.818521749203288, 60.180390574183107 ], [ 24.818670568303752, 60.178147447258951 ] ] ] } },
{ "type": "Feature", "properties": { "id": 5967149, "nimi": "Otsolahti", "kunta_name": "Espoo", "walk_min": 12.0, "walk_slow_min": 15.0, "risk": 0.669, "one_person_share": 0.476, "share_65plus": 0.195, "pop_est": 90.0 }, "geometry": { "type": "Polygon", "coordinates": [ [ [ 24.823173642380187, 60.178221496745302 ], [ 24.818670568303752, 60.178147447258951 ], [ 24.818521749203288, 60.180390574183107 ], [ 24.823025129905446, 60.180464630355559 ], [ 24.823173642380187, 60.178221496745302 ] ] ] } },
{ "type": "Feature", "properties": { "id": 5968766, "nimi": "Olari", "kunta_name": "Espoo", "walk_min": 11.0, "walk_slow_min": 15.0, "risk": 0.671, "one_person_share": 0.465, "share_65plus": 0.205, "pop_est": 12.0 }, "geometry": { "type": "Polygon", "coordinates": [ [ [ 24.706257981346685, 60.174003567096157 ], [ 24.701755843931057, 60.173925549908553 ], [ 24.701599079343829, 60.176168499171133 ], [ 24.706101523195684, 60.176246523401929 ], [ 24.706257981346685, 60.174003567096157 ] ] ] } },
{ "type": "Feature", "properties": { "id": 5968767, "nimi": "Olari", "kunta_name": "Espoo", "walk_min": 13.0, "walk_slow_min": 17.0, "risk": 0.671, "one_person_share": 0.465, "share_65plus": 0.205, "pop_est": 12.0 }, "geometry": { "type": "Polygon", "coordinates": [ [ [ 24.710760143602961, 60.174081431443355 ], [ 24.706257981346685, 60.174003567096157 ], [ 24.706101523195684, 60.176246523401929 ], [ 24.710603991893738, 60.176324394778533 ], [ 24.710760143602961, 60.174081431443355 ] ] ] } },
{ "type": "Feature", "properties": { "id": 5968768, "nimi": "Olari", "kunta_name": "Espoo", "walk_min": 15.0, "walk_slow_min": 20.0, "risk": 0.671, "one_person_share": 0.465, "share_65plus": 0.205, "pop_est": 145.0 }, "geometry": { "type": "Polygon", "coordinates": [ [ [ 24.715262330651363, 60.174159142948483 ], [ 24.710760143602961, 60.174081431443355 ], [ 24.710603991893738, 60.176324394778533 ], [ 24.715106485389462, 60.176402113299304 ], [ 24.715262330651363, 60.174159142948483 ] ] ] } },
{ "type": "Feature", "properties": { "id": 5968769, "nimi": "Olari", "kunta_name": "Espoo", "walk_min": 11.0, "walk_slow_min": 14.0, "risk": 0.671, "one_person_share": 0.465, "share_65plus": 0.205, "pop_est": 145.0 }, "geometry": { "type": "Polygon", "coordinates": [ [ [ 24.719764542443368, 60.174236701609836 ], [ 24.715262330651363, 60.174159142948483 ], [ 24.715106485389462, 60.176402113299304 ], [ 24.719609003634329, 60.176479678962558 ], [ 24.719764542443368, 60.174236701609836 ] ] ] } },
{ "type": "Feature", "properties": { "id": 5968775, "nimi": "Olari", "kunta_name": "Espoo", "walk_min": 10.0, "walk_slow_min": 13.0, "risk": 0.671, "one_person_share": 0.465, "share_65plus": 0.205, "pop_est": 268.0 }, "geometry": { "type": "Polygon", "coordinates": [ [ [ 24.746778330093701, 60.174698843766016 ], [ 24.742275970859104, 60.174622202202087 ], [ 24.742121964396986, 60.176865214357726 ], [ 24.746624630117417, 60.176941862840913 ], [ 24.746778330093701, 60.174698843766016 ] ] ] } },
{ "type": "Feature", "properties": { "id": 5968791, "nimi": "Otsolahti", "kunta_name": "Espoo", "walk_min": 11.0, "walk_slow_min": 14.0, "risk": 0.669, "one_person_share": 0.476, "share_65plus": 0.195, "pop_est": 192.0 }, "geometry": { "type": "Polygon", "coordinates": [ [ [ 24.818819363771759, 60.17590431934817 ], [ 24.814316619899639, 60.175830123665712 ], [ 24.814167517859765, 60.178073244877517 ], [ 24.818670568303752, 60.178147447258951 ], [ 24.818819363771759, 60.17590431934817 ] ] ] } },
{ "type": "Feature", "properties": { "id": 5968792, "nimi": "Otsolahti", "kunta_name": "Espoo", "walk_min": 12.0, "walk_slow_min": 16.0, "risk": 0.669, "one_person_share": 0.476, "share_65plus": 0.195, "pop_est": 90.0 }, "geometry": { "type": "Polygon", "coordinates": [ [ [ 24.823322131271052, 60.175978362149351 ], [ 24.818819363771759, 60.17590431934817 ], [ 24.818670568303752, 60.178147447258951 ], [ 24.823173642380187, 60.178221496745302 ], [ 24.823322131271052, 60.175978362149351 ] ] ] } },
{ "type": "Feature", "properties": { "id": 5970407, "nimi": "Olari", "kunta_name": "Espoo", "walk_min": 15.0, "walk_slow_min": 19.0, "risk": 0.671, "one_person_share": 0.465, "share_65plus": 0.205, "pop_est": 70.0 }, "geometry": { "type": "Polygon", "coordinates": [ [ [ 24.706414414657047, 60.171760609780442 ], [ 24.70191258362912, 60.171682599635055 ], [ 24.701755843931057, 60.173925549908553 ], [ 24.706257981346685, 60.174003567096157 ], [ 24.706414414657047, 60.171760609780442 ] ] ] } },
{ "type": "Feature", "properties": { "id": 5970409, "nimi": "Olari", "kunta_name": "Espoo", "walk_min": 12.0, "walk_slow_min": 15.0, "risk": 0.671, "one_person_share": 0.465, "share_65plus": 0.205, "pop_est": 239.0 }, "geometry": { "type": "Polygon", "coordinates": [ [ [ 24.715418151169658, 60.171916171589622 ], [ 24.710916270520059, 60.171838467099185 ], [ 24.710760143602961, 60.174081431443355 ], [ 24.715262330651363, 60.174159142948483 ], [ 24.715418151169658, 60.171916171589622 ] ] ] } },
{ "type": "Feature", "properties": { "id": 5970416, "nimi": "Olari", "kunta_name": "Espoo", "walk_min": 11.0, "walk_slow_min": 14.0, "risk": 0.671, "one_person_share": 0.465, "share_65plus": 0.205, "pop_est": 345.0 }, "geometry": { "type": "Polygon", "coordinates": [ [ [ 24.746932005666078, 60.172455823689717 ], [ 24.742429952868783, 60.172379189044129 ], [ 24.742275970859104, 60.174622202202087 ], [ 24.746778330093701, 60.174698843766016 ], [ 24.746932005666078, 60.172455823689717 ] ] ] } },
{ "type": "Feature", "properties": { "id": 5970425, "nimi": "Länsikorkee-Suvikumpu", "kunta_name": "Espoo", "walk_min": 10.0, "walk_slow_min": 12.0, "risk": 0.776, "one_person_share": 0.52, "share_65plus": 0.203, "pop_est": 257.0 }, "geometry": { "type": "Polygon", "coordinates": [ [ [ 24.787451572948974, 60.173138657431352 ], [ 24.782949302312584, 60.173063398419103 ], [ 24.782798078434137, 60.175306473346517 ], [ 24.78730065555655, 60.175381739153217 ], [ 24.787451572948974, 60.173138657431352 ] ] ] } },
{ "type": "Feature", "properties": { "id": 5970426, "nimi": "Länsikorkee-Suvikumpu", "kunta_name": "Espoo", "walk_min": 11.0, "walk_slow_min": 15.0, "risk": 0.776, "one_person_share": 0.52, "share_65plus": 0.203, "pop_est": 257.0 }, "geometry": { "type": "Polygon", "coordinates": [ [ [ 24.791953867547054, 60.17321376358732 ], [ 24.787451572948974, 60.173138657431352 ], [ 24.78730065555655, 60.175381739153217 ], [ 24.791803256646009, 60.17545685208983 ], [ 24.791953867547054, 60.17321376358732 ] ] ] } },
{ "type": "Feature", "properties": { "id": 5970427, "nimi": "Länsikorkee-Suvikumpu", "kunta_name": "Espoo", "walk_min": 9.0, "walk_slow_min": 12.0, "risk": 0.776, "one_person_share": 0.52, "share_65plus": 0.203, "pop_est": 257.0 }, "geometry": { "type": "Polygon", "coordinates": [ [ [ 24.796456186058272, 60.173288716885367 ], [ 24.791953867547054, 60.17321376358732 ], [ 24.791803256646009, 60.17545685208983 ], [ 24.796305881653954, 60.175531812154787 ], [ 24.796456186058272, 60.173288716885367 ] ] ] } },
{ "type": "Feature", "properties": { "id": 5970432, "nimi": "Otsolahti", "kunta_name": "Espoo", "walk_min": 10.0, "walk_slow_min": 13.0, "risk": 0.669, "one_person_share": 0.476, "share_65plus": 0.195, "pop_est": 214.0 }, "geometry": { "type": "Polygon", "coordinates": [ [ [ 24.818968135612607, 60.173661190450837 ], [ 24.814465698263788, 60.173587001466423 ], [ 24.814316619899639, 60.175830123665712 ], [ 24.818819363771759, 60.17590431934817 ], [ 24.818968135612607, 60.173661190450837 ] ] ] } },
{ "type": "Feature", "properties": { "id": 5972055, "nimi": "Olari", "kunta_name": "Espoo", "walk_min": 10.0, "walk_slow_min": 13.0, "risk": 0.671, "one_person_share": 0.465, "share_65plus": 0.205, "pop_est": 345.0 }, "geometry": { "type": "Polygon", "coordinates": [ [ [ 24.742583910431481, 60.170136174883858 ], [ 24.738082188464475, 60.170059394329485 ], [ 24.737927924518463, 60.172302401558596 ], [ 24.742429952868783, 60.172379189044129 ], [ 24.742583910431481, 60.170136174883858 ] ] ] } },
{ "type": "Feature", "properties": { "id": 5972056, "nimi": "Olari", "kunta_name": "Espoo", "walk_min": 13.0, "walk_slow_min": 17.0, "risk": 0.671, "one_person_share": 0.465, "share_65plus": 0.205, "pop_est": 345.0 }, "geometry": { "type": "Polygon", "coordinates": [ [ [ 24.74708565684, 60.170212802612042 ], [ 24.742583910431481, 60.170136174883858 ], [ 24.742429952868783, 60.172379189044129 ], [ 24.746932005666078, 60.172455823689717 ], [ 24.74708565684, 60.170212802612042 ] ] ] } },
{ "type": "Feature", "properties": { "id": 5972065, "nimi": "Länsikorkee-Suvikumpu", "kunta_name": "Espoo", "walk_min": 9.0, "walk_slow_min": 12.0, "risk": 0.776, "one_person_share": 0.52, "share_65plus": 0.203, "pop_est": 257.0 }, "geometry": { "type": "Polygon", "coordinates": [ [ [ 24.78760246637972, 60.170895574716496 ], [ 24.783100502180812, 60.170820322497782 ], [ 24.782949302312584, 60.173063398419103 ], [ 24.787451572948974, 60.173138657431352 ], [ 24.78760246637972, 60.170895574716496 ] ] ] } },
{ "type": "Feature", "properties": { "id": 5972066, "nimi": "Länsikorkee-Suvikumpu", "kunta_name": "Espoo", "walk_min": 12.0, "walk_slow_min": 16.0, "risk": 0.776, "one_person_share": 0.52, "share_65plus": 0.203, "pop_est": 257.0 }, "geometry": { "type": "Polygon", "coordinates": [ [ [ 24.792104454534957, 60.170970674092729 ], [ 24.78760246637972, 60.170895574716496 ], [ 24.787451572948974, 60.173138657431352 ], [ 24.791953867547054, 60.17321376358732 ], [ 24.792104454534957, 60.170970674092729 ] ] ] } },
{ "type": "Feature", "properties": { "id": 5973693, "nimi": "Olari", "kunta_name": "Espoo", "walk_min": 12.0, "walk_slow_min": 16.0, "risk": 0.671, "one_person_share": 0.465, "share_65plus": 0.205, "pop_est": 345.0 }, "geometry": { "type": "Polygon", "coordinates": [ [ [ 24.742737843552671, 60.167893159721274 ], [ 24.738236427920473, 60.167816386097101 ], [ 24.738082188464475, 60.170059394329485 ], [ 24.742583910431481, 60.170136174883858 ], [ 24.742737843552671, 60.167893159721274 ] ] ] } },
{ "type": "Feature", "properties": { "id": 5973704, "nimi": "Länsikorkee-Suvikumpu", "kunta_name": "Espoo", "walk_min": 10.0, "walk_slow_min": 13.0, "risk": 0.776, "one_person_share": 0.52, "share_65plus": 0.203, "pop_est": 257.0 }, "geometry": { "type": "Polygon", "coordinates": [ [ [ 24.792255017615062, 60.168727583606099 ], [ 24.787753335854138, 60.1686524910087 ], [ 24.78760246637972, 60.170895574716496 ], [ 24.792104454534957, 60.170970674092729 ], [ 24.792255017615062, 60.168727583606099 ] ] ] } },
{ "type": "Feature", "properties": { "id": 5973709, "nimi": "Tapiola", "kunta_name": "Espoo", "walk_min": 10.0, "walk_slow_min": 13.0, "risk": 0.909, "one_person_share": 0.536, "share_65plus": 0.256, "pop_est": 214.0 }, "geometry": { "type": "Polygon", "coordinates": [ [ [ 24.814763783986091, 60.169100754105372 ], [ 24.8102619831981, 60.169026425675909 ], [ 24.810112645748585, 60.17126954314017 ], [ 24.814614752957507, 60.171343878279629 ], [ 24.814763783986091, 60.169100754105372 ] ] ] } },
{ "type": "Feature", "properties": { "id": 5973711, "nimi": "Otsolahti", "kunta_name": "Espoo", "walk_min": 12.0, "walk_slow_min": 16.0, "risk": 0.669, "one_person_share": 0.476, "share_65plus": 0.195, "pop_est": 28.0 }, "geometry": { "type": "Polygon", "coordinates": [ [ [ 24.823767456493087, 60.169248952447532 ], [ 24.81926560843393, 60.169174929696439 ], [ 24.819116883831569, 60.171418060566914 ], [ 24.823619038322228, 60.171492090000456 ], [ 24.823767456493087, 60.169248952447532 ] ] ] } },
{ "type": "Feature", "properties": { "id": 5975349, "nimi": "Tapiola", "kunta_name": "Espoo", "walk_min": 9.0, "walk_slow_min": 12.0, "risk": 0.909, "one_person_share": 0.536, "share_65plus": 0.256, "pop_est": 28.0 }, "geometry": { "type": "Polygon", "coordinates": [ [ [ 24.828417416334865, 60.167079677150703 ], [ 24.823915851101155, 60.167005813908965 ], [ 24.823767456493087, 60.169248952447532 ], [ 24.828269328115038, 60.169322822357032 ], [ 24.828417416334865, 60.167079677150703 ] ] ] } },
{ "type": "Feature", "properties": { "id": 5978615, "nimi": "Tapiola", "kunta_name": "Espoo", "walk_min": 14.0, "walk_slow_min": 19.0, "risk": 0.909, "one_person_share": 0.536, "share_65plus": 0.256, "pop_est": 0.0 }, "geometry": { "type": "Polygon", "coordinates": [ [ [ 24.837715497905297, 60.162740625194438 ], [ 24.833214498354028, 60.162667080890891 ], [ 24.833066763443426, 60.164910234718853 ], [ 24.837568069296406, 60.164983785660816 ], [ 24.837715497905297, 60.162740625194438 ] ] ] } },
{ "type": "Feature", "properties": { "id": 5980195, "nimi": "Espoonlahti", "kunta_name": "Espoo", "walk_min": 13.0, "walk_slow_min": 16.0, "risk": 0.773, "one_person_share": 0.474, "share_65plus": 0.241, "pop_est": 88.0 }, "geometry": { "type": "Polygon", "coordinates": [ [ [ 24.621856908822139, 60.156795337030843 ], [ 24.617357395538587, 60.156714467302763 ], [ 24.617194990286624, 60.158957287335973 ], [ 24.621694809559621, 60.159038164361725 ], [ 24.621856908822139, 60.156795337030843 ] ] ] } },
{ "type": "Feature", "properties": { "id": 5980196, "nimi": "Espoonlahti", "kunta_name": "Espoo", "walk_min": 13.0, "walk_slow_min": 16.0, "risk": 0.773, "one_person_share": 0.474, "share_65plus": 0.241, "pop_est": 90.0 }, "geometry": { "type": "Polygon", "coordinates": [ [ [ 24.626356447827604, 60.156876054047203 ], [ 24.621856908822139, 60.156795337030843 ], [ 24.621694809559621, 60.159038164361725 ], [ 24.62619465456029, 60.15911888866205 ], [ 24.626356447827604, 60.156876054047203 ] ] ] } },
{ "type": "Feature", "properties": { "id": 5980197, "nimi": "Espoonlahti", "kunta_name": "Espoo", "walk_min": 26.0, "walk_slow_min": 34.0, "risk": 0.773, "one_person_share": 0.474, "share_65plus": 0.241, "pop_est": 90.0 }, "geometry": { "type": "Polygon", "coordinates": [ [ [ 24.63085601250658, 60.156956618350129 ], [ 24.626356447827604, 60.156876054047203 ], [ 24.62619465456029, 60.15911888866205 ], [ 24.630694525240202, 60.159199460235165 ], [ 24.63085601250658, 60.156956618350129 ] ] ] } },
{ "type": "Feature", "properties": { "id": 5981821, "nimi": "Espoonlahti", "kunta_name": "Espoo", "walk_min": 9.0, "walk_slow_min": 10.0, "risk": 0.773, "one_person_share": 0.474, "share_65plus": 0.241, "pop_est": 90.0 }, "geometry": { "type": "Polygon", "coordinates": [ [ [ 24.62651821542142, 60.154633218405024 ], [ 24.622018982362739, 60.154552508671614 ], [ 24.621856908822139, 60.156795337030843 ], [ 24.626356447827604, 60.156876054047203 ], [ 24.62651821542142, 60.154633218405024 ] ] ] } },
{ "type": "Feature", "properties": { "id": 5981854, "nimi": "Haukilahti", "kunta_name": "Espoo", "walk_min": 10.0, "walk_slow_min": 13.0, "risk": 0.646, "one_person_share": 0.403, "share_65plus": 0.229, "pop_est": 252.0 }, "geometry": { "type": "Polygon", "coordinates": [ [ [ 24.775007016257188, 60.157210964870835 ], [ 24.770506961727914, 60.157135295123588 ], [ 24.770354987401056, 60.15937835656166 ], [ 24.774855348060711, 60.159454033138125 ], [ 24.775007016257188, 60.157210964870835 ] ] ] } },
{ "type": "Feature", "properties": { "id": 5983450, "nimi": "Espoonlahti", "kunta_name": "Espoo", "walk_min": 9.0, "walk_slow_min": 11.0, "risk": 0.773, "one_person_share": 0.474, "share_65plus": 0.241, "pop_est": 467.0 }, "geometry": { "type": "Polygon", "coordinates": [ [ [ 24.658173163296503, 60.152951023592365 ], [ 24.653674057518238, 60.152871389978827 ], [ 24.653514151102552, 60.155114270051449 ], [ 24.658013562819118, 60.155193910850748 ], [ 24.658173163296503, 60.152951023592365 ] ] ] } },
{ "type": "Feature", "properties": { "id": 5983478, "nimi": "Haukilahti", "kunta_name": "Espoo", "walk_min": 9.0, "walk_slow_min": 12.0, "risk": 0.646, "one_person_share": 0.403, "share_65plus": 0.229, "pop_est": 38.0 }, "geometry": { "type": "Polygon", "coordinates": [ [ [ 24.784158229422964, 60.155118763220145 ], [ 24.779658432895637, 60.155043405785484 ], [ 24.779507094856058, 60.157286481862982 ], [ 24.784007197476058, 60.157361846098418 ], [ 24.784158229422964, 60.155118763220145 ] ] ] } },
{ "type": "Feature", "properties": { "id": 5983479, "nimi": "Haukilahti", "kunta_name": "Espoo", "walk_min": 11.0, "walk_slow_min": 14.0, "risk": 0.646, "one_person_share": 0.403, "share_65plus": 0.229, "pop_est": 3.0 }, "geometry": { "type": "Polygon", "coordinates": [ [ [ 24.788658049917611, 60.155193967910193 ], [ 24.784158229422964, 60.155118763220145 ], [ 24.784007197476058, 60.157361846098418 ], [ 24.788507324068735, 60.157437057575514 ], [ 24.788658049917611, 60.155193967910193 ] ] ] } },
{ "type": "Feature", "properties": { "id": 5988297, "nimi": "Espoonlahti", "kunta_name": "Espoo", "walk_min": 10.0, "walk_slow_min": 13.0, "risk": 0.773, "one_person_share": 0.474, "share_65plus": 0.241, "pop_est": 467.0 }, "geometry": { "type": "Polygon", "coordinates": [ [ [ 24.654153624557999, 60.146142743632858 ], [ 24.64965546165892, 60.146062978915658 ], [ 24.649495325553758, 60.148305854855749 ], [ 24.653993794240293, 60.148385626769496 ], [ 24.654153624557999, 60.146142743632858 ] ] ] } },
{ "type": "Feature", "properties": { "id": 5989906, "nimi": "Espoonlahti", "kunta_name": "Espoo", "walk_min": 10.0, "walk_slow_min": 13.0, "risk": 0.773, "one_person_share": 0.474, "share_65plus": 0.241, "pop_est": 211.0 }, "geometry": { "type": "Polygon", "coordinates": [ [ [ 24.64981557236106, 60.143820101953281 ], [ 24.645317740598426, 60.143740191792041 ], [ 24.64515732416287, 60.14598306154511 ], [ 24.64965546165892, 60.146062978915658 ], [ 24.64981557236106, 60.143820101953281 ] ] ] } },
{ "type": "Feature", "properties": { "id": 5991512, "nimi": "Espoonlahti", "kunta_name": "Espoo", "walk_min": 10.0, "walk_slow_min": 13.0, "risk": 0.773, "one_person_share": 0.474, "share_65plus": 0.241, "pop_est": 211.0 }, "geometry": { "type": "Polygon", "coordinates": [ [ [ 24.64547813158827, 60.141497321015777 ], [ 24.640980630950729, 60.141417265438719 ], [ 24.640819934281506, 60.14366012899292 ], [ 24.645317740598426, 60.143740191792041 ], [ 24.64547813158827, 60.141497321015777 ] ] ] } },
{ "type": "Feature", "properties": { "id": 5991513, "nimi": "Espoonlahti", "kunta_name": "Espoo", "walk_min": 11.0, "walk_slow_min": 14.0, "risk": 0.773, "one_person_share": 0.474, "share_65plus": 0.241, "pop_est": 211.0 }, "geometry": { "type": "Polygon", "coordinates": [ [ [ 24.649975657665838, 60.14157722396866 ], [ 24.64547813158827, 60.141497321015777 ], [ 24.645317740598426, 60.143740191792041 ], [ 24.64981557236106, 60.143820101953281 ], [ 24.649975657665838, 60.14157722396866 ] ] ] } },
{ "type": "Feature", "properties": { "id": 5993117, "nimi": "Espoonlahti", "kunta_name": "Espoo", "walk_min": 15.0, "walk_slow_min": 20.0, "risk": 0.773, "one_person_share": 0.474, "share_65plus": 0.241, "pop_est": 211.0 }, "geometry": { "type": "Polygon", "coordinates": [ [ [ 24.645638497138084, 60.139254449216288 ], [ 24.641141302131579, 60.13917440086032 ], [ 24.640980630950729, 60.141417265438719 ], [ 24.64547813158827, 60.141497321015777 ], [ 24.645638497138084, 60.139254449216288 ] ] ] } },
{ "type": "Feature", "properties": { "id": 5993118, "nimi": "Espoonlahti", "kunta_name": "Espoo", "walk_min": 14.0, "walk_slow_min": 18.0, "risk": 0.773, "one_person_share": 0.474, "share_65plus": 0.241, "pop_est": 211.0 }, "geometry": { "type": "Polygon", "coordinates": [ [ [ 24.650135717578934, 60.139334344961803 ], [ 24.645638497138084, 60.139254449216288 ], [ 24.64547813158827, 60.141497321015777 ], [ 24.649975657665838, 60.14157722396866 ], [ 24.650135717578934, 60.139334344961803 ] ] ] } },
{ "type": "Feature", "properties": { "id": 5993119, "nimi": "Espoonlahti", "kunta_name": "Espoo", "walk_min": 11.0, "walk_slow_min": 14.0, "risk": 0.773, "one_person_share": 0.474, "share_65plus": 0.241, "pop_est": 211.0 }, "geometry": { "type": "Polygon", "coordinates": [ [ [ 24.654632963405795, 60.139414088095165 ], [ 24.650135717578934, 60.139334344961803 ], [ 24.649975657665838, 60.14157722396866 ], [ 24.654473209135087, 60.141656974295657 ], [ 24.654632963405795, 60.139414088095165 ] ] ] } },
{ "type": "Feature", "properties": { "id": 5994718, "nimi": "Espoonlahti", "kunta_name": "Espoo", "walk_min": 18.0, "walk_slow_min": 24.0, "risk": 0.773, "one_person_share": 0.474, "share_65plus": 0.241, "pop_est": 211.0 }, "geometry": { "type": "Polygon", "coordinates": [ [ [ 24.645798837253547, 60.137011576393583 ], [ 24.641301947829749, 60.136931535257752 ], [ 24.641141302131579, 60.13917440086032 ], [ 24.645638497138084, 60.139254449216288 ], [ 24.645798837253547, 60.137011576393583 ] ] ] } },
{ "type": "Feature", "properties": { "id": 5818072, "nimi": "Alikerava", "kunta_name": "Kerava", "walk_min": 40.0, "walk_slow_min": 54.0, "risk": 0.713, "one_person_share": 0.55, "share_65plus": 0.179, "pop_est": 3.0 }, "geometry": { "type": "Polygon", "coordinates": [ [ [ 25.119029698254085, 60.364623108753399 ], [ 25.114500108793674, 60.364558991504396 ], [ 25.114370490067763, 60.36680246643553 ], [ 25.11890039046671, 60.366866589497221 ], [ 25.119029698254085, 60.364623108753399 ] ] ] } },
{ "type": "Feature", "properties": { "id": 5821866, "nimi": "Alikerava", "kunta_name": "Kerava", "walk_min": 36.0, "walk_slow_min": 48.0, "risk": 0.713, "one_person_share": 0.55, "share_65plus": 0.179, "pop_est": 3.0 }, "geometry": { "type": "Polygon", "coordinates": [ [ [ 25.123817240257083, 60.360200096013799 ], [ 25.119288251884804, 60.360136144480819 ], [ 25.119158985391902, 60.362379627081268 ], [ 25.123688284608253, 60.362443584411388 ], [ 25.123817240257083, 60.360200096013799 ] ] ] } },
{ "type": "Feature", "properties": { "id": 5821867, "nimi": "Alikerava", "kunta_name": "Kerava", "walk_min": 34.0, "walk_slow_min": 46.0, "risk": 0.713, "one_person_share": 0.55, "share_65plus": 0.179, "pop_est": 3.0 }, "geometry": { "type": "Polygon", "coordinates": [ [ [ 25.128346249220087, 60.360263893452348 ], [ 25.123817240257083, 60.360200096013799 ], [ 25.123688284608253, 60.362443584411388 ], [ 25.128217604419959, 60.36250738763313 ], [ 25.128346249220087, 60.360263893452348 ] ] ] } },
{ "type": "Feature", "properties": { "id": 5821868, "nimi": "Alikerava", "kunta_name": "Kerava", "walk_min": 33.0, "walk_slow_min": 45.0, "risk": 0.713, "one_person_share": 0.55, "share_65plus": 0.179, "pop_est": 3.0 }, "geometry": { "type": "Polygon", "coordinates": [ [ [ 25.132875278724267, 60.360327536795083 ], [ 25.128346249220087, 60.360263893452348 ], [ 25.128217604419959, 60.36250738763313 ], [ 25.132746944777477, 60.362571036745116 ], [ 25.132875278724267, 60.360327536795083 ] ] ] } },
{ "type": "Feature", "properties": { "id": 5859440, "nimi": "Tuupakan teollisuusalue", "kunta_name": "Vantaa", "walk_min": 32.0, "walk_slow_min": 43.0, "risk": 0.652, "one_person_share": 0.367, "share_65plus": 0.26, "pop_est": 15.0 }, "geometry": { "type": "Polygon", "coordinates": [ [ [ 24.886714065216609, 60.311734915221464 ], [ 24.882192440286488, 60.311662929284068 ], [ 24.88204717026878, 60.313906104148678 ], [ 24.886569104794187, 60.313978096604039 ], [ 24.886714065216609, 60.311734915221464 ] ] ] } },
{ "type": "Feature", "properties": { "id": 5859441, "nimi": "Tuupakan teollisuusalue", "kunta_name": "Vantaa", "walk_min": 37.0, "walk_slow_min": 49.0, "risk": 0.652, "one_person_share": 0.367, "share_65plus": 0.26, "pop_est": 15.0 }, "geometry": { "type": "Polygon", "coordinates": [ [ [ 24.891235713256947, 60.311806747420889 ], [ 24.886714065216609, 60.311734915221464 ], [ 24.886569104794187, 60.313978096604039 ], [ 24.891091062435006, 60.314049935307501 ], [ 24.891235713256947, 60.311806747420889 ] ] ] } },
{ "type": "Feature", "properties": { "id": 5859442, "nimi": "Tuupakan teollisuusalue", "kunta_name": "Vantaa", "walk_min": 45.0, "walk_slow_min": 60.0, "risk": 0.652, "one_person_share": 0.367, "share_65plus": 0.26, "pop_est": 15.0 }, "geometry": { "type": "Polygon", "coordinates": [ [ [ 24.895757384358259, 60.311878425880771 ], [ 24.891235713256947, 60.311806747420889 ], [ 24.891091062435006, 60.314049935307501 ], [ 24.895613043141982, 60.314121620257552 ], [ 24.895757384358259, 60.311878425880771 ] ] ] } },
{ "type": "Feature", "properties": { "id": 5861306, "nimi": "Tuupakan teollisuusalue", "kunta_name": "Vantaa", "walk_min": 37.0, "walk_slow_min": 49.0, "risk": 0.652, "one_person_share": 0.367, "share_65plus": 0.26, "pop_est": 1.0 }, "geometry": { "type": "Polygon", "coordinates": [ [ [ 24.882337687144737, 60.309419753446541 ], [ 24.877816394914916, 60.309347620303669 ], [ 24.877670838515826, 60.311590789610257 ], [ 24.882192440286488, 60.311662929284068 ], [ 24.882337687144737, 60.309419753446541 ] ] ] } },
{ "type": "Feature", "properties": { "id": 5861307, "nimi": "Tuupakan teollisuusalue", "kunta_name": "Vantaa", "walk_min": 49.0, "walk_slow_min": 64.0, "risk": 0.652, "one_person_share": 0.367, "share_65plus": 0.26, "pop_est": 0.0 }, "geometry": { "type": "Polygon", "coordinates": [ [ [ 24.886859002528812, 60.309491732866881 ], [ 24.882337687144737, 60.309419753446541 ], [ 24.882192440286488, 60.311662929284068 ], [ 24.886714065216609, 60.311734915221464 ], [ 24.886859002528812, 60.309491732866881 ] ] ] } },
{ "type": "Feature", "properties": { "id": 5861308, "nimi": "Tuupakan teollisuusalue", "kunta_name": "Vantaa", "walk_min": 36.0, "walk_slow_min": 49.0, "risk": 0.652, "one_person_share": 0.367, "share_65plus": 0.26, "pop_est": 0.0 }, "geometry": { "type": "Polygon", "coordinates": [ [ [ 24.891380341017911, 60.309563558563113 ], [ 24.886859002528812, 60.309491732866881 ], [ 24.886714065216609, 60.311734915221464 ], [ 24.891235713256947, 60.311806747420889 ], [ 24.891380341017911, 60.309563558563113 ] ] ] } },
{ "type": "Feature", "properties": { "id": 5861309, "nimi": "Tuupakan teollisuusalue", "kunta_name": "Vantaa", "walk_min": 46.0, "walk_slow_min": 63.0, "risk": 0.652, "one_person_share": 0.367, "share_65plus": 0.26, "pop_est": 0.0 }, "geometry": { "type": "Polygon", "coordinates": [ [ [ 24.895901702562806, 60.309635230533701 ], [ 24.891380341017911, 60.309563558563113 ], [ 24.891235713256947, 60.311806747420889 ], [ 24.895757384358259, 60.311878425880771 ], [ 24.895901702562806, 60.309635230533701 ] ] ] } },
{ "type": "Feature", "properties": { "id": 5863172, "nimi": "Tuupakan teollisuusalue", "kunta_name": "Vantaa", "walk_min": 47.0, "walk_slow_min": 63.0, "risk": 0.652, "one_person_share": 0.367, "share_65plus": 0.26, "pop_est": 1.0 }, "geometry": { "type": "Polygon", "coordinates": [ [ [ 24.882482910848736, 60.307176576636046 ], [ 24.877961928110526, 60.307104450023232 ], [ 24.877816394914916, 60.309347620303669 ], [ 24.882337687144737, 60.309419753446541 ], [ 24.882482910848736, 60.307176576636046 ] ] ] } },
{ "type": "Feature", "properties": { "id": 5863173, "nimi": "Tuupakan teollisuusalue", "kunta_name": "Vantaa", "walk_min": 44.0, "walk_slow_min": 59.0, "risk": 0.652, "one_person_share": 0.367, "share_65plus": 0.26, "pop_est": 0.0 }, "geometry": { "type": "Polygon", "coordinates": [ [ [ 24.887003916735996, 60.307248549540205 ], [ 24.882482910848736, 60.307176576636046 ], [ 24.882337687144737, 60.309419753446541 ], [ 24.886859002528812, 60.309491732866881 ], [ 24.887003916735996, 60.307248549540205 ] ] ] } },
{ "type": "Feature", "properties": { "id": 5863174, "nimi": "Tuupakan teollisuusalue", "kunta_name": "Vantaa", "walk_min": 40.0, "walk_slow_min": 55.0, "risk": 0.652, "one_person_share": 0.367, "share_65plus": 0.26, "pop_est": 0.0 }, "geometry": { "type": "Polygon", "coordinates": [ [ [ 24.891524945723088, 60.307320368734175 ], [ 24.887003916735996, 60.307248549540205 ], [ 24.886859002528812, 60.309491732866881 ], [ 24.891380341017911, 60.309563558563113 ], [ 24.891524945723088, 60.307320368734175 ] ] ] } },
{ "type": "Feature", "properties": { "id": 5863175, "nimi": "Tuupakan teollisuusalue", "kunta_name": "Vantaa", "walk_min": 45.0, "walk_slow_min": 61.0, "risk": 0.652, "one_person_share": 0.367, "share_65plus": 0.26, "pop_est": 0.0 }, "geometry": { "type": "Polygon", "coordinates": [ [ [ 24.896045997760794, 60.307392034216377 ], [ 24.891524945723088, 60.307320368734175 ], [ 24.891380341017911, 60.309563558563113 ], [ 24.895901702562806, 60.309635230533701 ], [ 24.896045997760794, 60.307392034216377 ] ] ] } },
{ "type": "Feature", "properties": { "id": 5863176, "nimi": "Tuupakan teollisuusalue", "kunta_name": "Vantaa", "walk_min": 46.0, "walk_slow_min": 62.0, "risk": 0.652, "one_person_share": 0.367, "share_65plus": 0.26, "pop_est": 0.0 }, "geometry": { "type": "Polygon", "coordinates": [ [ [ 24.900567072799891, 60.307463545985271 ], [ 24.896045997760794, 60.307392034216377 ], [ 24.895901702562806, 60.309635230533701 ], [ 24.900423087114255, 60.309706748777124 ], [ 24.900567072799891, 60.307463545985271 ] ] ] } },
{ "type": "Feature", "properties": { "id": 5865036, "nimi": "Tuupakan teollisuusalue", "kunta_name": "Vantaa", "walk_min": 21.0, "walk_slow_min": 28.0, "risk": 0.652, "one_person_share": 0.367, "share_65plus": 0.26, "pop_est": 1.0 }, "geometry": { "type": "Polygon", "coordinates": [ [ [ 24.878107438107865, 60.304861278768975 ], [ 24.87358678800511, 60.304789004992145 ], [ 24.873440968570588, 60.307032169703341 ], [ 24.877961928110526, 60.307104450023232 ], [ 24.878107438107865, 60.304861278768975 ] ] ] } },
{ "type": "Feature", "properties": { "id": 5865037, "nimi": "Tuupakan teollisuusalue", "kunta_name": "Vantaa", "walk_min": 42.0, "walk_slow_min": 56.0, "risk": 0.652, "one_person_share": 0.367, "share_65plus": 0.26, "pop_est": 1.0 }, "geometry": { "type": "Polygon", "coordinates": [ [ [ 24.882628111403676, 60.30493339885264 ], [ 24.878107438107865, 60.304861278768975 ], [ 24.877961928110526, 60.307104450023232 ], [ 24.882482910848736, 60.307176576636046 ], [ 24.882628111403676, 60.30493339885264 ] ] ] } },
{ "type": "Feature", "properties": { "id": 5865038, "nimi": "Tuupakan teollisuusalue", "kunta_name": "Vantaa", "walk_min": 42.0, "walk_slow_min": 57.0, "risk": 0.652, "one_person_share": 0.367, "share_65plus": 0.26, "pop_est": 0.0 }, "geometry": { "type": "Polygon", "coordinates": [ [ [ 24.887148807843339, 60.305005365241534 ], [ 24.882628111403676, 60.30493339885264 ], [ 24.882482910848736, 60.307176576636046 ], [ 24.887003916735996, 60.307248549540205 ], [ 24.887148807843339, 60.305005365241534 ] ] ] } },
{ "type": "Feature", "properties": { "id": 5865039, "nimi": "Tuupakan teollisuusalue", "kunta_name": "Vantaa", "walk_min": 45.0, "walk_slow_min": 60.0, "risk": 0.652, "one_person_share": 0.367, "share_65plus": 0.26, "pop_est": 0.0 }, "geometry": { "type": "Polygon", "coordinates": [ [ [ 24.891669527377648, 60.305077177934095 ], [ 24.887148807843339, 60.305005365241534 ], [ 24.887003916735996, 60.307248549540205 ], [ 24.891524945723088, 60.307320368734175 ], [ 24.891669527377648, 60.305077177934095 ] ] ] } },
{ "type": "Feature", "properties": { "id": 5865040, "nimi": "Tuupakan teollisuusalue", "kunta_name": "Vantaa", "walk_min": 43.0, "walk_slow_min": 57.0, "risk": 0.652, "one_person_share": 0.367, "share_65plus": 0.26, "pop_est": 0.0 }, "geometry": { "type": "Polygon", "coordinates": [ [ [ 24.896190269957387, 60.30514883692878 ], [ 24.891669527377648, 60.305077177934095 ], [ 24.891524945723088, 60.307320368734175 ], [ 24.896045997760794, 60.307392034216377 ], [ 24.896190269957387, 60.30514883692878 ] ] ] } },
{ "type": "Feature", "properties": { "id": 5865041, "nimi": "Tuupakan teollisuusalue", "kunta_name": "Vantaa", "walk_min": 43.0, "walk_slow_min": 58.0, "risk": 0.652, "one_person_share": 0.367, "share_65plus": 0.26, "pop_est": 0.0 }, "geometry": { "type": "Polygon", "coordinates": [ [ [ 24.900711035533355, 60.305220342224075 ], [ 24.896190269957387, 60.30514883692878 ], [ 24.896045997760794, 60.307392034216377 ], [ 24.900567072799891, 60.307463545985271 ], [ 24.900711035533355, 60.305220342224075 ] ] ] } },
{ "type": "Feature", "properties": { "id": 5866898, "nimi": "Tuupakan teollisuusalue", "kunta_name": "Vantaa", "walk_min": 35.0, "walk_slow_min": 47.0, "risk": 0.652, "one_person_share": 0.367, "share_65plus": 0.26, "pop_est": 1.0 }, "geometry": { "type": "Polygon", "coordinates": [ [ [ 24.873732584197374, 60.302545839306234 ], [ 24.869212266719643, 60.302473418393795 ], [ 24.86906616114462, 60.304716577523671 ], [ 24.87358678800511, 60.304789004992145 ], [ 24.873732584197374, 60.302545839306234 ] ] ] } },
{ "type": "Feature", "properties": { "id": 5866899, "nimi": "Tuupakan teollisuusalue", "kunta_name": "Vantaa", "walk_min": 39.0, "walk_slow_min": 51.0, "risk": 0.652, "one_person_share": 0.367, "share_65plus": 0.26, "pop_est": 1.0 }, "geometry": { "type": "Polygon", "coordinates": [ [ [ 24.878252924912143, 60.302618106540919 ], [ 24.873732584197374, 60.302545839306234 ], [ 24.87358678800511, 60.304789004992145 ], [ 24.878107438107865, 60.304861278768975 ], [ 24.878252924912143, 60.302618106540919 ] ] ] } },
{ "type": "Feature", "properties": { "id": 5866900, "nimi": "Tuupakan teollisuusalue", "kunta_name": "Vantaa", "walk_min": 35.0, "walk_slow_min": 48.0, "risk": 0.652, "one_person_share": 0.367, "share_65plus": 0.26, "pop_est": 1.0 }, "geometry": { "type": "Polygon", "coordinates": [ [ [ 24.882773288814768, 60.302690220096309 ], [ 24.878252924912143, 60.302618106540919 ], [ 24.878107438107865, 60.304861278768975 ], [ 24.882628111403676, 60.30493339885264 ], [ 24.882773288814768, 60.302690220096309 ] ] ] } },
{ "type": "Feature", "properties": { "id": 5866901, "nimi": "Tuupakan teollisuusalue", "kunta_name": "Vantaa", "walk_min": 44.0, "walk_slow_min": 58.0, "risk": 0.652, "one_person_share": 0.367, "share_65plus": 0.26, "pop_est": 0.0 }, "geometry": { "type": "Polygon", "coordinates": [ [ [ 24.887293675856043, 60.302762179970806 ], [ 24.882773288814768, 60.302690220096309 ], [ 24.882628111403676, 60.30493339885264 ], [ 24.887148807843339, 60.305005365241534 ], [ 24.887293675856043, 60.302762179970806 ] ] ] } },
{ "type": "Feature", "properties": { "id": 5866902, "nimi": "Tuupakan teollisuusalue", "kunta_name": "Vantaa", "walk_min": 42.0, "walk_slow_min": 56.0, "risk": 0.652, "one_person_share": 0.367, "share_65plus": 0.26, "pop_est": 0.0 }, "geometry": { "type": "Polygon", "coordinates": [ [ [ 24.89181408598677, 60.302833986162895 ], [ 24.887293675856043, 60.302762179970806 ], [ 24.887148807843339, 60.305005365241534 ], [ 24.891669527377648, 60.305077177934095 ], [ 24.89181408598677, 60.302833986162895 ] ] ] } },
{ "type": "Feature", "properties": { "id": 5866903, "nimi": "Tuupakan teollisuusalue", "kunta_name": "Vantaa", "walk_min": 38.0, "walk_slow_min": 51.0, "risk": 0.652, "one_person_share": 0.367, "share_65plus": 0.26, "pop_est": 0.0 }, "geometry": { "type": "Polygon", "coordinates": [ [ [ 24.896334519157762, 60.302905638670964 ], [ 24.89181408598677, 60.302833986162895 ], [ 24.891669527377648, 60.305077177934095 ], [ 24.896190269957387, 60.30514883692878 ], [ 24.896334519157762, 60.302905638670964 ] ] ] } },
{ "type": "Feature", "properties": { "id": 5866904, "nimi": "Tuupakan teollisuusalue", "kunta_name": "Vantaa", "walk_min": 39.0, "walk_slow_min": 52.0, "risk": 0.652, "one_person_share": 0.367, "share_65plus": 0.26, "pop_est": 0.0 }, "geometry": { "type": "Polygon", "coordinates": [ [ [ 24.90085497531981, 60.3029771374935 ], [ 24.896334519157762, 60.302905638670964 ], [ 24.896190269957387, 60.30514883692878 ], [ 24.900711035533355, 60.305220342224075 ], [ 24.90085497531981, 60.3029771374935 ] ] ] } },
{ "type": "Feature", "properties": { "id": 5866929, "nimi": "Tikkurila", "kunta_name": "Vantaa", "walk_min": 10.0, "walk_slow_min": 13.0, "risk": 0.724, "one_person_share": 0.529, "share_65plus": 0.186, "pop_est": 174.0 }, "geometry": { "type": "Polygon", "coordinates": [ [ [ 25.013873707523416, 60.304714655783741 ], [ 25.009352692579405, 60.30464699959451 ], [ 25.009216180248053, 60.306890355504436 ], [ 25.013737504731544, 60.306958017819191 ], [ 25.013873707523416, 60.304714655783741 ] ] ] } },
{ "type": "Feature", "properties": { "id": 5866930, "nimi": "Tikkurila", "kunta_name": "Vantaa", "walk_min": 11.0, "walk_slow_min": 14.0, "risk": 0.724, "one_person_share": 0.529, "share_65plus": 0.186, "pop_est": 174.0 }, "geometry": { "type": "Polygon", "coordinates": [ [ [ 25.018394744178757, 60.304782158248237 ], [ 25.013873707523416, 60.304714655783741 ], [ 25.013737504731544, 60.306958017819191 ], [ 25.018258850931232, 60.307025526395307 ], [ 25.018394744178757, 60.304782158248237 ] ] ] } },
{ "type": "Feature", "properties": { "id": 5868760, "nimi": "Tuupakan teollisuusalue", "kunta_name": "Vantaa", "walk_min": 30.0, "walk_slow_min": 39.0, "risk": 0.652, "one_person_share": 0.367, "share_65plus": 0.26, "pop_est": 2.0 }, "geometry": { "type": "Polygon", "coordinates": [ [ [ 24.873878357152591, 60.300302672645635 ], [ 24.869358349008426, 60.300230258288337 ], [ 24.869212266719643, 60.302473418393795 ], [ 24.873732584197374, 60.302545839306234 ], [ 24.873878357152591, 60.300302672645635 ] ] ] } },
{ "type": "Feature", "properties": { "id": 5868761, "nimi": "Tuupakan teollisuusalue", "kunta_name": "Vantaa", "walk_min": 31.0, "walk_slow_min": 41.0, "risk": 0.652, "one_person_share": 0.367, "share_65plus": 0.26, "pop_est": 2.0 }, "geometry": { "type": "Polygon", "coordinates": [ [ [ 24.878398388528577, 60.300374933339072 ], [ 24.873878357152591, 60.300302672645635 ], [ 24.873732584197374, 60.302545839306234 ], [ 24.878252924912143, 60.302618106540919 ], [ 24.878398388528577, 60.300374933339072 ] ] ] } },
{ "type": "Feature", "properties": { "id": 5868762, "nimi": "Tuupakan teollisuusalue", "kunta_name": "Vantaa", "walk_min": 33.0, "walk_slow_min": 44.0, "risk": 0.652, "one_person_share": 0.367, "share_65plus": 0.26, "pop_est": 2.0 }, "geometry": { "type": "Polygon", "coordinates": [ [ [ 24.882918443087203, 60.300447040367082 ], [ 24.878398388528577, 60.300374933339072 ], [ 24.878252924912143, 60.302618106540919 ], [ 24.882773288814768, 60.302690220096309 ], [ 24.882918443087203, 60.300447040367082 ] ] ] } },
{ "type": "Feature", "properties": { "id": 5868763, "nimi": "Tuupakan teollisuusalue", "kunta_name": "Vantaa", "walk_min": 37.0, "walk_slow_min": 50.0, "risk": 0.652, "one_person_share": 0.367, "share_65plus": 0.26, "pop_est": 3.0 }, "geometry": { "type": "Polygon", "coordinates": [ [ [ 24.887438520779284, 60.300518993728076 ], [ 24.882918443087203, 60.300447040367082 ], [ 24.882773288814768, 60.302690220096309 ], [ 24.887293675856043, 60.302762179970806 ], [ 24.887438520779284, 60.300518993728076 ] ] ] } },
{ "type": "Feature", "properties": { "id": 5868764, "nimi": "Tuupakan teollisuusalue", "kunta_name": "Vantaa", "walk_min": 39.0, "walk_slow_min": 52.0, "risk": 0.652, "one_person_share": 0.367, "share_65plus": 0.26, "pop_est": 3.0 }, "geometry": { "type": "Polygon", "coordinates": [ [ [ 24.891958621555638, 60.30059079342054 ], [ 24.887438520779284, 60.300518993728076 ], [ 24.887293675856043, 60.302762179970806 ], [ 24.89181408598677, 60.302833986162895 ], [ 24.891958621555638, 60.30059079342054 ] ] ] } },
{ "type": "Feature", "properties": { "id": 5868765, "nimi": "Tuupakan teollisuusalue", "kunta_name": "Vantaa", "walk_min": 38.0, "walk_slow_min": 51.0, "risk": 0.652, "one_person_share": 0.367, "share_65plus": 0.26, "pop_est": 3.0 }, "geometry": { "type": "Polygon", "coordinates": [ [ [ 24.896478745367077, 60.300662439442888 ], [ 24.891958621555638, 60.30059079342054 ], [ 24.89181408598677, 60.302833986162895 ], [ 24.896334519157762, 60.302905638670964 ], [ 24.896478745367077, 60.300662439442888 ] ] ] } },
{ "type": "Feature", "properties": { "id": 5868766, "nimi": "Tuupakan teollisuusalue", "kunta_name": "Vantaa", "walk_min": 37.0, "walk_slow_min": 50.0, "risk": 0.652, "one_person_share": 0.367, "share_65plus": 0.26, "pop_est": 3.0 }, "geometry": { "type": "Polygon", "coordinates": [ [ [ 24.900998892164402, 60.300733931793566 ], [ 24.896478745367077, 60.300662439442888 ], [ 24.896334519157762, 60.302905638670964 ], [ 24.90085497531981, 60.3029771374935 ], [ 24.900998892164402, 60.300733931793566 ] ] ] } },
{ "type": "Feature", "properties": { "id": 5868767, "nimi": "Tuupakan teollisuusalue", "kunta_name": "Vantaa", "walk_min": 36.0, "walk_slow_min": 48.0, "risk": 0.652, "one_person_share": 0.367, "share_65plus": 0.26, "pop_est": 1.0 }, "geometry": { "type": "Polygon", "coordinates": [ [ [ 24.905519061898435, 60.300805270471081 ], [ 24.900998892164402, 60.300733931793566 ], [ 24.90085497531981, 60.3029771374935 ], [ 24.905375454423709, 60.303048482628952 ], [ 24.905519061898435, 60.300805270471081 ] ] ] } },
{ "type": "Feature", "properties": { "id": 5868768, "nimi": "Tuupakan teollisuusalue", "kunta_name": "Vantaa", "walk_min": 33.0, "walk_slow_min": 44.0, "risk": 0.652, "one_person_share": 0.367, "share_65plus": 0.26, "pop_est": 1.0 }, "geometry": { "type": "Polygon", "coordinates": [ [ [ 24.91003925451998, 60.300876455473805 ], [ 24.905519061898435, 60.300805270471081 ], [ 24.905375454423709, 60.303048482628952 ], [ 24.909895956420268, 60.303119674075759 ], [ 24.91003925451998, 60.300876455473805 ] ] ] } },
{ "type": "Feature", "properties": { "id": 5868769, "nimi": "Tuupakan teollisuusalue", "kunta_name": "Vantaa", "walk_min": 33.0, "walk_slow_min": 44.0, "risk": 0.652, "one_person_share": 0.367, "share_65plus": 0.26, "pop_est": 1.0 }, "geometry": { "type": "Polygon", "coordinates": [ [ [ 24.914559469979842, 60.300947486800247 ], [ 24.91003925451998, 60.300876455473805 ], [ 24.909895956420268, 60.303119674075759 ], [ 24.914416481260275, 60.303190711832407 ], [ 24.914559469979842, 60.300947486800247 ] ] ] } },
{ "type": "Feature", "properties": { "id": 5868770, "nimi": "Tuupakan teollisuusalue", "kunta_name": "Vantaa", "walk_min": 32.0, "walk_slow_min": 42.0, "risk": 0.652, "one_person_share": 0.367, "share_65plus": 0.26, "pop_est": 1.0 }, "geometry": { "type": "Polygon", "coordinates": [ [ [ 24.919079708228828, 60.301018364448851 ], [ 24.914559469979842, 60.300947486800247 ], [ 24.914416481260275, 60.303190711832407 ], [ 24.918937028894522, 60.303261595897325 ], [ 24.919079708228828, 60.301018364448851 ] ] ] } },
{ "type": "Feature", "properties": { "id": 5868790, "nimi": "Tikkurila", "kunta_name": "Vantaa", "walk_min": 10.0, "walk_slow_min": 13.0, "risk": 0.724, "one_person_share": 0.529, "share_65plus": 0.186, "pop_est": 43.0 }, "geometry": { "type": "Polygon", "coordinates": [ [ [ 25.009489183150198, 60.302403642735918 ], [ 25.004968499452097, 60.302335838961966 ], [ 25.004831699395957, 60.304579189681988 ], [ 25.009352692579405, 60.30464699959451 ], [ 25.009489183150198, 60.302403642735918 ] ] ] } },
{ "type": "Feature", "properties": { "id": 5870621, "nimi": "Tuupakan teollisuusalue", "kunta_name": "Vantaa", "walk_min": 25.0, "walk_slow_min": 33.0, "risk": 0.652, "one_person_share": 0.367, "share_65plus": 0.26, "pop_est": 2.0 }, "geometry": { "type": "Polygon", "coordinates": [ [ [ 24.874024106875989, 60.298059505010357 ], [ 24.869504408016212, 60.297987097207297 ], [ 24.869358349008426, 60.300230258288337 ], [ 24.873878357152591, 60.300302672645635 ], [ 24.874024106875989, 60.298059505010357 ] ] ] } },
{ "type": "Feature", "properties": { "id": 5870622, "nimi": "Tuupakan teollisuusalue", "kunta_name": "Vantaa", "walk_min": 33.0, "walk_slow_min": 44.0, "risk": 0.652, "one_person_share": 0.367, "share_65plus": 0.26, "pop_est": 2.0 }, "geometry": { "type": "Polygon", "coordinates": [ [ [ 24.878543828962368, 60.298131759163432 ], [ 24.874024106875989, 60.298059505010357 ], [ 24.873878357152591, 60.300302672645635 ], [ 24.878398388528577, 60.300374933339072 ], [ 24.878543828962368, 60.298131759163432 ] ] ] } },
{ "type": "Feature", "properties": { "id": 5870623, "nimi": "Tuupakan teollisuusalue", "kunta_name": "Vantaa", "walk_min": 30.0, "walk_slow_min": 40.0, "risk": 0.652, "one_person_share": 0.367, "share_65plus": 0.26, "pop_est": 2.0 }, "geometry": { "type": "Polygon", "coordinates": [ [ [ 24.883063574226185, 60.298203859664959 ], [ 24.878543828962368, 60.298131759163432 ], [ 24.878398388528577, 60.300374933339072 ], [ 24.882918443087203, 60.300447040367082 ], [ 24.883063574226185, 60.298203859664959 ] ] ] } },
{ "type": "Feature", "properties": { "id": 5870624, "nimi": "Tuupakan teollisuusalue", "kunta_name": "Vantaa", "walk_min": 32.0, "walk_slow_min": 43.0, "risk": 0.652, "one_person_share": 0.367, "share_65plus": 0.26, "pop_est": 3.0 }, "geometry": { "type": "Polygon", "coordinates": [ [ [ 24.88758334261826, 60.298275806513367 ], [ 24.883063574226185, 60.298203859664959 ], [ 24.882918443087203, 60.300447040367082 ], [ 24.887438520779284, 60.300518993728076 ], [ 24.88758334261826, 60.298275806513367 ] ] ] } },
{ "type": "Feature", "properties": { "id": 5870625, "nimi": "Tuupakan teollisuusalue", "kunta_name": "Vantaa", "walk_min": 35.0, "walk_slow_min": 46.0, "risk": 0.652, "one_person_share": 0.367, "share_65plus": 0.26, "pop_est": 3.0 }, "geometry": { "type": "Polygon", "coordinates": [ [ [ 24.892103134089421, 60.2983475997071 ], [ 24.88758334261826, 60.298275806513367 ], [ 24.887438520779284, 60.300518993728076 ], [ 24.891958621555638, 60.30059079342054 ], [ 24.892103134089421, 60.2983475997071 ] ] ] } },
{ "type": "Feature", "properties": { "id": 5870626, "nimi": "Tuupakan teollisuusalue", "kunta_name": "Vantaa", "walk_min": 31.0, "walk_slow_min": 42.0, "risk": 0.652, "one_person_share": 0.367, "share_65plus": 0.26, "pop_est": 3.0 }, "geometry": { "type": "Polygon", "coordinates": [ [ [ 24.896622948590494, 60.298419239244602 ], [ 24.892103134089421, 60.2983475997071 ], [ 24.891958621555638, 60.30059079342054 ], [ 24.896478745367077, 60.300662439442888 ], [ 24.896622948590494, 60.298419239244602 ] ] ] } },
{ "type": "Feature", "properties": { "id": 5870627, "nimi": "Tuupakan teollisuusalue", "kunta_name": "Vantaa", "walk_min": 35.0, "walk_slow_min": 46.0, "risk": 0.652, "one_person_share": 0.367, "share_65plus": 0.26, "pop_est": 3.0 }, "geometry": { "type": "Polygon", "coordinates": [ [ [ 24.901142786072295, 60.298490725124331 ], [ 24.896622948590494, 60.298419239244602 ], [ 24.896478745367077, 60.300662439442888 ], [ 24.900998892164402, 60.300733931793566 ], [ 24.901142786072295, 60.298490725124331 ] ] ] } },
{ "type": "Feature", "properties": { "id": 5870628, "nimi": "Tuupakan teollisuusalue", "kunta_name": "Vantaa", "walk_min": 30.0, "walk_slow_min": 40.0, "risk": 0.652, "one_person_share": 0.367, "share_65plus": 0.26, "pop_est": 1.0 }, "geometry": { "type": "Polygon", "coordinates": [ [ [ 24.905662646485652, 60.298562057344739 ], [ 24.901142786072295, 60.298490725124331 ], [ 24.900998892164402, 60.300733931793566 ], [ 24.905519061898435, 60.300805270471081 ], [ 24.905662646485652, 60.298562057344739 ] ] ] } },
{ "type": "Feature", "properties": { "id": 5870629, "nimi": "Tuupakan teollisuusalue", "kunta_name": "Vantaa", "walk_min": 32.0, "walk_slow_min": 43.0, "risk": 0.652, "one_person_share": 0.367, "share_65plus": 0.26, "pop_est": 1.0 }, "geometry": { "type": "Polygon", "coordinates": [ [ [ 24.910182529781373, 60.29863323590429 ], [ 24.905662646485652, 60.298562057344739 ], [ 24.905519061898435, 60.300805270471081 ], [ 24.91003925451998, 60.300876455473805 ], [ 24.910182529781373, 60.29863323590429 ] ] ] } },
{ "type": "Feature", "properties": { "id": 5870630, "nimi": "Tuupakan teollisuusalue", "kunta_name": "Vantaa", "walk_min": 32.0, "walk_slow_min": 43.0, "risk": 0.652, "one_person_share": 0.367, "share_65plus": 0.26, "pop_est": 1.0 }, "geometry": { "type": "Polygon", "coordinates": [ [ [ 24.914702435910289, 60.298704260801394 ], [ 24.910182529781373, 60.29863323590429 ], [ 24.91003925451998, 60.300876455473805 ], [ 24.914559469979842, 60.300947486800247 ], [ 24.914702435910289, 60.298704260801394 ] ] ] } },
{ "type": "Feature", "properties": { "id": 5870631, "nimi": "Tuupakan teollisuusalue", "kunta_name": "Vantaa", "walk_min": 29.0, "walk_slow_min": 38.0, "risk": 0.652, "one_person_share": 0.367, "share_65plus": 0.26, "pop_est": 1.0 }, "geometry": { "type": "Polygon", "coordinates": [ [ [ 24.919222364823206, 60.298775132034578 ], [ 24.914702435910289, 60.298704260801394 ], [ 24.914559469979842, 60.300947486800247 ], [ 24.919079708228828, 60.301018364448851 ], [ 24.919222364823206, 60.298775132034578 ] ] ] } },
{ "type": "Feature", "properties": { "id": 5870650, "nimi": "Tikkurila", "kunta_name": "Vantaa", "walk_min": 11.0, "walk_slow_min": 14.0, "risk": 0.724, "one_person_share": 0.529, "share_65plus": 0.186, "pop_est": 43.0 }, "geometry": { "type": "Polygon", "coordinates": [ [ [ 25.005105277703343, 60.30009248729246 ], [ 25.000584925241366, 60.300024535962223 ], [ 25.000447837558895, 60.302267881480127 ], [ 25.004968499452097, 60.302335838961966 ], [ 25.005105277703343, 60.30009248729246 ] ] ] } },
{ "type": "Feature", "properties": { "id": 5870651, "nimi": "Tikkurila", "kunta_name": "Vantaa", "walk_min": 11.0, "walk_slow_min": 14.0, "risk": 0.724, "one_person_share": 0.529, "share_65plus": 0.186, "pop_est": 43.0 }, "geometry": { "type": "Polygon", "coordinates": [ [ [ 25.009625651965319, 60.30016028492868 ], [ 25.005105277703343, 60.30009248729246 ], [ 25.004968499452097, 60.302335838961966 ], [ 25.009489183150198, 60.302403642735918 ], [ 25.009625651965319, 60.30016028492868 ] ] ] } },
{ "type": "Feature", "properties": { "id": 5872480, "nimi": "Tuupakan teollisuusalue", "kunta_name": "Vantaa", "walk_min": 19.0, "walk_slow_min": 26.0, "risk": 0.652, "one_person_share": 0.367, "share_65plus": 0.26, "pop_est": 2.0 }, "geometry": { "type": "Polygon", "coordinates": [ [ [ 24.869650443748217, 60.295743935150696 ], [ 24.865131077394206, 60.295671380266427 ], [ 24.864984732432212, 60.297914535755837 ], [ 24.869504408016212, 60.297987097207297 ], [ 24.869650443748217, 60.295743935150696 ] ] ] } },
{ "type": "Feature", "properties": { "id": 5872481, "nimi": "Tuupakan teollisuusalue", "kunta_name": "Vantaa", "walk_min": 23.0, "walk_slow_min": 31.0, "risk": 0.652, "one_person_share": 0.367, "share_65plus": 0.26, "pop_est": 2.0 }, "geometry": { "type": "Polygon", "coordinates": [ [ [ 24.874169833372779, 60.295816336400406 ], [ 24.869650443748217, 60.295743935150696 ], [ 24.869504408016212, 60.297987097207297 ], [ 24.874024106875989, 60.298059505010357 ], [ 24.874169833372779, 60.295816336400406 ] ] ] } },
{ "type": "Feature", "properties": { "id": 5872482, "nimi": "Tuupakan teollisuusalue", "kunta_name": "Vantaa", "walk_min": 30.0, "walk_slow_min": 41.0, "risk": 0.652, "one_person_share": 0.367, "share_65plus": 0.26, "pop_est": 2.0 }, "geometry": { "type": "Polygon", "coordinates": [ [ [ 24.878689246218727, 60.295888584014023 ], [ 24.874169833372779, 60.295816336400406 ], [ 24.874024106875989, 60.298059505010357 ], [ 24.878543828962368, 60.298131759163432 ], [ 24.878689246218727, 60.295888584014023 ] ] ] } },
{ "type": "Feature", "properties": { "id": 5872483, "nimi": "Tuupakan teollisuusalue", "kunta_name": "Vantaa", "walk_min": 30.0, "walk_slow_min": 41.0, "risk": 0.652, "one_person_share": 0.367, "share_65plus": 0.26, "pop_est": 2.0 }, "geometry": { "type": "Polygon", "coordinates": [ [ [ 24.883208682236905, 60.295960677989946 ], [ 24.878689246218727, 60.295888584014023 ], [ 24.878543828962368, 60.298131759163432 ], [ 24.883063574226185, 60.298203859664959 ], [ 24.883208682236905, 60.295960677989946 ] ] ] } },
{ "type": "Feature", "properties": { "id": 5872484, "nimi": "Tuupakan teollisuusalue", "kunta_name": "Vantaa", "walk_min": 27.0, "walk_slow_min": 37.0, "risk": 0.652, "one_person_share": 0.367, "share_65plus": 0.26, "pop_est": 3.0 }, "geometry": { "type": "Polygon", "coordinates": [ [ [ 24.887728141378147, 60.296032618326635 ], [ 24.883208682236905, 60.295960677989946 ], [ 24.883063574226185, 60.298203859664959 ], [ 24.88758334261826, 60.298275806513367 ], [ 24.887728141378147, 60.296032618326635 ] ] ] } },
{ "type": "Feature", "properties": { "id": 5872485, "nimi": "Tuupakan teollisuusalue", "kunta_name": "Vantaa", "walk_min": 24.0, "walk_slow_min": 32.0, "risk": 0.652, "one_person_share": 0.367, "share_65plus": 0.26, "pop_est": 3.0 }, "geometry": { "type": "Polygon", "coordinates": [ [ [ 24.892247623593295, 60.29610440502254 ], [ 24.887728141378147, 60.296032618326635 ], [ 24.88758334261826, 60.298275806513367 ], [ 24.892103134089421, 60.2983475997071 ], [ 24.892247623593295, 60.29610440502254 ] ] ] } },
{ "type": "Feature", "properties": { "id": 5872486, "nimi": "Tuupakan teollisuusalue", "kunta_name": "Vantaa", "walk_min": 26.0, "walk_slow_min": 35.0, "risk": 0.652, "one_person_share": 0.367, "share_65plus": 0.26, "pop_est": 3.0 }, "geometry": { "type": "Polygon", "coordinates": [ [ [ 24.896767128833179, 60.296176038076105 ], [ 24.892247623593295, 60.29610440502254 ], [ 24.892103134089421, 60.2983475997071 ], [ 24.896622948590494, 60.298419239244602 ], [ 24.896767128833179, 60.296176038076105 ] ] ] } },
{ "type": "Feature", "properties": { "id": 5872487, "nimi": "Tuupakan teollisuusalue", "kunta_name": "Vantaa", "walk_min": 21.0, "walk_slow_min": 28.0, "risk": 0.652, "one_person_share": 0.367, "share_65plus": 0.26, "pop_est": 3.0 }, "geometry": { "type": "Polygon", "coordinates": [ [ [ 24.901286657048637, 60.29624751748576 ], [ 24.896767128833179, 60.296176038076105 ], [ 24.896622948590494, 60.298419239244602 ], [ 24.901142786072295, 60.298490725124331 ], [ 24.901286657048637, 60.29624751748576 ] ] ] } },
{ "type": "Feature", "properties": { "id": 5872488, "nimi": "Tuupakan teollisuusalue", "kunta_name": "Vantaa", "walk_min": 19.0, "walk_slow_min": 26.0, "risk": 0.652, "one_person_share": 0.367, "share_65plus": 0.26, "pop_est": 1.0 }, "geometry": { "type": "Polygon", "coordinates": [ [ [ 24.905806208190494, 60.296318843249963 ], [ 24.901286657048637, 60.29624751748576 ], [ 24.901142786072295, 60.298490725124331 ], [ 24.905662646485652, 60.298562057344739 ], [ 24.905806208190494, 60.296318843249963 ] ] ] } },
{ "type": "Feature", "properties": { "id": 5872489, "nimi": "Tuupakan teollisuusalue", "kunta_name": "Vantaa", "walk_min": 18.0, "walk_slow_min": 23.0, "risk": 0.652, "one_person_share": 0.367, "share_65plus": 0.26, "pop_est": 1.0 }, "geometry": { "type": "Polygon", "coordinates": [ [ [ 24.910325782209583, 60.296390015367173 ], [ 24.905806208190494, 60.296318843249963 ], [ 24.905662646485652, 60.298562057344739 ], [ 24.910182529781373, 60.29863323590429 ], [ 24.910325782209583, 60.296390015367173 ] ] ] } },
{ "type": "Feature", "properties": { "id": 5872490, "nimi": "Tuupakan teollisuusalue", "kunta_name": "Vantaa", "walk_min": 29.0, "walk_slow_min": 38.0, "risk": 0.652, "one_person_share": 0.367, "share_65plus": 0.26, "pop_est": 1.0 }, "geometry": { "type": "Polygon", "coordinates": [ [ [ 24.914845379056732, 60.296461033835861 ], [ 24.910325782209583, 60.296390015367173 ], [ 24.910182529781373, 60.29863323590429 ], [ 24.914702435910289, 60.298704260801394 ], [ 24.914845379056732, 60.296461033835861 ] ] ] } },
{ "type": "Feature", "properties": { "id": 5872491, "nimi": "Tuupakan teollisuusalue", "kunta_name": "Vantaa", "walk_min": 25.0, "walk_slow_min": 33.0, "risk": 0.652, "one_person_share": 0.367, "share_65plus": 0.26, "pop_est": 1.0 }, "geometry": { "type": "Polygon", "coordinates": [ [ [ 24.919364998682767, 60.296531898654493 ], [ 24.914845379056732, 60.296461033835861 ], [ 24.914702435910289, 60.298704260801394 ], [ 24.919222364823206, 60.298775132034578 ], [ 24.919364998682767, 60.296531898654493 ] ] ] } },
{ "type": "Feature", "properties": { "id": 5872510, "nimi": "Tikkurila", "kunta_name": "Vantaa", "walk_min": 10.0, "walk_slow_min": 13.0, "risk": 0.724, "one_person_share": 0.529, "share_65plus": 0.186, "pop_est": 43.0 }, "geometry": { "type": "Polygon", "coordinates": [ [ [ 25.005242034154584, 60.297849134673456 ], [ 25.000721991074617, 60.29778118949401 ], [ 25.000584925241366, 60.300024535962223 ], [ 25.005105277703343, 60.30009248729246 ], [ 25.005242034154584, 60.297849134673456 ] ] ] } },
{ "type": "Feature", "properties": { "id": 5874338, "nimi": "Tuupakan teollisuusalue", "kunta_name": "Vantaa", "walk_min": 20.0, "walk_slow_min": 27.0, "risk": 0.652, "one_person_share": 0.367, "share_65plus": 0.26, "pop_est": 2.0 }, "geometry": { "type": "Polygon", "coordinates": [ [ [ 24.869796456209677, 60.293500772118556 ], [ 24.865277399036497, 60.293428223800618 ], [ 24.865131077394206, 60.295671380266427 ], [ 24.869650443748217, 60.295743935150696 ], [ 24.869796456209677, 60.293500772118556 ] ] ] } },
{ "type": "Feature", "properties": { "id": 5874339, "nimi": "Tuupakan teollisuusalue", "kunta_name": "Vantaa", "walk_min": 23.0, "walk_slow_min": 31.0, "risk": 0.652, "one_person_share": 0.367, "share_65plus": 0.26, "pop_est": 2.0 }, "geometry": { "type": "Polygon", "coordinates": [ [ [ 24.874315536648179, 60.293573166815811 ], [ 24.869796456209677, 60.293500772118556 ], [ 24.869650443748217, 60.295743935150696 ], [ 24.874169833372779, 60.295816336400406 ], [ 24.874315536648179, 60.293573166815811 ] ] ] } },
{ "type": "Feature", "properties": { "id": 5874340, "nimi": "Tuupakan teollisuusalue", "kunta_name": "Vantaa", "walk_min": 26.0, "walk_slow_min": 35.0, "risk": 0.652, "one_person_share": 0.367, "share_65plus": 0.26, "pop_est": 2.0 }, "geometry": { "type": "Polygon", "coordinates": [ [ [ 24.878834640302856, 60.29364540789085 ], [ 24.874315536648179, 60.293573166815811 ], [ 24.874169833372779, 60.295816336400406 ], [ 24.878689246218727, 60.295888584014023 ], [ 24.878834640302856, 60.29364540789085 ] ] ] } },
{ "type": "Feature", "properties": { "id": 5874341, "nimi": "Tuupakan teollisuusalue", "kunta_name": "Vantaa", "walk_min": 33.0, "walk_slow_min": 43.0, "risk": 0.652, "one_person_share": 0.367, "share_65plus": 0.26, "pop_est": 2.0 }, "geometry": { "type": "Polygon", "coordinates": [ [ [ 24.883353767124557, 60.293717495342086 ], [ 24.878834640302856, 60.29364540789085 ], [ 24.878689246218727, 60.295888584014023 ], [ 24.883208682236905, 60.295960677989946 ], [ 24.883353767124557, 60.293717495342086 ] ] ] } },
{ "type": "Feature", "properties": { "id": 5874342, "nimi": "Tuupakan teollisuusalue", "kunta_name": "Vantaa", "walk_min": 32.0, "walk_slow_min": 43.0, "risk": 0.652, "one_person_share": 0.367, "share_65plus": 0.26, "pop_est": 3.0 }, "geometry": { "type": "Polygon", "coordinates": [ [ [ 24.887872917064133, 60.293789429167965 ], [ 24.883353767124557, 60.293717495342086 ], [ 24.883208682236905, 60.295960677989946 ], [ 24.887728141378147, 60.296032618326635 ], [ 24.887872917064133, 60.293789429167965 ] ] ] } },
{ "type": "Feature", "properties": { "id": 5874343, "nimi": "Tuupakan teollisuusalue", "kunta_name": "Vantaa", "walk_min": 23.0, "walk_slow_min": 31.0, "risk": 0.652, "one_person_share": 0.367, "share_65plus": 0.26, "pop_est": 3.0 }, "geometry": { "type": "Polygon", "coordinates": [ [ [ 24.89239209007243, 60.293861209366909 ], [ 24.887872917064133, 60.293789429167965 ], [ 24.887728141378147, 60.296032618326635 ], [ 24.892247623593295, 60.29610440502254 ], [ 24.89239209007243, 60.293861209366909 ] ] ] } },
{ "type": "Feature", "properties": { "id": 5874344, "nimi": "Tuupakan teollisuusalue", "kunta_name": "Vantaa", "walk_min": 19.0, "walk_slow_min": 25.0, "risk": 0.652, "one_person_share": 0.367, "share_65plus": 0.26, "pop_est": 3.0 }, "geometry": { "type": "Polygon", "coordinates": [ [ [ 24.896911286100298, 60.293932835937404 ], [ 24.89239209007243, 60.293861209366909 ], [ 24.892247623593295, 60.29610440502254 ], [ 24.896767128833179, 60.296176038076105 ], [ 24.896911286100298, 60.293932835937404 ] ] ] } },
{ "type": "Feature", "properties": { "id": 5874345, "nimi": "Tuupakan teollisuusalue", "kunta_name": "Vantaa", "walk_min": 15.0, "walk_slow_min": 19.0, "risk": 0.652, "one_person_share": 0.367, "share_65plus": 0.26, "pop_est": 3.0 }, "geometry": { "type": "Polygon", "coordinates": [ [ [ 24.901430505098574, 60.294004308877859 ], [ 24.896911286100298, 60.293932835937404 ], [ 24.896767128833179, 60.296176038076105 ], [ 24.901286657048637, 60.29624751748576 ], [ 24.901430505098574, 60.294004308877859 ] ] ] } },
{ "type": "Feature", "properties": { "id": 5874346, "nimi": "Tuupakan teollisuusalue", "kunta_name": "Vantaa", "walk_min": 16.0, "walk_slow_min": 21.0, "risk": 0.652, "one_person_share": 0.367, "share_65plus": 0.26, "pop_est": 1.0 }, "geometry": { "type": "Polygon", "coordinates": [ [ [ 24.905949747018102, 60.294075628186761 ], [ 24.901430505098574, 60.294004308877859 ], [ 24.901286657048637, 60.29624751748576 ], [ 24.905806208190494, 60.296318843249963 ], [ 24.905949747018102, 60.294075628186761 ] ] ] } },
{ "type": "Feature", "properties": { "id": 5874347, "nimi": "Tuupakan teollisuusalue", "kunta_name": "Vantaa", "walk_min": 15.0, "walk_slow_min": 20.0, "risk": 0.652, "one_person_share": 0.367, "share_65plus": 0.26, "pop_est": 1.0 }, "geometry": { "type": "Polygon", "coordinates": [ [ [ 24.910469011809727, 60.294146793862538 ], [ 24.905949747018102, 60.294075628186761 ], [ 24.905806208190494, 60.296318843249963 ], [ 24.910325782209583, 60.296390015367173 ], [ 24.910469011809727, 60.294146793862538 ] ] ] } },
{ "type": "Feature", "properties": { "id": 5874348, "nimi": "Tuupakan teollisuusalue", "kunta_name": "Vantaa", "walk_min": 23.0, "walk_slow_min": 31.0, "risk": 0.652, "one_person_share": 0.367, "share_65plus": 0.26, "pop_est": 1.0 }, "geometry": { "type": "Polygon", "coordinates": [ [ [ 24.914988299424284, 60.294217805903678 ], [ 24.910469011809727, 60.294146793862538 ], [ 24.910325782209583, 60.296390015367173 ], [ 24.914845379056732, 60.296461033835861 ], [ 24.914988299424284, 60.294217805903678 ] ] ] } },
{ "type": "Feature", "properties": { "id": 5874368, "nimi": "Tikkurila", "kunta_name": "Vantaa", "walk_min": 11.0, "walk_slow_min": 14.0, "risk": 0.724, "one_person_share": 0.529, "share_65plus": 0.186, "pop_est": 43.0 }, "geometry": { "type": "Polygon", "coordinates": [ [ [ 25.005378768810722, 60.295605781104996 ], [ 25.000859035063559, 60.295537842075468 ], [ 25.000721991074617, 60.29778118949401 ], [ 25.005242034154584, 60.297849134673456 ], [ 25.005378768810722, 60.295605781104996 ] ] ] } },
{ "type": "Feature", "properties": { "id": 5876196, "nimi": "Tuupakan teollisuusalue", "kunta_name": "Vantaa", "walk_min": 24.0, "walk_slow_min": 32.0, "risk": 0.652, "one_person_share": 0.367, "share_65plus": 0.26, "pop_est": 65.0 }, "geometry": { "type": "Polygon", "coordinates": [ [ [ 24.878980011219959, 60.291402230793921 ], [ 24.874461216707402, 60.291329996256557 ], [ 24.874315536648179, 60.293573166815811 ], [ 24.878834640302856, 60.29364540789085 ], [ 24.878980011219959, 60.291402230793921 ] ] ] } },
{ "type": "Feature", "properties": { "id": 5876197, "nimi": "Tuupakan teollisuusalue", "kunta_name": "Vantaa", "walk_min": 21.0, "walk_slow_min": 28.0, "risk": 0.652, "one_person_share": 0.367, "share_65plus": 0.26, "pop_est": 65.0 }, "geometry": { "type": "Polygon", "coordinates": [ [ [ 24.883498828894336, 60.291474311721359 ], [ 24.878980011219959, 60.291402230793921 ], [ 24.878834640302856, 60.29364540789085 ], [ 24.883353767124557, 60.293717495342086 ], [ 24.883498828894336, 60.291474311721359 ] ] ] } },
{ "type": "Feature", "properties": { "id": 5876198, "nimi": "Tuupakan teollisuusalue", "kunta_name": "Vantaa", "walk_min": 33.0, "walk_slow_min": 45.0, "risk": 0.652, "one_person_share": 0.367, "share_65plus": 0.26, "pop_est": 6.0 }, "geometry": { "type": "Polygon", "coordinates": [ [ [ 24.888017669681396, 60.291546239037309 ], [ 24.883498828894336, 60.291474311721359 ], [ 24.883353767124557, 60.293717495342086 ], [ 24.887872917064133, 60.293789429167965 ], [ 24.888017669681396, 60.291546239037309 ] ] ] } },
{ "type": "Feature", "properties": { "id": 5876199, "nimi": "Tuupakan teollisuusalue", "kunta_name": "Vantaa", "walk_min": 18.0, "walk_slow_min": 24.0, "risk": 0.652, "one_person_share": 0.367, "share_65plus": 0.26, "pop_est": 6.0 }, "geometry": { "type": "Polygon", "coordinates": [ [ [ 24.892536533532002, 60.291618012740209 ], [ 24.888017669681396, 60.291546239037309 ], [ 24.887872917064133, 60.293789429167965 ], [ 24.89239209007243, 60.293861209366909 ], [ 24.892536533532002, 60.291618012740209 ] ] ] } },
{ "type": "Feature", "properties": { "id": 5876200, "nimi": "Tuupakan teollisuusalue", "kunta_name": "Vantaa", "walk_min": 20.0, "walk_slow_min": 25.0, "risk": 0.652, "one_person_share": 0.367, "share_65plus": 0.26, "pop_est": 6.0 }, "geometry": { "type": "Polygon", "coordinates": [ [ [ 24.897055420397002, 60.291689632828515 ], [ 24.892536533532002, 60.291618012740209 ], [ 24.89239209007243, 60.293861209366909 ], [ 24.896911286100298, 60.293932835937404 ], [ 24.897055420397002, 60.291689632828515 ] ] ] } },
{ "type": "Feature", "properties": { "id": 5876201, "nimi": "Tuupakan teollisuusalue", "kunta_name": "Vantaa", "walk_min": 10.0, "walk_slow_min": 12.0, "risk": 0.652, "one_person_share": 0.367, "share_65plus": 0.26, "pop_est": 6.0 }, "geometry": { "type": "Polygon", "coordinates": [ [ [ 24.901574330227255, 60.291761099300693 ], [ 24.897055420397002, 60.291689632828515 ], [ 24.896911286100298, 60.293932835937404 ], [ 24.901430505098574, 60.294004308877859 ], [ 24.901574330227255, 60.291761099300693 ] ] ] } },
{ "type": "Feature", "properties": { "id": 5876202, "nimi": "Tuupakan teollisuusalue", "kunta_name": "Vantaa", "walk_min": 10.0, "walk_slow_min": 13.0, "risk": 0.652, "one_person_share": 0.367, "share_65plus": 0.26, "pop_est": 57.0 }, "geometry": { "type": "Polygon", "coordinates": [ [ [ 24.906093262973616, 60.291832412155152 ], [ 24.901574330227255, 60.291761099300693 ], [ 24.901430505098574, 60.294004308877859 ], [ 24.905949747018102, 60.294075628186761 ], [ 24.906093262973616, 60.291832412155152 ] ] ] } },
{ "type": "Feature", "properties": { "id": 5876203, "nimi": "Tuupakan teollisuusalue", "kunta_name": "Vantaa", "walk_min": 21.0, "walk_slow_min": 28.0, "risk": 0.652, "one_person_share": 0.367, "share_65plus": 0.26, "pop_est": 57.0 }, "geometry": { "type": "Polygon", "coordinates": [ [ [ 24.910612218586937, 60.291903571390371 ], [ 24.906093262973616, 60.291832412155152 ], [ 24.905949747018102, 60.294075628186761 ], [ 24.910469011809727, 60.294146793862538 ], [ 24.910612218586937, 60.291903571390371 ] ] ] } },
{ "type": "Feature", "properties": { "id": 5876206, "nimi": "Tuupakan teollisuusalue", "kunta_name": "Vantaa", "walk_min": 26.0, "walk_slow_min": 35.0, "risk": 0.652, "one_person_share": 0.367, "share_65plus": 0.26, "pop_est": 20.0 }, "geometry": { "type": "Polygon", "coordinates": [ [ [ 24.924169222137145, 60.292116127365247 ], [ 24.919650198217852, 60.29204542899695 ], [ 24.919507609812616, 60.294288664308617 ], [ 24.924026942925554, 60.294359369075814 ], [ 24.924169222137145, 60.292116127365247 ] ] ] } },
{ "type": "Feature", "properties": { "id": 5876207, "nimi": "Tuupakan teollisuusalue", "kunta_name": "Vantaa", "walk_min": 29.0, "walk_slow_min": 39.0, "risk": 0.652, "one_person_share": 0.367, "share_65plus": 0.26, "pop_est": 20.0 }, "geometry": { "type": "Polygon", "coordinates": [ [ [ 24.928688268726791, 60.292186672108144 ], [ 24.924169222137145, 60.292116127365247 ], [ 24.924026942925554, 60.294359369075814 ], [ 24.928546298713936, 60.294429920203761 ], [ 24.928688268726791, 60.292186672108144 ] ] ] } },
{ "type": "Feature", "properties": { "id": 5876208, "nimi": "Tuupakan teollisuusalue", "kunta_name": "Vantaa", "walk_min": 35.0, "walk_slow_min": 46.0, "risk": 0.652, "one_person_share": 0.367, "share_65plus": 0.26, "pop_est": 20.0 }, "geometry": { "type": "Polygon", "coordinates": [ [ [ 24.933207337937628, 60.292257063224156 ], [ 24.928688268726791, 60.292186672108144 ], [ 24.928546298713936, 60.294429920203761 ], [ 24.933065677128592, 60.294500317690932 ], [ 24.933207337937628, 60.292257063224156 ] ] ] } },
{ "type": "Feature", "properties": { "id": 5878052, "nimi": "Tuupakan teollisuusalue", "kunta_name": "Vantaa", "walk_min": 22.0, "walk_slow_min": 28.0, "risk": 0.652, "one_person_share": 0.367, "share_65plus": 0.26, "pop_est": 65.0 }, "geometry": { "type": "Polygon", "coordinates": [ [ [ 24.883643867551431, 60.289231127127763 ], [ 24.879125358975237, 60.289159052723264 ], [ 24.878980011219959, 60.291402230793921 ], [ 24.883498828894336, 60.291474311721359 ], [ 24.883643867551431, 60.289231127127763 ] ] ] } },
{ "type": "Feature", "properties": { "id": 5878053, "nimi": "Tuupakan teollisuusalue", "kunta_name": "Vantaa", "walk_min": 19.0, "walk_slow_min": 24.0, "risk": 0.652, "one_person_share": 0.367, "share_65plus": 0.26, "pop_est": 6.0 }, "geometry": { "type": "Polygon", "coordinates": [ [ [ 24.888162399235121, 60.289303047934695 ], [ 24.883643867551431, 60.289231127127763 ], [ 24.883498828894336, 60.291474311721359 ], [ 24.888017669681396, 60.291546239037309 ], [ 24.888162399235121, 60.289303047934695 ] ] ] } },
{ "type": "Feature", "properties": { "id": 5878054, "nimi": "Tuupakan teollisuusalue", "kunta_name": "Vantaa", "walk_min": 15.0, "walk_slow_min": 20.0, "risk": 0.652, "one_person_share": 0.367, "share_65plus": 0.26, "pop_est": 6.0 }, "geometry": { "type": "Polygon", "coordinates": [ [ [ 24.89268095397717, 60.289374815142438 ], [ 24.888162399235121, 60.289303047934695 ], [ 24.888017669681396, 60.291546239037309 ], [ 24.892536533532002, 60.291618012740209 ], [ 24.89268095397717, 60.289374815142438 ] ] ] } },
{ "type": "Feature", "properties": { "id": 5878055, "nimi": "Tuupakan teollisuusalue", "kunta_name": "Vantaa", "walk_min": 17.0, "walk_slow_min": 22.0, "risk": 0.652, "one_person_share": 0.367, "share_65plus": 0.26, "pop_est": 6.0 }, "geometry": { "type": "Polygon", "coordinates": [ [ [ 24.89719953172845, 60.289446428749443 ], [ 24.89268095397717, 60.289374815142438 ], [ 24.892536533532002, 60.291618012740209 ], [ 24.897055420397002, 60.291689632828515 ], [ 24.89719953172845, 60.289446428749443 ] ] ] } },
{ "type": "Feature", "properties": { "id": 5878057, "nimi": "Tuupakan teollisuusalue", "kunta_name": "Vantaa", "walk_min": 10.0, "walk_slow_min": 13.0, "risk": 0.652, "one_person_share": 0.367, "share_65plus": 0.26, "pop_est": 57.0 }, "geometry": { "type": "Polygon", "coordinates": [ [ [ 24.906236756062174, 60.289589195155088 ], [ 24.901718132439832, 60.289517888754176 ], [ 24.901574330227255, 60.291761099300693 ], [ 24.906093262973616, 60.291832412155152 ], [ 24.906236756062174, 60.289589195155088 ] ] ] } },
{ "type": "Feature", "properties": { "id": 5878062, "nimi": "Tuupakan teollisuusalue", "kunta_name": "Vantaa", "walk_min": 28.0, "walk_slow_min": 37.0, "risk": 0.652, "one_person_share": 0.367, "share_65plus": 0.26, "pop_est": 20.0 }, "geometry": { "type": "Polygon", "coordinates": [ [ [ 24.928830216118449, 60.28994342304847 ], [ 24.924311478678387, 60.28987288468975 ], [ 24.924169222137145, 60.292116127365247 ], [ 24.928688268726791, 60.292186672108144 ], [ 24.928830216118449, 60.28994342304847 ] ] ] } },
{ "type": "Feature", "properties": { "id": 5878063, "nimi": "Tuupakan teollisuusalue", "kunta_name": "Vantaa", "walk_min": 27.0, "walk_slow_min": 36.0, "risk": 0.652, "one_person_share": 0.367, "share_65plus": 0.26, "pop_est": 20.0 }, "geometry": { "type": "Polygon", "coordinates": [ [ [ 24.933348976174628, 60.290013807794189 ], [ 24.928830216118449, 60.28994342304847 ], [ 24.928688268726791, 60.292186672108144 ], [ 24.933207337937628, 60.292257063224156 ], [ 24.933348976174628, 60.290013807794189 ] ] ] } },
{ "type": "Feature", "properties": { "id": 5878081, "nimi": "Tikkurila", "kunta_name": "Vantaa", "walk_min": 10.0, "walk_slow_min": 13.0, "risk": 0.724, "one_person_share": 0.529, "share_65plus": 0.186, "pop_est": 312.0 }, "geometry": { "type": "Polygon", "coordinates": [ [ [ 25.014690468507581, 60.291254463667116 ], [ 25.010171309766793, 60.291186844213357 ], [ 25.01003492792551, 60.293430205815135 ], [ 25.014554395910501, 60.293497831389374 ], [ 25.014690468507581, 60.291254463667116 ] ] ] } },
{ "type": "Feature", "properties": { "id": 5878082, "nimi": "Tikkurila", "kunta_name": "Vantaa", "walk_min": 11.0, "walk_slow_min": 15.0, "risk": 0.724, "one_person_share": 0.529, "share_65plus": 0.186, "pop_est": 312.0 }, "geometry": { "type": "Polygon", "coordinates": [ [ [ 25.019209648930445, 60.291321929479444 ], [ 25.014690468507581, 60.291254463667116 ], [ 25.014554395910501, 60.293497831389374 ], [ 25.019073885582443, 60.29356530330832 ], [ 25.019209648930445, 60.291321929479444 ] ] ] } },
{ "type": "Feature", "properties": { "id": 5879906, "nimi": "Tuupakan teollisuusalue", "kunta_name": "Vantaa", "walk_min": 15.0, "walk_slow_min": 20.0, "risk": 0.652, "one_person_share": 0.367, "share_65plus": 0.26, "pop_est": 65.0 }, "geometry": { "type": "Polygon", "coordinates": [ [ [ 24.88378888310103, 60.286987941561392 ], [ 24.879270683573893, 60.286915873678886 ], [ 24.879125358975237, 60.289159052723264 ], [ 24.883643867551431, 60.289231127127763 ], [ 24.88378888310103, 60.286987941561392 ] ] ] } },
{ "type": "Feature", "properties": { "id": 5879907, "nimi": "Tuupakan teollisuusalue", "kunta_name": "Vantaa", "walk_min": 14.0, "walk_slow_min": 19.0, "risk": 0.652, "one_person_share": 0.367, "share_65plus": 0.26, "pop_est": 6.0 }, "geometry": { "type": "Polygon", "coordinates": [ [ [ 24.88830710573048, 60.287059855860143 ], [ 24.88378888310103, 60.286987941561392 ], [ 24.883643867551431, 60.289231127127763 ], [ 24.888162399235121, 60.289303047934695 ], [ 24.88830710573048, 60.287059855860143 ] ] ] } },
{ "type": "Feature", "properties": { "id": 5879908, "nimi": "Tuupakan teollisuusalue", "kunta_name": "Vantaa", "walk_min": 11.0, "walk_slow_min": 15.0, "risk": 0.652, "one_person_share": 0.367, "share_65plus": 0.26, "pop_est": 6.0 }, "geometry": { "type": "Polygon", "coordinates": [ [ [ 24.892825351413112, 60.287131616573596 ], [ 24.88830710573048, 60.287059855860143 ], [ 24.888162399235121, 60.289303047934695 ], [ 24.89268095397717, 60.289374815142438 ], [ 24.892825351413112, 60.287131616573596 ] ] ] } },
{ "type": "Feature", "properties": { "id": 5879909, "nimi": "Tuupakan teollisuusalue", "kunta_name": "Vantaa", "walk_min": 12.0, "walk_slow_min": 14.0, "risk": 0.652, "one_person_share": 0.367, "share_65plus": 0.26, "pop_est": 6.0 }, "geometry": { "type": "Polygon", "coordinates": [ [ [ 24.897343620099807, 60.287203223700217 ], [ 24.892825351413112, 60.287131616573596 ], [ 24.89268095397717, 60.289374815142438 ], [ 24.89719953172845, 60.289446428749443 ], [ 24.897343620099807, 60.287203223700217 ] ] ] } },
{ "type": "Feature", "properties": { "id": 5879932, "nimi": "Tikkurila", "kunta_name": "Vantaa", "walk_min": 10.0, "walk_slow_min": 12.0, "risk": 0.724, "one_person_share": 0.529, "share_65plus": 0.186, "pop_est": 144.0 }, "geometry": { "type": "Polygon", "coordinates": [ [ [ 25.001270036013601, 60.288807794118007 ], [ 24.996751251794443, 60.288739719910083 ], [ 24.996613964128631, 60.290983064018249 ], [ 25.001133057528147, 60.29105114438746 ], [ 25.001270036013601, 60.288807794118007 ] ] ] } },
{ "type": "Feature", "properties": { "id": 5879933, "nimi": "Tikkurila", "kunta_name": "Vantaa", "walk_min": 9.0, "walk_slow_min": 11.0, "risk": 0.724, "one_person_share": 0.529, "share_65plus": 0.186, "pop_est": 144.0 }, "geometry": { "type": "Polygon", "coordinates": [ [ [ 25.005788842057449, 60.288875714702804 ], [ 25.001270036013601, 60.288807794118007 ], [ 25.001133057528147, 60.29105114438746 ], [ 25.005652172757262, 60.291119071119645 ], [ 25.005788842057449, 60.288875714702804 ] ] ] } },
{ "type": "Feature", "properties": { "id": 5879934, "nimi": "Tikkurila", "kunta_name": "Vantaa", "walk_min": 11.0, "walk_slow_min": 14.0, "risk": 0.724, "one_person_share": 0.529, "share_65plus": 0.186, "pop_est": 144.0 }, "geometry": { "type": "Polygon", "coordinates": [ [ [ 25.010307669876831, 60.288943481662983 ], [ 25.005788842057449, 60.288875714702804 ], [ 25.005652172757262, 60.291119071119645 ], [ 25.010171309766793, 60.291186844213357 ], [ 25.010307669876831, 60.288943481662983 ] ] ] } },
{ "type": "Feature", "properties": { "id": 5879938, "nimi": "Tikkurila", "kunta_name": "Vantaa", "walk_min": 9.0, "walk_slow_min": 12.0, "risk": 0.724, "one_person_share": 0.529, "share_65plus": 0.186, "pop_est": 312.0 }, "geometry": { "type": "Polygon", "coordinates": [ [ [ 25.028383197926441, 60.289213013228327 ], [ 25.02386428349655, 60.289145860781218 ], [ 25.023728850986217, 60.291389241648901 ], [ 25.028248074625711, 60.291456400174027 ], [ 25.028383197926441, 60.289213013228327 ] ] ] } },
{ "type": "Feature", "properties": { "id": 5881759, "nimi": "Tuupakan teollisuusalue", "kunta_name": "Vantaa", "walk_min": 9.0, "walk_slow_min": 11.0, "risk": 0.652, "one_person_share": 0.367, "share_65plus": 0.26, "pop_est": 65.0 }, "geometry": { "type": "Polygon", "coordinates": [ [ [ 24.883933875548323, 60.284744755022167 ], [ 24.879415985021122, 60.284672693660802 ], [ 24.879270683573893, 60.286915873678886 ], [ 24.88378888310103, 60.286987941561392 ], [ 24.883933875548323, 60.284744755022167 ] ] ] } },
{ "type": "Feature", "properties": { "id": 5881760, "nimi": "Tuupakan teollisuusalue", "kunta_name": "Vantaa", "walk_min": 11.0, "walk_slow_min": 14.0, "risk": 0.652, "one_person_share": 0.367, "share_65plus": 0.26, "pop_est": 6.0 }, "geometry": { "type": "Polygon", "coordinates": [ [ [ 24.888451789172649, 60.284816662813675 ], [ 24.883933875548323, 60.284744755022167 ], [ 24.88378888310103, 60.286987941561392 ], [ 24.88830710573048, 60.287059855860143 ], [ 24.888451789172649, 60.284816662813675 ] ] ] } },
{ "type": "Feature", "properties": { "id": 5881761, "nimi": "Tuupakan teollisuusalue", "kunta_name": "Vantaa", "walk_min": 12.0, "walk_slow_min": 16.0, "risk": 0.652, "one_person_share": 0.367, "share_65plus": 0.26, "pop_est": 6.0 }, "geometry": { "type": "Polygon", "coordinates": [ [ [ 24.892969725844981, 60.284888417033734 ], [ 24.888451789172649, 60.284816662813675 ], [ 24.88830710573048, 60.287059855860143 ], [ 24.892825351413112, 60.287131616573596 ], [ 24.892969725844981, 60.284888417033734 ] ] ] } },
{ "type": "Feature", "properties": { "id": 5881797, "nimi": "Tikkurila", "kunta_name": "Vantaa", "walk_min": 13.0, "walk_slow_min": 17.0, "risk": 0.724, "one_person_share": 0.529, "share_65plus": 0.186, "pop_est": 182.0 }, "geometry": { "type": "Polygon", "coordinates": [ [ [ 25.05563038161608, 60.287369277527667 ], [ 25.051111647934739, 60.287303052887601 ], [ 25.050978092038214, 60.289546470956282 ], [ 25.055497134908837, 60.289612701590229 ], [ 25.05563038161608, 60.287369277527667 ] ] ] } },
{ "type": "Feature", "properties": { "id": 5883612, "nimi": "Tuupakan teollisuusalue", "kunta_name": "Vantaa", "walk_min": 14.0, "walk_slow_min": 18.0, "risk": 0.652, "one_person_share": 0.367, "share_65plus": 0.26, "pop_est": 9.0 }, "geometry": { "type": "Polygon", "coordinates": [ [ [ 24.893114077277957, 60.28264521652283 ], [ 24.888596449566808, 60.282573468795277 ], [ 24.888451789172649, 60.284816662813675 ], [ 24.892969725844981, 60.284888417033734 ], [ 24.893114077277957, 60.28264521652283 ] ] ] } },
{ "type": "Feature", "properties": { "id": 5883613, "nimi": "Tuupakan teollisuusalue", "kunta_name": "Vantaa", "walk_min": 10.0, "walk_slow_min": 13.0, "risk": 0.652, "one_person_share": 0.367, "share_65plus": 0.26, "pop_est": 9.0 }, "geometry": { "type": "Polygon", "coordinates": [ [ [ 24.897631727982841, 60.282716810691284 ], [ 24.893114077277957, 60.28264521652283 ], [ 24.892969725844981, 60.284888417033734 ], [ 24.897487685516218, 60.284960017680831 ], [ 24.897631727982841, 60.282716810691284 ] ] ] } },
{ "type": "Feature", "properties": { "id": 5885461, "nimi": "Tuupakan teollisuusalue", "kunta_name": "Vantaa", "walk_min": 13.0, "walk_slow_min": 16.0, "risk": 0.652, "one_person_share": 0.367, "share_65plus": 0.26, "pop_est": 9.0 }, "geometry": { "type": "Polygon", "coordinates": [ [ [ 24.888741086918131, 60.280330273804971 ], [ 24.884223791156739, 60.280258379025319 ], [ 24.8840788448985, 60.282501567510131 ], [ 24.888596449566808, 60.282573468795277 ], [ 24.888741086918131, 60.280330273804971 ] ] ] } },
{ "type": "Feature", "properties": { "id": 5885462, "nimi": "Tuupakan teollisuusalue", "kunta_name": "Vantaa", "walk_min": 15.0, "walk_slow_min": 19.0, "risk": 0.652, "one_person_share": 0.367, "share_65plus": 0.26, "pop_est": 9.0 }, "geometry": { "type": "Polygon", "coordinates": [ [ [ 24.893258405717191, 60.28040201504092 ], [ 24.888741086918131, 60.280330273804971 ], [ 24.888596449566808, 60.282573468795277 ], [ 24.893114077277957, 60.28264521652283 ], [ 24.893258405717191, 60.28040201504092 ] ] ] } },
{ "type": "Feature", "properties": { "id": 5885463, "nimi": "Tuupakan teollisuusalue", "kunta_name": "Vantaa", "walk_min": 16.0, "walk_slow_min": 20.0, "risk": 0.652, "one_person_share": 0.367, "share_65plus": 0.26, "pop_est": 9.0 }, "geometry": { "type": "Polygon", "coordinates": [ [ [ 24.897775747504827, 60.280473602731618 ], [ 24.893258405717191, 60.28040201504092 ], [ 24.893114077277957, 60.28264521652283 ], [ 24.897631727982841, 60.282716810691284 ], [ 24.897775747504827, 60.280473602731618 ] ] ] } },
{ "type": "Feature", "properties": { "id": 5885498, "nimi": "Tikkurila", "kunta_name": "Vantaa", "walk_min": 9.0, "walk_slow_min": 11.0, "risk": 0.724, "one_person_share": 0.529, "share_65plus": 0.186, "pop_est": 60.0 }, "geometry": { "type": "Polygon", "coordinates": [ [ [ 25.055896811345587, 60.282882426581551 ], [ 25.051378695895323, 60.282816213926836 ], [ 25.051245182552183, 60.285059633877772 ], [ 25.055763607093407, 60.285125852524757 ], [ 25.055896811345587, 60.282882426581551 ] ] ] } },
{ "type": "Feature", "properties": { "id": 5887310, "nimi": "Tuupakan teollisuusalue", "kunta_name": "Vantaa", "walk_min": 20.0, "walk_slow_min": 26.0, "risk": 0.652, "one_person_share": 0.367, "share_65plus": 0.26, "pop_est": 9.0 }, "geometry": { "type": "Polygon", "coordinates": [ [ [ 24.888885701231786, 60.278087077842784 ], [ 24.884368714328225, 60.278015189567718 ], [ 24.884223791156739, 60.280258379025319 ], [ 24.888741086918131, 60.280330273804971 ], [ 24.888885701231786, 60.278087077842784 ] ] ] } },
{ "type": "Feature", "properties": { "id": 5887311, "nimi": "Tuupakan teollisuusalue", "kunta_name": "Vantaa", "walk_min": 23.0, "walk_slow_min": 29.0, "risk": 0.652, "one_person_share": 0.367, "share_65plus": 0.26, "pop_est": 9.0 }, "geometry": { "type": "Polygon", "coordinates": [ [ [ 24.893402711167845, 60.278158812588003 ], [ 24.888885701231786, 60.278087077842784 ], [ 24.888741086918131, 60.280330273804971 ], [ 24.893258405717191, 60.28040201504092 ], [ 24.893402711167845, 60.278158812588003 ] ] ] } },
{ "type": "Feature", "properties": { "id": 5887312, "nimi": "Tuupakan teollisuusalue", "kunta_name": "Vantaa", "walk_min": 14.0, "walk_slow_min": 18.0, "risk": 0.652, "one_person_share": 0.367, "share_65plus": 0.26, "pop_est": 9.0 }, "geometry": { "type": "Polygon", "coordinates": [ [ [ 24.897919744087321, 60.278230393801842 ], [ 24.893402711167845, 60.278158812588003 ], [ 24.893258405717191, 60.28040201504092 ], [ 24.897775747504827, 60.280473602731618 ], [ 24.897919744087321, 60.278230393801842 ] ] ] } },
{ "type": "Feature", "properties": { "id": 5889159, "nimi": "Tuupakan teollisuusalue", "kunta_name": "Vantaa", "walk_min": 25.0, "walk_slow_min": 32.0, "risk": 0.652, "one_person_share": 0.367, "share_65plus": 0.26, "pop_est": 9.0 }, "geometry": { "type": "Polygon", "coordinates": [ [ [ 24.893546993635084, 60.275915609164088 ], [ 24.889030292512945, 60.275843880908702 ], [ 24.888885701231786, 60.278087077842784 ], [ 24.893402711167845, 60.278158812588003 ], [ 24.893546993635084, 60.275915609164088 ] ] ] } },
{ "type": "Feature", "properties": { "id": 5891005, "nimi": "Tuupakan teollisuusalue", "kunta_name": "Vantaa", "walk_min": 20.0, "walk_slow_min": 27.0, "risk": 0.652, "one_person_share": 0.367, "share_65plus": 0.26, "pop_est": 0.0 }, "geometry": { "type": "Polygon", "coordinates": [ [ [ 24.893691253124061, 60.273672404769187 ], [ 24.889174860766779, 60.273600683002748 ], [ 24.889030292512945, 60.275843880908702 ], [ 24.893546993635084, 60.275915609164088 ], [ 24.893691253124061, 60.273672404769187 ] ] ] } },
{ "type": "Feature", "properties": { "id": 5892837, "nimi": "Myyrmäki", "kunta_name": "Vantaa", "walk_min": 11.0, "walk_slow_min": 15.0, "risk": 0.873, "one_person_share": 0.552, "share_65plus": 0.219, "pop_est": 251.0 }, "geometry": { "type": "Polygon", "coordinates": [ [ [ 24.839644015852372, 60.270558486181493 ], [ 24.835128211651295, 60.270484929147358 ], [ 24.834979962236087, 60.272728049087604 ], [ 24.839496075090249, 60.272801612776085 ], [ 24.839644015852372, 60.270558486181493 ] ] ] } },
{ "type": "Feature", "properties": { "id": 5892842, "nimi": "Myyrmäki", "kunta_name": "Vantaa", "walk_min": 9.0, "walk_slow_min": 11.0, "risk": 0.873, "one_person_share": 0.552, "share_65plus": 0.219, "pop_est": 278.0 }, "geometry": { "type": "Polygon", "coordinates": [ [ [ 24.862223389222869, 60.270923969255833 ], [ 24.857707467730187, 60.27085117959242 ], [ 24.857560761633167, 60.273094332665792 ], [ 24.86207699180526, 60.27316712891426 ], [ 24.862223389222869, 60.270923969255833 ] ] ] } },
{ "type": "Feature", "properties": { "id": 5892843, "nimi": "Myyrmäki", "kunta_name": "Vantaa", "walk_min": 12.0, "walk_slow_min": 16.0, "risk": 0.873, "one_person_share": 0.552, "share_65plus": 0.219, "pop_est": 278.0 }, "geometry": { "type": "Polygon", "coordinates": [ [ [ 24.866739334026782, 60.270996605440374 ], [ 24.862223389222869, 60.270923969255833 ], [ 24.86207699180526, 60.27316712891426 ], [ 24.86659324529381, 60.273239771670006 ], [ 24.866739334026782, 60.270996605440374 ] ] ] } },
{ "type": "Feature", "properties": { "id": 5892844, "nimi": "Kaivoksela", "kunta_name": "Vantaa", "walk_min": 13.0, "walk_slow_min": 17.0, "risk": 0.674, "one_person_share": 0.569, "share_65plus": 0.17, "pop_est": 82.0 }, "geometry": { "type": "Polygon", "coordinates": [ [ [ 24.871255302092884, 60.271069088144436 ], [ 24.866739334026782, 60.270996605440374 ], [ 24.86659324529381, 60.273239771670006 ], [ 24.871109522049775, 60.273312260931426 ], [ 24.871255302092884, 60.271069088144436 ] ] ] } },
{ "type": "Feature", "properties": { "id": 5892845, "nimi": "Kaivoksela", "kunta_name": "Vantaa", "walk_min": 12.0, "walk_slow_min": 15.0, "risk": 0.674, "one_person_share": 0.569, "share_65plus": 0.17, "pop_est": 82.0 }, "geometry": { "type": "Polygon", "coordinates": [ [ [ 24.875771293372139, 60.271141417366508 ], [ 24.871255302092884, 60.271069088144436 ], [ 24.871109522049775, 60.273312260931426 ], [ 24.875625822024105, 60.273384596696971 ], [ 24.875771293372139, 60.271141417366508 ] ] ] } },
{ "type": "Feature", "properties": { "id": 5892847, "nimi": "Kaivoksela", "kunta_name": "Vantaa", "walk_min": 19.0, "walk_slow_min": 26.0, "risk": 0.674, "one_person_share": 0.569, "share_65plus": 0.17, "pop_est": 82.0 }, "geometry": { "type": "Polygon", "coordinates": [ [ [ 24.884803345373971, 60.271285615358323 ], [ 24.880287307815518, 60.271213593104967 ], [ 24.880142145167749, 60.273456778965084 ], [ 24.884658491431658, 60.273528807734202 ], [ 24.884803345373971, 60.271285615358323 ] ] ] } },
{ "type": "Feature", "properties": { "id": 5892848, "nimi": "Kaivoksela", "kunta_name": "Vantaa", "walk_min": 16.0, "walk_slow_min": 21.0, "risk": 0.674, "one_person_share": 0.569, "share_65plus": 0.17, "pop_est": 0.0 }, "geometry": { "type": "Polygon", "coordinates": [ [ [ 24.889319405998457, 60.271357484124941 ], [ 24.884803345373971, 60.271285615358323 ], [ 24.884658491431658, 60.273528807734202 ], [ 24.889174860766779, 60.273600683002748 ], [ 24.889319405998457, 60.271357484124941 ] ] ] } },
{ "type": "Feature", "properties": { "id": 5892849, "nimi": "Kaivoksela", "kunta_name": "Vantaa", "walk_min": 18.0, "walk_slow_min": 24.0, "risk": 0.674, "one_person_share": 0.569, "share_65plus": 0.17, "pop_est": 0.0 }, "geometry": { "type": "Polygon", "coordinates": [ [ [ 24.89383548963994, 60.271429199403315 ], [ 24.889319405998457, 60.271357484124941 ], [ 24.889174860766779, 60.273600683002748 ], [ 24.893691253124061, 60.273672404769187 ], [ 24.89383548963994, 60.271429199403315 ] ] ] } },
{ "type": "Feature", "properties": { "id": 5892850, "nimi": "Kaivoksela", "kunta_name": "Vantaa", "walk_min": 16.0, "walk_slow_min": 21.0, "risk": 0.674, "one_person_share": 0.569, "share_65plus": 0.17, "pop_est": 0.0 }, "geometry": { "type": "Polygon", "coordinates": [ [ [ 24.89835159624937, 60.271500761191881 ], [ 24.89383548963994, 60.271429199403315 ], [ 24.893691253124061, 60.273672404769187 ], [ 24.89820766845445, 60.273743973031962 ], [ 24.89835159624937, 60.271500761191881 ] ] ] } },
{ "type": "Feature", "properties": { "id": 5894680, "nimi": "Myyrmäki", "kunta_name": "Vantaa", "walk_min": 9.0, "walk_slow_min": 12.0, "risk": 0.873, "one_person_share": 0.552, "share_65plus": 0.219, "pop_est": 251.0 }, "geometry": { "type": "Polygon", "coordinates": [ [ [ 24.839791933058113, 60.268315358605193 ], [ 24.835276437461101, 60.268241808224474 ], [ 24.835128211651295, 60.270484929147358 ], [ 24.839644015852372, 60.270558486181493 ], [ 24.839791933058113, 60.268315358605193 ] ] ] } },
{ "type": "Feature", "properties": { "id": 5894686, "nimi": "Kaivoksela", "kunta_name": "Vantaa", "walk_min": 10.0, "walk_slow_min": 12.0, "risk": 0.674, "one_person_share": 0.569, "share_65plus": 0.17, "pop_est": 278.0 }, "geometry": { "type": "Polygon", "coordinates": [ [ [ 24.866885399497558, 60.268753438234427 ], [ 24.862369763329252, 60.268680808620218 ], [ 24.862223389222869, 60.270923969255833 ], [ 24.866739334026782, 60.270996605440374 ], [ 24.866885399497558, 60.268753438234427 ] ] ] } },
{ "type": "Feature", "properties": { "id": 5894691, "nimi": "Kaivoksela", "kunta_name": "Vantaa", "walk_min": 14.0, "walk_slow_min": 18.0, "risk": 0.674, "one_person_share": 0.569, "share_65plus": 0.17, "pop_est": 0.0 }, "geometry": { "type": "Polygon", "coordinates": [ [ [ 24.889463928213136, 60.269114284275283 ], [ 24.884948176250244, 60.26904242200969 ], [ 24.884803345373971, 60.271285615358323 ], [ 24.889319405998457, 60.271357484124941 ], [ 24.889463928213136, 60.269114284275283 ] ] ] } },
{ "type": "Feature", "properties": { "id": 5894692, "nimi": "Kaivoksela", "kunta_name": "Vantaa", "walk_min": 12.0, "walk_slow_min": 15.0, "risk": 0.674, "one_person_share": 0.569, "share_65plus": 0.17, "pop_est": 0.0 }, "geometry": { "type": "Polygon", "coordinates": [ [ [ 24.893979703187863, 60.269185993066486 ], [ 24.889463928213136, 60.269114284275283 ], [ 24.889319405998457, 60.271357484124941 ], [ 24.89383548963994, 60.271429199403315 ], [ 24.893979703187863, 60.269185993066486 ] ] ] } },
{ "type": "Feature", "properties": { "id": 5896528, "nimi": "Kaivoksela", "kunta_name": "Vantaa", "walk_min": 9.0, "walk_slow_min": 12.0, "risk": 0.674, "one_person_share": 0.569, "share_65plus": 0.17, "pop_est": 278.0 }, "geometry": { "type": "Polygon", "coordinates": [ [ [ 24.867031441711365, 60.266510270052194 ], [ 24.86251611412964, 60.266437647007365 ], [ 24.862369763329252, 60.268680808620218 ], [ 24.866885399497558, 60.268753438234427 ], [ 24.867031441711365, 60.266510270052194 ] ] ] } },
{ "type": "Feature", "properties": { "id": 5896533, "nimi": "Kaivoksela", "kunta_name": "Vantaa", "walk_min": 13.0, "walk_slow_min": 16.0, "risk": 0.674, "one_person_share": 0.569, "share_65plus": 0.17, "pop_est": 0.0 }, "geometry": { "type": "Polygon", "coordinates": [ [ [ 24.889608427415993, 60.266871083453786 ], [ 24.885092984065658, 60.266799227688345 ], [ 24.884948176250244, 60.26904242200969 ], [ 24.889463928213136, 60.269114284275283 ], [ 24.889608427415993, 60.266871083453786 ] ] ] } },
{ "type": "Feature", "properties": { "id": 5898356, "nimi": "Pähkinärinne", "kunta_name": "Vantaa", "walk_min": 9.0, "walk_slow_min": 11.0, "risk": 0.765, "one_person_share": 0.532, "share_65plus": 0.195, "pop_est": 328.0 }, "geometry": { "type": "Polygon", "coordinates": [ [ [ 24.808484044164707, 60.263311119042584 ], [ 24.803969331784192, 60.263236508004695 ], [ 24.80381899377582, 60.265479583943836 ], [ 24.808334014625103, 60.265554201730261 ], [ 24.808484044164707, 60.263311119042584 ] ] ] } },
{ "type": "Feature", "properties": { "id": 5900193, "nimi": "Pähkinärinne", "kunta_name": "Vantaa", "walk_min": 11.0, "walk_slow_min": 14.0, "risk": 0.765, "one_person_share": 0.532, "share_65plus": 0.195, "pop_est": 328.0 }, "geometry": { "type": "Polygon", "coordinates": [ [ [ 24.799605265826468, 60.260918673383486 ], [ 24.795090909768817, 60.260843762289284 ], [ 24.794939978869419, 60.263086825680681 ], [ 24.799454643336102, 60.263161743550185 ], [ 24.799605265826468, 60.260918673383486 ] ] ] } },
{ "type": "Feature", "properties": { "id": 5900194, "nimi": "Pähkinärinne", "kunta_name": "Vantaa", "walk_min": 10.0, "walk_slow_min": 13.0, "risk": 0.765, "one_person_share": 0.532, "share_65plus": 0.195, "pop_est": 328.0 }, "geometry": { "type": "Polygon", "coordinates": [ [ [ 24.804119645860141, 60.260993431076528 ], [ 24.799605265826468, 60.260918673383486 ], [ 24.799454643336102, 60.263161743550185 ], [ 24.803969331784192, 60.263236508004695 ], [ 24.804119645860141, 60.260993431076528 ] ] ] } },
{ "type": "Feature", "properties": { "id": 5900195, "nimi": "Pähkinärinne", "kunta_name": "Vantaa", "walk_min": 9.0, "walk_slow_min": 12.0, "risk": 0.765, "one_person_share": 0.532, "share_65plus": 0.195, "pop_est": 328.0 }, "geometry": { "type": "Polygon", "coordinates": [ [ [ 24.808634049820871, 60.261068035366804 ], [ 24.804119645860141, 60.260993431076528 ], [ 24.803969331784192, 60.263236508004695 ], [ 24.808484044164707, 60.263311119042584 ], [ 24.808634049820871, 60.261068035366804 ] ] ] } },
{ "type": "Feature", "properties": { "id": 5902028, "nimi": "Pähkinärinne", "kunta_name": "Vantaa", "walk_min": 24.0, "walk_slow_min": 32.0, "risk": 0.765, "one_person_share": 0.532, "share_65plus": 0.195, "pop_est": 17.0 }, "geometry": { "type": "Polygon", "coordinates": [ [ [ 24.786213793355842, 60.258450429111868 ], [ 24.781699817863942, 60.258375064639829 ], [ 24.7815479859417, 60.260618108615922 ], [ 24.786062269777471, 60.260693479903871 ], [ 24.786213793355842, 60.258450429111868 ] ] ] } },
{ "type": "Feature", "properties": { "id": 5902031, "nimi": "Pähkinärinne", "kunta_name": "Vantaa", "walk_min": 14.0, "walk_slow_min": 18.0, "risk": 0.765, "one_person_share": 0.532, "share_65plus": 0.195, "pop_est": 328.0 }, "geometry": { "type": "Polygon", "coordinates": [ [ [ 24.799755864340799, 60.258675602226866 ], [ 24.795241816643223, 60.258600697907021 ], [ 24.795090909768817, 60.260843762289284 ], [ 24.799605265826468, 60.260918673383486 ], [ 24.799755864340799, 60.258675602226866 ] ] ] } },
{ "type": "Feature", "properties": { "id": 5903866, "nimi": "Pähkinärinne", "kunta_name": "Vantaa", "walk_min": 18.0, "walk_slow_min": 24.0, "risk": 0.765, "one_person_share": 0.532, "share_65plus": 0.195, "pop_est": 17.0 }, "geometry": { "type": "Polygon", "coordinates": [ [ [ 24.790878984125776, 60.256282581615707 ], [ 24.786365292816694, 60.256207377327222 ], [ 24.786213793355842, 60.258450429111868 ], [ 24.790727792965249, 60.258525640201498 ], [ 24.790878984125776, 60.256282581615707 ] ] ] } },
{ "type": "Feature", "properties": { "id": 5903867, "nimi": "Pähkinärinne", "kunta_name": "Vantaa", "walk_min": 14.0, "walk_slow_min": 19.0, "risk": 0.765, "one_person_share": 0.532, "share_65plus": 0.195, "pop_est": 17.0 }, "geometry": { "type": "Polygon", "coordinates": [ [ [ 24.79539269949802, 60.256357632533948 ], [ 24.790878984125776, 60.256282581615707 ], [ 24.790727792965249, 60.258525640201498 ], [ 24.795241816643223, 60.258600697907021 ], [ 24.79539269949802, 60.256357632533948 ] ] ] } },
{ "type": "Feature", "properties": { "id": 5903868, "nimi": "Pähkinärinne", "kunta_name": "Vantaa", "walk_min": 11.0, "walk_slow_min": 15.0, "risk": 0.765, "one_person_share": 0.532, "share_65plus": 0.195, "pop_est": 328.0 }, "geometry": { "type": "Polygon", "coordinates": [ [ [ 24.799906438884484, 60.256432530080346 ], [ 24.79539269949802, 60.256357632533948 ], [ 24.795241816643223, 60.258600697907021 ], [ 24.799755864340799, 60.258675602226866 ], [ 24.799906438884484, 60.256432530080346 ] ] ] } },
{ "type": "Feature", "properties": { "id": 5903883, "nimi": "Kaivoksela", "kunta_name": "Vantaa", "walk_min": 10.0, "walk_slow_min": 13.0, "risk": 0.674, "one_person_share": 0.569, "share_65plus": 0.17, "pop_est": 383.0 }, "geometry": { "type": "Polygon", "coordinates": [ [ [ 24.867615378101174, 60.257537587560506 ], [ 24.863101284375755, 60.257464990784364 ], [ 24.862955026747091, 60.259708156305834 ], [ 24.867469428863107, 60.259780759647825 ], [ 24.867615378101174, 60.257537587560506 ] ] ] } },
{ "type": "Feature", "properties": { "id": 5905703, "nimi": "Pähkinärinne", "kunta_name": "Vantaa", "walk_min": 16.0, "walk_slow_min": 21.0, "risk": 0.765, "one_person_share": 0.532, "share_65plus": 0.195, "pop_est": 37.0 }, "geometry": { "type": "Polygon", "coordinates": [ [ [ 24.795543558338593, 60.254114566170081 ], [ 24.791030151223136, 60.254039522038191 ], [ 24.790878984125776, 60.256282581615707 ], [ 24.79539269949802, 60.256357632533948 ], [ 24.795543558338593, 60.254114566170081 ] ] ] } },
{ "type": "Feature", "properties": { "id": 5905704, "nimi": "Pähkinärinne", "kunta_name": "Vantaa", "walk_min": 13.0, "walk_slow_min": 16.0, "risk": 0.765, "one_person_share": 0.532, "share_65plus": 0.195, "pop_est": 180.0 }, "geometry": { "type": "Polygon", "coordinates": [ [ [ 24.800056989462892, 60.254189456943948 ], [ 24.795543558338593, 60.254114566170081 ], [ 24.79539269949802, 60.256357632533948 ], [ 24.799906438884484, 60.256432530080346 ], [ 24.800056989462892, 60.254189456943948 ] ] ] } },
{ "type": "Feature", "properties": { "id": 5905720, "nimi": "Kaivoksela", "kunta_name": "Vantaa", "walk_min": 10.0, "walk_slow_min": 13.0, "risk": 0.674, "one_person_share": 0.569, "share_65plus": 0.17, "pop_est": 126.0 }, "geometry": { "type": "Polygon", "coordinates": [ [ [ 24.87227511271783, 60.255366851324709 ], [ 24.867761304108345, 60.25529441449698 ], [ 24.867615378101174, 60.257537587560506 ], [ 24.872129495057493, 60.257610030939325 ], [ 24.87227511271783, 60.255366851324709 ] ] ] } },
{ "type": "Feature", "properties": { "id": 5920413, "nimi": "Mellunmäki", "kunta_name": "Helsinki", "walk_min": 18.0, "walk_slow_min": 23.0, "risk": 0.823, "one_person_share": 0.531, "share_65plus": 0.213, "pop_est": 99.0 }, "geometry": { "type": "Polygon", "coordinates": [ [ [ 25.135135143450722, 60.241357375776047 ], [ 25.130622538848417, 60.241293883716004 ], [ 25.130494668153386, 60.243537421269352 ], [ 25.135007580993882, 60.243600919070779 ], [ 25.135135143450722, 60.241357375776047 ] ] ] } },
{ "type": "Feature", "properties": { "id": 5922237, "nimi": "Mellunmäki", "kunta_name": "Helsinki", "walk_min": 18.0, "walk_slow_min": 24.0, "risk": 0.823, "one_person_share": 0.531, "share_65plus": 0.213, "pop_est": 99.0 }, "geometry": { "type": "Polygon", "coordinates": [ [ [ 25.135262685609533, 60.239113831554654 ], [ 25.130750389196464, 60.239050345235221 ], [ 25.130622538848417, 60.241293883716004 ], [ 25.135135143450722, 60.241357375776047 ], [ 25.135262685609533, 60.239113831554654 ] ] ] } }
]
}
