{
"type": "FeatureCollection",
"name": "third_places",
"crs": { "type": "name", "properties": { "name": "urn:ogc:def:crs:OGC:1.3:CRS84" } },
"features": [
{ "type": "Feature", "properties": { "kind": "amenity=library", "name": "Herttoniemen kirjasto" }, "geometry": { "type": "Point", "coordinates": [ 25.0335278, 60.1950787 ] } },
{ "type": "Feature", "properties": { "kind": "amenity=cafe", "name": "Way Café Herttoniemi" }, "geometry": { "type": "Point", "coordinates": [ 25.0348056, 60.2045429 ] } },
{ "type": "Feature", "properties": { "kind": "amenity=library", "name": "Roihuvuoren kirjasto" }, "geometry": { "type": "Point", "coordinates": [ 25.0528138, 60.1945206 ] } },
{ "type": "Feature", "properties": { "kind": "amenity=cafe", "name": "St1:n kahvila" }, "geometry": { "type": "Point", "coordinates": [ 25.0520591, 60.206316800000018 ] } },
{ "type": "Feature", "properties": { "kind": "amenity=cafe", "name": "Starkin kahvila" }, "geometry": { "type": "Point", "coordinates": [ 25.0468871, 60.194569 ] } },
{ "type": "Feature", "properties": { "kind": "amenity=library", "name": "Viikin kirjasto" }, "geometry": { "type": "Point", "coordinates": [ 25.0130252, 60.2275287 ] } },
{ "type": "Feature", "properties": { "kind": "amenity=cafe", "name": "Venesataman kahvila" }, "geometry": { "type": "Point", "coordinates": [ 24.9919404, 60.1865123 ] } },
{ "type": "Feature", "properties": { "kind": "amenity=cafe", "name": "Café Ateriax" }, "geometry": { "type": "Point", "coordinates": [ 25.0777342, 60.2243031 ] } },
{ "type": "Feature", "properties": { "kind": "amenity=cafe", "name": "K-Raudan kahvio" }, "geometry": { "type": "Point", "coordinates": [ 25.061278, 60.210359699999977 ] } },
{ "type": "Feature", "properties": { "kind": "amenity=arts_centre", "name": "Helsingin taidehalli" }, "geometry": { "type": "Point", "coordinates": [ 24.9312434, 60.1720705 ] } },
{ "type": "Feature", "properties": { "kind": "amenity=cafe", "name": "Cafe Java" }, "geometry": { "type": "Point", "coordinates": [ 24.937518, 60.169967 ] } },
{ "type": "Feature", "properties": { "kind": "amenity=cafe", "name": "Café Succès" }, "geometry": { "type": "Point", "coordinates": [ 24.9464208, 60.1599267 ] } },
{ "type": "Feature", "properties": { "kind": "amenity=library", "name": "Kontulan kirjasto" }, "geometry": { "type": "Point", "coordinates": [ 25.0851575, 60.2377166 ] } },
{ "type": "Feature", "properties": { "kind": "amenity=cafe", "name": "Manaatti" }, "geometry": { "type": "Point", "coordinates": [ 25.0362518, 60.1869533 ] } },
{ "type": "Feature", "properties": { "kind": "leisure=sports_centre", "name": "Vuosaaren uimahalli" }, "geometry": { "type": "Point", "coordinates": [ 25.1413753, 60.208565 ] } },
{ "type": "Feature", "properties": { "kind": "leisure=sports_centre", "name": "Kart in Club Helsinki" }, "geometry": { "type": "Point", "coordinates": [ 24.968104, 60.2148574 ] } },
{ "type": "Feature", "properties": { "kind": "amenity=cafe", "name": "Robert's Coffee" }, "geometry": { "type": "Point", "coordinates": [ 24.9306796, 60.168141099999985 ] } },
{ "type": "Feature", "properties": { "kind": "amenity=cafe", "name": "Fournos Cafe" }, "geometry": { "type": "Point", "coordinates": [ 24.9143769, 60.1629399 ] } },
{ "type": "Feature", "properties": { "kind": "amenity=cafe", "name": "Café Cable" }, "geometry": { "type": "Point", "coordinates": [ 24.9061594, 60.162916 ] } },
{ "type": "Feature", "properties": { "kind": "amenity=cafe", "name": "Picnic Ruoholahti" }, "geometry": { "type": "Point", "coordinates": [ 24.9152812, 60.1635455 ] } },
{ "type": "Feature", "properties": { "kind": "amenity=cafe", "name": "Sport cafe" }, "geometry": { "type": "Point", "coordinates": [ 25.0259943, 60.2294634 ] } },
{ "type": "Feature", "properties": { "kind": "amenity=cafe", "name": "Picnic" }, "geometry": { "type": "Point", "coordinates": [ 24.9364905, 60.1645227 ] } },
{ "type": "Feature", "properties": { "kind": "amenity=cafe", "name": "Cafe Ekberg" }, "geometry": { "type": "Point", "coordinates": [ 24.9377736, 60.164736599999983 ] } },
{ "type": "Feature", "properties": { "kind": "amenity=cafe", "name": "Kakkugalleria" }, "geometry": { "type": "Point", "coordinates": [ 24.9360783, 60.1651791 ] } },
{ "type": "Feature", "properties": { "kind": "amenity=cafe", "name": "Gran Delicato" }, "geometry": { "type": "Point", "coordinates": [ 24.9322832, 60.1652197 ] } },
{ "type": "Feature", "properties": { "kind": "amenity=library", "name": "Kannelmäen kirjasto" }, "geometry": { "type": "Point", "coordinates": [ 24.8759076, 60.238786499999989 ] } },
{ "type": "Feature", "properties": { "kind": "amenity=cafe", "name": "Picnic" }, "geometry": { "type": "Point", "coordinates": [ 25.031618, 60.1929028 ] } },
{ "type": "Feature", "properties": { "kind": "amenity=cafe", "name": "Frangipani bakery & café" }, "geometry": { "type": "Point", "coordinates": [ 24.9664618, 60.2084991 ] } },
{ "type": "Feature", "properties": { "kind": "amenity=library", "name": "Maunulan kirjasto" }, "geometry": { "type": "Point", "coordinates": [ 24.933162, 60.2311911 ] } },
{ "type": "Feature", "properties": { "kind": "amenity=library", "name": "Eduskunnan kirjasto" }, "geometry": { "type": "Point", "coordinates": [ 24.9315669, 60.1725576 ] } },
{ "type": "Feature", "properties": { "kind": "amenity=cafe", "name": "" }, "geometry": { "type": "Point", "coordinates": [ 24.9309581, 60.1658412 ] } },
{ "type": "Feature", "properties": { "kind": "amenity=cafe", "name": "" }, "geometry": { "type": "Point", "coordinates": [ 25.1151161, 60.2232842 ] } },
{ "type": "Feature", "properties": { "kind": "amenity=cafe", "name": "Nuuksion ulkoilumaja" }, "geometry": { "type": "Point", "coordinates": [ 24.5919487, 60.2487138 ] } },
{ "type": "Feature", "properties": { "kind": "amenity=cafe", "name": "Fazer Cafe" }, "geometry": { "type": "Point", "coordinates": [ 24.9218369, 60.176238 ] } },
{ "type": "Feature", "properties": { "kind": "leisure=sports_centre", "name": "Keski-Espoon uimahalli" }, "geometry": { "type": "Point", "coordinates": [ 24.6592454, 60.2100076 ] } },
{ "type": "Feature", "properties": { "kind": "amenity=library", "name": "Sellon kirjasto" }, "geometry": { "type": "Point", "coordinates": [ 24.8096354, 60.2175877 ] } },
{ "type": "Feature", "properties": { "kind": "amenity=cafe", "name": "Café Merenneito" }, "geometry": { "type": "Point", "coordinates": [ 24.756459, 60.150915200000014 ] } },
{ "type": "Feature", "properties": { "kind": "amenity=cafe", "name": "" }, "geometry": { "type": "Point", "coordinates": [ 24.9299875, 60.1887782 ] } },
{ "type": "Feature", "properties": { "kind": "amenity=library", "name": "Ison Omenan kirjasto" }, "geometry": { "type": "Point", "coordinates": [ 24.7391875, 60.1600971 ] } },
{ "type": "Feature", "properties": { "kind": "amenity=library", "name": "Paloheinän kirjasto" }, "geometry": { "type": "Point", "coordinates": [ 24.9412671, 60.249305 ] } },
{ "type": "Feature", "properties": { "kind": "amenity=cafe", "name": "Maunulan Maja" }, "geometry": { "type": "Point", "coordinates": [ 24.9162233, 60.2210371 ] } },
{ "type": "Feature", "properties": { "kind": "amenity=library", "name": "Harald Herlin - oppimiskeskus" }, "geometry": { "type": "Point", "coordinates": [ 24.8280477, 60.184695 ] } },
{ "type": "Feature", "properties": { "kind": "amenity=cafe", "name": "" }, "geometry": { "type": "Point", "coordinates": [ 24.9305928, 60.163708 ] } },
{ "type": "Feature", "properties": { "kind": "amenity=cafe", "name": "Momochi" }, "geometry": { "type": "Point", "coordinates": [ 24.9378326, 60.1694785 ] } },
{ "type": "Feature", "properties": { "kind": "amenity=cafe", "name": "Café Engel" }, "geometry": { "type": "Point", "coordinates": [ 24.951745, 60.168913 ] } },
{ "type": "Feature", "properties": { "kind": "amenity=cafe", "name": "Teemaa" }, "geometry": { "type": "Point", "coordinates": [ 24.9378131, 60.1664027 ] } },
{ "type": "Feature", "properties": { "kind": "amenity=cafe", "name": "Ducky Bubble Tea & More" }, "geometry": { "type": "Point", "coordinates": [ 24.9506357, 60.175274 ] } },
{ "type": "Feature", "properties": { "kind": "amenity=cafe", "name": "Robert's Coffee" }, "geometry": { "type": "Point", "coordinates": [ 24.9415616, 60.1712378 ] } },
{ "type": "Feature", "properties": { "kind": "amenity=cafe", "name": "Joe & The Juice" }, "geometry": { "type": "Point", "coordinates": [ 24.9482888, 60.1690808 ] } },
{ "type": "Feature", "properties": { "kind": "amenity=social_facility", "name": "Hilkan hoitola" }, "geometry": { "type": "Point", "coordinates": [ 24.6361416, 60.2142962 ] } },
{ "type": "Feature", "properties": { "kind": "leisure=fitness_centre", "name": "Ole Fit" }, "geometry": { "type": "Point", "coordinates": [ 24.6716958, 60.2014663 ] } },
{ "type": "Feature", "properties": { "kind": "amenity=library", "name": "Lumon kirjasto" }, "geometry": { "type": "Point", "coordinates": [ 25.0761713, 60.3517602 ] } },
{ "type": "Feature", "properties": { "kind": "amenity=cafe", "name": "Bla Bla Bla" }, "geometry": { "type": "Point", "coordinates": [ 25.0355365, 60.2935634 ] } },
{ "type": "Feature", "properties": { "kind": "amenity=cafe", "name": "Qulma" }, "geometry": { "type": "Point", "coordinates": [ 24.9567948, 60.1715619 ] } },
{ "type": "Feature", "properties": { "kind": "amenity=cafe", "name": "Viaporin Deli & Café" }, "geometry": { "type": "Point", "coordinates": [ 24.9854076, 60.148816 ] } },
{ "type": "Feature", "properties": { "kind": "amenity=cafe", "name": "Auri Coffee" }, "geometry": { "type": "Point", "coordinates": [ 24.9355791, 60.1579505 ] } },
{ "type": "Feature", "properties": { "kind": "amenity=cafe", "name": "Coffee House" }, "geometry": { "type": "Point", "coordinates": [ 24.891504, 60.2370808 ] } },
{ "type": "Feature", "properties": { "kind": "leisure=sports_centre", "name": "Boulderkeskus Pasila" }, "geometry": { "type": "Point", "coordinates": [ 24.9324656, 60.1959847 ] } },
{ "type": "Feature", "properties": { "kind": "leisure=sports_centre", "name": "Padel Club Viikinranta" }, "geometry": { "type": "Point", "coordinates": [ 24.9876389, 60.2181942 ] } },
{ "type": "Feature", "properties": { "kind": "amenity=cafe", "name": "Puukioski Munkkiniemi" }, "geometry": { "type": "Point", "coordinates": [ 24.8764194, 60.198225599999986 ] } },
{ "type": "Feature", "properties": { "kind": "amenity=library", "name": "Entressen kirjasto" }, "geometry": { "type": "Point", "coordinates": [ 24.6591712, 60.203693299999983 ] } },
{ "type": "Feature", "properties": { "kind": "leisure=sports_centre", "name": "Olarin uimahalli" }, "geometry": { "type": "Point", "coordinates": [ 24.7345778, 60.1754555 ] } },
{ "type": "Feature", "properties": { "kind": "amenity=social_facility", "name": "Hivpoint" }, "geometry": { "type": "Point", "coordinates": [ 24.9775148, 60.1889727 ] } },
{ "type": "Feature", "properties": { "kind": "amenity=cafe", "name": "Luukin kahvila" }, "geometry": { "type": "Point", "coordinates": [ 24.6921911, 60.3163309 ] } },
{ "type": "Feature", "properties": { "kind": "leisure=sports_centre", "name": "OSUVA Kamppi" }, "geometry": { "type": "Point", "coordinates": [ 24.9327511, 60.164536599999984 ] } },
{ "type": "Feature", "properties": { "kind": "amenity=cafe", "name": "B5 Black" }, "geometry": { "type": "Point", "coordinates": [ 24.9234786, 60.1788957 ] } },
{ "type": "Feature", "properties": { "kind": "amenity=cafe", "name": "Picnic" }, "geometry": { "type": "Point", "coordinates": [ 24.9233551, 60.1797009 ] } },
{ "type": "Feature", "properties": { "kind": "amenity=cafe", "name": "Café Vanille" }, "geometry": { "type": "Point", "coordinates": [ 24.9851232, 60.1479554 ] } },
{ "type": "Feature", "properties": { "kind": "amenity=cafe", "name": "Kumpulan maauimalan kahvio" }, "geometry": { "type": "Point", "coordinates": [ 24.9576788, 60.2084035 ] } },
{ "type": "Feature", "properties": { "kind": "amenity=cafe", "name": "Antin Kaffeliiteri" }, "geometry": { "type": "Point", "coordinates": [ 24.8850016, 60.1831369 ] } },
{ "type": "Feature", "properties": { "kind": "amenity=cafe", "name": "Harlekiini" }, "geometry": { "type": "Point", "coordinates": [ 24.951355, 60.1818784 ] } },
{ "type": "Feature", "properties": { "kind": "amenity=cafe", "name": "flät no 14" }, "geometry": { "type": "Point", "coordinates": [ 24.951961, 60.183637699999984 ] } },
{ "type": "Feature", "properties": { "kind": "amenity=cafe", "name": "Kulmakahvi 48" }, "geometry": { "type": "Point", "coordinates": [ 24.9266209, 60.1640135 ] } },
{ "type": "Feature", "properties": { "kind": "amenity=cafe", "name": "Cafe Biitsi" }, "geometry": { "type": "Point", "coordinates": [ 25.1596722, 60.2026162 ] } },
{ "type": "Feature", "properties": { "kind": "amenity=cafe", "name": "Jäähallin kahvila" }, "geometry": { "type": "Point", "coordinates": [ 25.069742, 60.2122435 ] } },
{ "type": "Feature", "properties": { "kind": "amenity=cafe", "name": "Robert's Coffee" }, "geometry": { "type": "Point", "coordinates": [ 24.9683994, 60.2026943 ] } },
{ "type": "Feature", "properties": { "kind": "amenity=cafe", "name": "Kahvitupa Laurentius" }, "geometry": { "type": "Point", "coordinates": [ 24.9836648, 60.283680799999985 ] } },
{ "type": "Feature", "properties": { "kind": "amenity=cafe", "name": "Pallokentän kahvio" }, "geometry": { "type": "Point", "coordinates": [ 24.9254015, 60.1861961 ] } },
{ "type": "Feature", "properties": { "kind": "leisure=fitness_centre", "name": "Olefit Huopalahti" }, "geometry": { "type": "Point", "coordinates": [ 24.8987413, 60.2181691 ] } },
{ "type": "Feature", "properties": { "kind": "amenity=cafe", "name": "Pikku-Vallila" }, "geometry": { "type": "Point", "coordinates": [ 24.9589922, 60.192085 ] } },
{ "type": "Feature", "properties": { "kind": "amenity=library", "name": "Hakunilan kirjasto" }, "geometry": { "type": "Point", "coordinates": [ 25.1031716, 60.2773539 ] } },
{ "type": "Feature", "properties": { "kind": "amenity=cafe", "name": "Cafe Lahti" }, "geometry": { "type": "Point", "coordinates": [ 24.6598014, 60.146584 ] } },
{ "type": "Feature", "properties": { "kind": "amenity=community_centre", "name": "Strömsinlahden Veneilijät" }, "geometry": { "type": "Point", "coordinates": [ 25.0649656, 60.1963847 ] } },
{ "type": "Feature", "properties": { "kind": "amenity=library", "name": "Tapulikaupungin kirjasto" }, "geometry": { "type": "Point", "coordinates": [ 25.0341292, 60.274578199999972 ] } },
{ "type": "Feature", "properties": { "kind": "amenity=library", "name": "Vuosaaren kirjasto" }, "geometry": { "type": "Point", "coordinates": [ 25.1435848, 60.208802299999988 ] } },
{ "type": "Feature", "properties": { "kind": "leisure=sports_centre", "name": "Korson uimahalli" }, "geometry": { "type": "Point", "coordinates": [ 25.0700124, 60.3581219 ] } },
{ "type": "Feature", "properties": { "kind": "amenity=library", "name": "Viikin kampuskirjasto" }, "geometry": { "type": "Point", "coordinates": [ 25.012731, 60.227346299999986 ] } },
{ "type": "Feature", "properties": { "kind": "amenity=social_facility", "name": "Palvelukoti Cecilia" }, "geometry": { "type": "Point", "coordinates": [ 25.1434763, 60.2103805 ] } },
{ "type": "Feature", "properties": { "kind": "amenity=arts_centre", "name": "Espoon kulttuurikeskus" }, "geometry": { "type": "Point", "coordinates": [ 24.804333, 60.1778999 ] } },
{ "type": "Feature", "properties": { "kind": "amenity=cafe", "name": "SIS Deli + Café" }, "geometry": { "type": "Point", "coordinates": [ 24.9404385, 60.1604131 ] } },
{ "type": "Feature", "properties": { "kind": "amenity=library", "name": "Tapiolan kirjasto" }, "geometry": { "type": "Point", "coordinates": [ 24.8044913, 60.1775632 ] } },
{ "type": "Feature", "properties": { "kind": "leisure=sports_centre", "name": "Siltamäen uimahalli" }, "geometry": { "type": "Point", "coordinates": [ 24.9895977, 60.2748471 ] } },
{ "type": "Feature", "properties": { "kind": "amenity=social_facility", "name": "Hoitokoti Päiväkumpu" }, "geometry": { "type": "Point", "coordinates": [ 25.1314535, 60.215395 ] } },
{ "type": "Feature", "properties": { "kind": "amenity=community_centre", "name": "" }, "geometry": { "type": "Point", "coordinates": [ 25.1194322, 60.203532 ] } },
{ "type": "Feature", "properties": { "kind": "amenity=community_centre", "name": "Asukastila Kulkuri" }, "geometry": { "type": "Point", "coordinates": [ 25.1240806, 60.2069075 ] } },
{ "type": "Feature", "properties": { "kind": "amenity=cafe", "name": "Tiedekahvila" }, "geometry": { "type": "Point", "coordinates": [ 24.957661, 60.1708694 ] } },
{ "type": "Feature", "properties": { "kind": "amenity=cafe", "name": "Chjoko" }, "geometry": { "type": "Point", "coordinates": [ 24.958016, 60.174326099999988 ] } },
{ "type": "Feature", "properties": { "kind": "amenity=cafe", "name": "Encanto Cafe" }, "geometry": { "type": "Point", "coordinates": [ 24.9584438, 60.173442 ] } },
{ "type": "Feature", "properties": { "kind": "amenity=cafe", "name": "Espresso Edge" }, "geometry": { "type": "Point", "coordinates": [ 24.9513411, 60.17415170000001 ] } },
{ "type": "Feature", "properties": { "kind": "leisure=fitness_centre", "name": "Elixia" }, "geometry": { "type": "Point", "coordinates": [ 24.9347354, 60.1706194 ] } },
{ "type": "Feature", "properties": { "kind": "amenity=cafe", "name": "Picnic" }, "geometry": { "type": "Point", "coordinates": [ 24.9475498, 60.166014499999989 ] } },
{ "type": "Feature", "properties": { "kind": "amenity=cafe", "name": "Robert’s Coffee Jugend" }, "geometry": { "type": "Point", "coordinates": [ 24.9504496, 60.1679711 ] } },
{ "type": "Feature", "properties": { "kind": "amenity=cafe", "name": "Mariankatu 18" }, "geometry": { "type": "Point", "coordinates": [ 24.9562847, 60.1722411 ] } },
{ "type": "Feature", "properties": { "kind": "leisure=fitness_centre", "name": "Imperial health club" }, "geometry": { "type": "Point", "coordinates": [ 24.9263083, 60.1791743 ] } },
{ "type": "Feature", "properties": { "kind": "amenity=cafe", "name": "Café Strindberg" }, "geometry": { "type": "Point", "coordinates": [ 24.9461166, 60.16786410000001 ] } },
{ "type": "Feature", "properties": { "kind": "amenity=cafe", "name": "Kämp Brasserie & Bar" }, "geometry": { "type": "Point", "coordinates": [ 24.9473194, 60.1679182 ] } },
{ "type": "Feature", "properties": { "kind": "amenity=cafe", "name": "Karl Fazer Café" }, "geometry": { "type": "Point", "coordinates": [ 24.9476859, 60.1685053 ] } },
{ "type": "Feature", "properties": { "kind": "leisure=sauna", "name": "Kotiharjun sauna" }, "geometry": { "type": "Point", "coordinates": [ 24.9573407, 60.1865108 ] } },
{ "type": "Feature", "properties": { "kind": "amenity=cafe", "name": "Konditoria-kahvila Ehali" }, "geometry": { "type": "Point", "coordinates": [ 24.9922026, 60.2461838 ] } },
{ "type": "Feature", "properties": { "kind": "amenity=cafe", "name": "Cafe Yrjö" }, "geometry": { "type": "Point", "coordinates": [ 24.9391341, 60.1683078 ] } },
{ "type": "Feature", "properties": { "kind": "amenity=cafe", "name": "Kahvila Taikalamppu" }, "geometry": { "type": "Point", "coordinates": [ 24.9550781, 60.184469 ] } },
{ "type": "Feature", "properties": { "kind": "amenity=community_centre", "name": "Helsingin Golfklubi" }, "geometry": { "type": "Point", "coordinates": [ 24.8596805, 60.2120099 ] } },
{ "type": "Feature", "properties": { "kind": "leisure=sports_centre", "name": "Tapanilan Erä Karate" }, "geometry": { "type": "Point", "coordinates": [ 25.0287742, 60.2614824 ] } },
{ "type": "Feature", "properties": { "kind": "amenity=cafe", "name": "Kahvila Pokkari" }, "geometry": { "type": "Point", "coordinates": [ 25.1438424, 60.208617099999984 ] } },
{ "type": "Feature", "properties": { "kind": "amenity=cafe", "name": "Kioski-kahvila Sokeritoppa" }, "geometry": { "type": "Point", "coordinates": [ 24.8125762, 60.2160728 ] } },
{ "type": "Feature", "properties": { "kind": "amenity=library", "name": "Martinlaakson kirjasto" }, "geometry": { "type": "Point", "coordinates": [ 24.8518626, 60.277113599999986 ] } },
{ "type": "Feature", "properties": { "kind": "amenity=community_centre", "name": "Laaksolahden monitoimitalo" }, "geometry": { "type": "Point", "coordinates": [ 24.7465191, 60.2435561 ] } },
{ "type": "Feature", "properties": { "kind": "leisure=sauna", "name": "Sauna Hermanni" }, "geometry": { "type": "Point", "coordinates": [ 24.9650283, 60.193507 ] } },
{ "type": "Feature", "properties": { "kind": "amenity=cafe", "name": "Sotilaskoti" }, "geometry": { "type": "Point", "coordinates": [ 25.0547074, 60.153176 ] } },
{ "type": "Feature", "properties": { "kind": "amenity=cafe", "name": "Cafe Amore" }, "geometry": { "type": "Point", "coordinates": [ 24.9630235, 60.2205315 ] } },
{ "type": "Feature", "properties": { "kind": "amenity=community_centre", "name": "Me-talo Mellunmäki" }, "geometry": { "type": "Point", "coordinates": [ 25.109877, 60.2390938 ] } },
{ "type": "Feature", "properties": { "kind": "amenity=community_centre", "name": "Helsinki Hacklab" }, "geometry": { "type": "Point", "coordinates": [ 24.8519393, 60.2220277 ] } },
{ "type": "Feature", "properties": { "kind": "amenity=community_centre", "name": "Kontulan nuorten toimintakeskus Luuppi" }, "geometry": { "type": "Point", "coordinates": [ 25.0853471, 60.2375676 ] } },
{ "type": "Feature", "properties": { "kind": "leisure=fitness_centre", "name": "Forever kuntoklubi" }, "geometry": { "type": "Point", "coordinates": [ 25.0283623, 60.192706299999976 ] } },
{ "type": "Feature", "properties": { "kind": "amenity=cafe", "name": "Picnic" }, "geometry": { "type": "Point", "coordinates": [ 24.8025612, 60.1757102 ] } },
{ "type": "Feature", "properties": { "kind": "amenity=library", "name": "Myyrmäen kirjasto" }, "geometry": { "type": "Point", "coordinates": [ 24.8538197, 60.2613074 ] } },
{ "type": "Feature", "properties": { "kind": "amenity=cafe", "name": "Pitkäkosken ulkoilumaja" }, "geometry": { "type": "Point", "coordinates": [ 24.8982349, 60.2660206 ] } },
{ "type": "Feature", "properties": { "kind": "amenity=cafe", "name": "Oittaan kahvila" }, "geometry": { "type": "Point", "coordinates": [ 24.6579411, 60.2416765 ] } },
{ "type": "Feature", "properties": { "kind": "amenity=cafe", "name": "Max's Cafe" }, "geometry": { "type": "Point", "coordinates": [ 24.8818295, 60.197288 ] } },
{ "type": "Feature", "properties": { "kind": "amenity=library", "name": "Pukinmäen kirjasto" }, "geometry": { "type": "Point", "coordinates": [ 24.9912196, 60.2498002 ] } },
{ "type": "Feature", "properties": { "kind": "amenity=cafe", "name": "Picnic" }, "geometry": { "type": "Point", "coordinates": [ 24.9177244, 60.1839811 ] } },
{ "type": "Feature", "properties": { "kind": "amenity=library", "name": "Kalajärven kirjasto" }, "geometry": { "type": "Point", "coordinates": [ 24.7398113, 60.305972199999985 ] } },
{ "type": "Feature", "properties": { "kind": "leisure=sports_centre", "name": "Boulderkeskus Konala" }, "geometry": { "type": "Point", "coordinates": [ 24.8589212, 60.236843099999987 ] } },
{ "type": "Feature", "properties": { "kind": "amenity=library", "name": "Länsimäen kirjasto" }, "geometry": { "type": "Point", "coordinates": [ 25.1150379, 60.2463462 ] } },
{ "type": "Feature", "properties": { "kind": "amenity=community_centre", "name": "" }, "geometry": { "type": "Point", "coordinates": [ 25.1150269, 60.246432 ] } },
{ "type": "Feature", "properties": { "kind": "amenity=cafe", "name": "Cafferino Oba" }, "geometry": { "type": "Point", "coordinates": [ 24.9292429, 60.164386899999968 ] } },
{ "type": "Feature", "properties": { "kind": "amenity=cafe", "name": "Ruokalähettiläs" }, "geometry": { "type": "Point", "coordinates": [ 24.9311894, 60.1713424 ] } },
{ "type": "Feature", "properties": { "kind": "amenity=cafe", "name": "Picnic Melkonkatu" }, "geometry": { "type": "Point", "coordinates": [ 24.8812588, 60.153693599999983 ] } },
{ "type": "Feature", "properties": { "kind": "amenity=community_centre", "name": "Markkula" }, "geometry": { "type": "Point", "coordinates": [ 25.048151, 60.2870363 ] } },
{ "type": "Feature", "properties": { "kind": "amenity=cafe", "name": "Théhuone" }, "geometry": { "type": "Point", "coordinates": [ 24.9353408, 60.1671249 ] } },
{ "type": "Feature", "properties": { "kind": "amenity=library", "name": "Helsingin yliopiston pääkirjasto" }, "geometry": { "type": "Point", "coordinates": [ 24.9482594, 60.1713848 ] } },
{ "type": "Feature", "properties": { "kind": "amenity=library", "name": "Topelia" }, "geometry": { "type": "Point", "coordinates": [ 24.9493415, 60.171292299999983 ] } },
{ "type": "Feature", "properties": { "kind": "amenity=cafe", "name": "Meilahden Kartanon Kahvila" }, "geometry": { "type": "Point", "coordinates": [ 24.8839929, 60.1914762 ] } },
{ "type": "Feature", "properties": { "kind": "amenity=cafe", "name": "Kaisan Cafe" }, "geometry": { "type": "Point", "coordinates": [ 24.8044675, 60.1758493 ] } },
{ "type": "Feature", "properties": { "kind": "leisure=sports_centre", "name": "KiipeilyAreena Salmisaari" }, "geometry": { "type": "Point", "coordinates": [ 24.903671, 60.16603 ] } },
{ "type": "Feature", "properties": { "kind": "amenity=cafe", "name": "Hopia" }, "geometry": { "type": "Point", "coordinates": [ 24.9264443, 60.1776772 ] } },
{ "type": "Feature", "properties": { "kind": "amenity=cafe", "name": "Keimolan Kaiun maja" }, "geometry": { "type": "Point", "coordinates": [ 24.8149923, 60.3285641 ] } },
{ "type": "Feature", "properties": { "kind": "amenity=cafe", "name": "Mikon Kiska" }, "geometry": { "type": "Point", "coordinates": [ 24.8461387, 60.2382027 ] } },
{ "type": "Feature", "properties": { "kind": "amenity=cafe", "name": "Café Mellsten" }, "geometry": { "type": "Point", "coordinates": [ 24.7734226, 60.154156 ] } },
{ "type": "Feature", "properties": { "kind": "leisure=sauna", "name": "Oittaan sauna" }, "geometry": { "type": "Point", "coordinates": [ 24.6580962, 60.2417164 ] } },
{ "type": "Feature", "properties": { "kind": "amenity=cafe", "name": "Swinghill Cafe" }, "geometry": { "type": "Point", "coordinates": [ 24.5545445, 60.2987698 ] } },
{ "type": "Feature", "properties": { "kind": "amenity=cafe", "name": "Gastro Cafe Kallio" }, "geometry": { "type": "Point", "coordinates": [ 24.9532812, 60.184759599999985 ] } },
{ "type": "Feature", "properties": { "kind": "leisure=sports_centre", "name": "Keimolan hiihtokeskus" }, "geometry": { "type": "Point", "coordinates": [ 24.8150593, 60.328645199999983 ] } },
{ "type": "Feature", "properties": { "kind": "leisure=sports_centre", "name": "Hakunilan hiihtokeskus" }, "geometry": { "type": "Point", "coordinates": [ 25.1195528, 60.27879750000001 ] } },
{ "type": "Feature", "properties": { "kind": "leisure=sports_centre", "name": "Roihuvuoren lask.rinne/lask.rinne k 20" }, "geometry": { "type": "Point", "coordinates": [ 25.0514353, 60.201133699999986 ] } },
{ "type": "Feature", "properties": { "kind": "leisure=sports_centre", "name": "Herttoniemen laskettelurinne" }, "geometry": { "type": "Point", "coordinates": [ 25.029715, 60.20920910000001 ] } },
{ "type": "Feature", "properties": { "kind": "leisure=sports_centre", "name": "Paloheinä/hiihtomaa" }, "geometry": { "type": "Point", "coordinates": [ 24.9094009, 60.2538094 ] } },
{ "type": "Feature", "properties": { "kind": "leisure=sports_centre", "name": "Pihlajamäen pulkkamäki" }, "geometry": { "type": "Point", "coordinates": [ 24.9979953, 60.2359957 ] } },
{ "type": "Feature", "properties": { "kind": "leisure=sports_centre", "name": "Paloheinän laskettelurinne" }, "geometry": { "type": "Point", "coordinates": [ 24.9130281, 60.2562501 ] } },
{ "type": "Feature", "properties": { "kind": "leisure=fitness_centre", "name": "Liikku" }, "geometry": { "type": "Point", "coordinates": [ 24.9484476, 60.1940314 ] } },
{ "type": "Feature", "properties": { "kind": "amenity=cafe", "name": "Ice Café" }, "geometry": { "type": "Point", "coordinates": [ 24.7385586, 60.32430750000001 ] } },
{ "type": "Feature", "properties": { "kind": "amenity=cafe", "name": "Kahvila Pikku Karhu" }, "geometry": { "type": "Point", "coordinates": [ 25.2376629, 60.2503042 ] } },
{ "type": "Feature", "properties": { "kind": "amenity=community_centre", "name": "Kuntokallion kurssikeskus" }, "geometry": { "type": "Point", "coordinates": [ 25.2313323, 60.2548541 ] } },
{ "type": "Feature", "properties": { "kind": "amenity=cafe", "name": "Mezza" }, "geometry": { "type": "Point", "coordinates": [ 24.8116348, 60.2153494 ] } },
{ "type": "Feature", "properties": { "kind": "leisure=fitness_centre", "name": "Arctic Gym" }, "geometry": { "type": "Point", "coordinates": [ 25.0525078, 60.2377461 ] } },
{ "type": "Feature", "properties": { "kind": "amenity=cafe", "name": "Huili" }, "geometry": { "type": "Point", "coordinates": [ 24.9773093, 60.192425099999987 ] } },
{ "type": "Feature", "properties": { "kind": "amenity=library", "name": "Suomenlinnan kirjasto" }, "geometry": { "type": "Point", "coordinates": [ 24.9867462, 60.146644199999983 ] } },
{ "type": "Feature", "properties": { "kind": "leisure=sports_centre", "name": "Töölön urheilutalo" }, "geometry": { "type": "Point", "coordinates": [ 24.9117326, 60.1898575 ] } },
{ "type": "Feature", "properties": { "kind": "amenity=cafe", "name": "Kahvila Kilikuppila" }, "geometry": { "type": "Point", "coordinates": [ 25.0358221, 60.257674 ] } },
{ "type": "Feature", "properties": { "kind": "amenity=cafe", "name": "Coffee House" }, "geometry": { "type": "Point", "coordinates": [ 24.9390144, 60.170758 ] } },
{ "type": "Feature", "properties": { "kind": "amenity=cafe", "name": "Roasberg" }, "geometry": { "type": "Point", "coordinates": [ 24.9455653, 60.1704436 ] } },
{ "type": "Feature", "properties": { "kind": "amenity=cafe", "name": "Annantalon kahvila" }, "geometry": { "type": "Point", "coordinates": [ 24.9346742, 60.1677953 ] } },
{ "type": "Feature", "properties": { "kind": "amenity=cafe", "name": "Konditoria Briossi" }, "geometry": { "type": "Point", "coordinates": [ 24.9380094, 60.1674438 ] } },
{ "type": "Feature", "properties": { "kind": "amenity=cafe", "name": "Café Berry" }, "geometry": { "type": "Point", "coordinates": [ 24.936119, 60.167645699999987 ] } },
{ "type": "Feature", "properties": { "kind": "leisure=sports_centre", "name": "Yrjönkadun uimahalli" }, "geometry": { "type": "Point", "coordinates": [ 24.9390757, 60.1683368 ] } },
{ "type": "Feature", "properties": { "kind": "amenity=cafe", "name": "Café Lasipalatsi" }, "geometry": { "type": "Point", "coordinates": [ 24.9368063, 60.1704709 ] } },
{ "type": "Feature", "properties": { "kind": "amenity=cafe", "name": "Pikkuparlamentin kahvila" }, "geometry": { "type": "Point", "coordinates": [ 24.9344616, 60.1713067 ] } },
{ "type": "Feature", "properties": { "kind": "amenity=cafe", "name": "Marocco" }, "geometry": { "type": "Point", "coordinates": [ 24.928263, 60.1749128 ] } },
{ "type": "Feature", "properties": { "kind": "amenity=cafe", "name": "Levain" }, "geometry": { "type": "Point", "coordinates": [ 24.9231568, 60.173058 ] } },
{ "type": "Feature", "properties": { "kind": "amenity=cafe", "name": "Tennis Club Taivallahti" }, "geometry": { "type": "Point", "coordinates": [ 24.9147288, 60.1748932 ] } },
{ "type": "Feature", "properties": { "kind": "amenity=cafe", "name": "Flamingo Juice Bar" }, "geometry": { "type": "Point", "coordinates": [ 24.9274795, 60.174975199999984 ] } },
{ "type": "Feature", "properties": { "kind": "amenity=cafe", "name": "Café Tin Tin Tango" }, "geometry": { "type": "Point", "coordinates": [ 24.9251754, 60.178671199999989 ] } },
{ "type": "Feature", "properties": { "kind": "amenity=cafe", "name": "Kahvila Palomaja" }, "geometry": { "type": "Point", "coordinates": [ 24.9169068, 60.255394499999987 ] } },
{ "type": "Feature", "properties": { "kind": "amenity=cafe", "name": "Maison Cafe" }, "geometry": { "type": "Point", "coordinates": [ 24.9256965, 60.1702963 ] } },
{ "type": "Feature", "properties": { "kind": "amenity=cafe", "name": "Tiksin Sea Cafe" }, "geometry": { "type": "Point", "coordinates": [ 25.030382, 60.2989261 ] } },
{ "type": "Feature", "properties": { "kind": "amenity=cafe", "name": "Unicafe" }, "geometry": { "type": "Point", "coordinates": [ 24.9628913, 60.2048979 ] } },
{ "type": "Feature", "properties": { "kind": "amenity=cafe", "name": "Kahvila & Konditoria Arome" }, "geometry": { "type": "Point", "coordinates": [ 24.7425826, 60.22659 ] } },
{ "type": "Feature", "properties": { "kind": "amenity=cafe", "name": "" }, "geometry": { "type": "Point", "coordinates": [ 25.060477, 60.321788699999985 ] } },
{ "type": "Feature", "properties": { "kind": "amenity=community_centre", "name": "Myllypuron nuorisotalo" }, "geometry": { "type": "Point", "coordinates": [ 25.068004, 60.2211658 ] } },
{ "type": "Feature", "properties": { "kind": "amenity=social_facility", "name": "Isonniitynkadun ryhmäkoti" }, "geometry": { "type": "Point", "coordinates": [ 24.9491069, 60.2028783 ] } },
{ "type": "Feature", "properties": { "kind": "amenity=cafe", "name": "Kahvila Sävy" }, "geometry": { "type": "Point", "coordinates": [ 24.9585236, 60.189209 ] } },
{ "type": "Feature", "properties": { "kind": "amenity=social_facility", "name": "Helsingin klubitalo Eskot ry" }, "geometry": { "type": "Point", "coordinates": [ 24.9622647, 60.1879426 ] } },
{ "type": "Feature", "properties": { "kind": "leisure=fitness_centre", "name": "IDEALfit" }, "geometry": { "type": "Point", "coordinates": [ 24.94245, 60.1599759 ] } },
{ "type": "Feature", "properties": { "kind": "amenity=community_centre", "name": "Helsingin Klubitalo" }, "geometry": { "type": "Point", "coordinates": [ 24.9620817, 60.1879205 ] } },
{ "type": "Feature", "properties": { "kind": "amenity=cafe", "name": "Mytäjäisten Kotileipomo" }, "geometry": { "type": "Point", "coordinates": [ 24.9570566, 60.181518299999972 ] } },
{ "type": "Feature", "properties": { "kind": "amenity=cafe", "name": "Nesteen kahvio" }, "geometry": { "type": "Point", "coordinates": [ 24.962522, 60.1834425 ] } },
{ "type": "Feature", "properties": { "kind": "amenity=cafe", "name": "Sea ball cafe" }, "geometry": { "type": "Point", "coordinates": [ 24.9630749, 60.1796427 ] } },
{ "type": "Feature", "properties": { "kind": "leisure=fitness_centre", "name": "Korso Gym" }, "geometry": { "type": "Point", "coordinates": [ 25.0745657, 60.348479700000013 ] } },
{ "type": "Feature", "properties": { "kind": "amenity=cafe", "name": "ABC Deli Tapiola" }, "geometry": { "type": "Point", "coordinates": [ 24.8075184, 60.1857906 ] } },
{ "type": "Feature", "properties": { "kind": "amenity=cafe", "name": "Kulma" }, "geometry": { "type": "Point", "coordinates": [ 24.8537728, 60.260055 ] } },
{ "type": "Feature", "properties": { "kind": "leisure=sports_centre", "name": "Pirkkolan liikuntapuisto / Pöytätennistila" }, "geometry": { "type": "Point", "coordinates": [ 24.9106189, 60.2322338 ] } },
{ "type": "Feature", "properties": { "kind": "leisure=sports_centre", "name": "Myyrmäen uimahalli" }, "geometry": { "type": "Point", "coordinates": [ 24.8513586, 60.265138299999983 ] } },
{ "type": "Feature", "properties": { "kind": "amenity=cafe", "name": "Ciao!" }, "geometry": { "type": "Point", "coordinates": [ 24.9512035, 60.168824 ] } },
{ "type": "Feature", "properties": { "kind": "amenity=library", "name": "Kirjasto Sakarinmäki Östersundom" }, "geometry": { "type": "Point", "coordinates": [ 25.2114486, 60.261630300000022 ] } },
{ "type": "Feature", "properties": { "kind": "leisure=sauna", "name": "Kuusijärven saunat" }, "geometry": { "type": "Point", "coordinates": [ 25.113537, 60.3137283 ] } },
{ "type": "Feature", "properties": { "kind": "amenity=cafe", "name": "FuFu Cafe" }, "geometry": { "type": "Point", "coordinates": [ 24.851508, 60.2651948 ] } },
{ "type": "Feature", "properties": { "kind": "amenity=library", "name": "Haaga-Helian kirjasto" }, "geometry": { "type": "Point", "coordinates": [ 24.9339535, 60.201814 ] } },
{ "type": "Feature", "properties": { "kind": "amenity=cafe", "name": "HelmiSimpukka Express" }, "geometry": { "type": "Point", "coordinates": [ 24.8739498, 60.263917499999984 ] } },
{ "type": "Feature", "properties": { "kind": "amenity=cafe", "name": "HelmiSimpukka" }, "geometry": { "type": "Point", "coordinates": [ 24.8435288, 60.2414613 ] } },
{ "type": "Feature", "properties": { "kind": "amenity=cafe", "name": "Café Nuvo" }, "geometry": { "type": "Point", "coordinates": [ 24.8535299, 60.2601239 ] } },
{ "type": "Feature", "properties": { "kind": "leisure=sports_centre", "name": "Squash-halli" }, "geometry": { "type": "Point", "coordinates": [ 24.8407367, 60.263899800000011 ] } },
{ "type": "Feature", "properties": { "kind": "amenity=cafe", "name": "Laaksolahden futiskahvila" }, "geometry": { "type": "Point", "coordinates": [ 24.7468189, 60.246215 ] } },
{ "type": "Feature", "properties": { "kind": "amenity=cafe", "name": "Kahvila Milla" }, "geometry": { "type": "Point", "coordinates": [ 24.9628198, 60.1965429 ] } },
{ "type": "Feature", "properties": { "kind": "leisure=fitness_centre", "name": "Martinlaakson kuntosali" }, "geometry": { "type": "Point", "coordinates": [ 24.8452386, 60.276023 ] } },
{ "type": "Feature", "properties": { "kind": "leisure=sports_centre", "name": "Myyr-Body" }, "geometry": { "type": "Point", "coordinates": [ 24.8468805, 60.2700588 ] } },
{ "type": "Feature", "properties": { "kind": "amenity=cafe", "name": "Letona kahvila & pizzeria" }, "geometry": { "type": "Point", "coordinates": [ 24.9265797, 60.2284883 ] } },
{ "type": "Feature", "properties": { "kind": "amenity=arts_centre", "name": "Publics" }, "geometry": { "type": "Point", "coordinates": [ 24.9597851, 60.1956767 ] } },
{ "type": "Feature", "properties": { "kind": "amenity=cafe", "name": "Bon Temps Cafe" }, "geometry": { "type": "Point", "coordinates": [ 24.9061434, 60.193366599999983 ] } },
{ "type": "Feature", "properties": { "kind": "leisure=fitness_centre", "name": "Ladyt Myyrmäki" }, "geometry": { "type": "Point", "coordinates": [ 24.8559963, 60.2616261 ] } },
{ "type": "Feature", "properties": { "kind": "leisure=sports_centre", "name": "Rajatorpan kalliosuoja" }, "geometry": { "type": "Point", "coordinates": [ 24.8327037, 60.2585808 ] } },
{ "type": "Feature", "properties": { "kind": "amenity=library", "name": "Suomen Sukututkimusseuran kirjasto" }, "geometry": { "type": "Point", "coordinates": [ 24.9577424, 60.1706516 ] } },
{ "type": "Feature", "properties": { "kind": "amenity=library", "name": "Arabianrannan kirjasto" }, "geometry": { "type": "Point", "coordinates": [ 24.9764087, 60.20899 ] } },
{ "type": "Feature", "properties": { "kind": "leisure=fitness_centre", "name": "Fressi" }, "geometry": { "type": "Point", "coordinates": [ 24.9350086, 60.1684358 ] } },
{ "type": "Feature", "properties": { "kind": "amenity=cafe", "name": "Lintsi Cafe" }, "geometry": { "type": "Point", "coordinates": [ 24.9417619, 60.191589 ] } },
{ "type": "Feature", "properties": { "kind": "amenity=cafe", "name": "" }, "geometry": { "type": "Point", "coordinates": [ 24.9315798, 60.1896243 ] } },
{ "type": "Feature", "properties": { "kind": "amenity=cafe", "name": "Roberts Coffee Citykäytävä" }, "geometry": { "type": "Point", "coordinates": [ 24.9416895, 60.1692014 ] } },
{ "type": "Feature", "properties": { "kind": "amenity=cafe", "name": "La Torrefazione" }, "geometry": { "type": "Point", "coordinates": [ 24.943798, 60.168735 ] } },
{ "type": "Feature", "properties": { "kind": "amenity=cafe", "name": "DesignCafe Helsinki" }, "geometry": { "type": "Point", "coordinates": [ 24.9556446, 60.1940464 ] } },
{ "type": "Feature", "properties": { "kind": "leisure=fitness_centre", "name": "Myyrmäen urheilutalon kuntosali" }, "geometry": { "type": "Point", "coordinates": [ 24.8513695, 60.265375600000013 ] } },
{ "type": "Feature", "properties": { "kind": "amenity=library", "name": "Myllypuron kirjasto" }, "geometry": { "type": "Point", "coordinates": [ 25.0731173, 60.2241485 ] } },
{ "type": "Feature", "properties": { "kind": "amenity=cafe", "name": "Cafetoria roastery" }, "geometry": { "type": "Point", "coordinates": [ 24.923091, 60.1733414 ] } },
{ "type": "Feature", "properties": { "kind": "amenity=cafe", "name": "Cafe 7" }, "geometry": { "type": "Point", "coordinates": [ 24.8844072, 60.1985731 ] } },
{ "type": "Feature", "properties": { "kind": "amenity=cafe", "name": "Patisserie Teemu Aura" }, "geometry": { "type": "Point", "coordinates": [ 24.9418403, 60.1610618 ] } },
{ "type": "Feature", "properties": { "kind": "amenity=cafe", "name": "Beard Park Cafe" }, "geometry": { "type": "Point", "coordinates": [ 24.9518973, 60.1843224 ] } },
{ "type": "Feature", "properties": { "kind": "amenity=cafe", "name": "Eromanga" }, "geometry": { "type": "Point", "coordinates": [ 24.9502591, 60.1655814 ] } },
{ "type": "Feature", "properties": { "kind": "amenity=cafe", "name": "Cafe Le Paris" }, "geometry": { "type": "Point", "coordinates": [ 24.9626078, 60.1677726 ] } },
{ "type": "Feature", "properties": { "kind": "amenity=cafe", "name": "Café Bar No 9" }, "geometry": { "type": "Point", "coordinates": [ 24.9419012, 60.164970399999987 ] } },
{ "type": "Feature", "properties": { "kind": "amenity=cafe", "name": "Cafe Brahe" }, "geometry": { "type": "Point", "coordinates": [ 24.948094, 60.1881205 ] } },
{ "type": "Feature", "properties": { "kind": "leisure=sauna", "name": "Myyrmäen urheilutalon saunat" }, "geometry": { "type": "Point", "coordinates": [ 24.851715, 60.2650667 ] } },
{ "type": "Feature", "properties": { "kind": "leisure=sports_centre", "name": "Myyrmäen urheilutalon palloiluhalli" }, "geometry": { "type": "Point", "coordinates": [ 24.8510983, 60.265518699999987 ] } },
{ "type": "Feature", "properties": { "kind": "amenity=cafe", "name": "Café Johan & Nyström" }, "geometry": { "type": "Point", "coordinates": [ 24.9601659, 60.169027799999988 ] } },
{ "type": "Feature", "properties": { "kind": "amenity=cafe", "name": "Café Aalto" }, "geometry": { "type": "Point", "coordinates": [ 24.9436721, 60.168197899999988 ] } },
{ "type": "Feature", "properties": { "kind": "amenity=cafe", "name": "Musiikkitalon kahvila" }, "geometry": { "type": "Point", "coordinates": [ 24.9356748, 60.173566699999988 ] } },
{ "type": "Feature", "properties": { "kind": "amenity=cafe", "name": "Messi" }, "geometry": { "type": "Point", "coordinates": [ 25.0598894, 60.1677986 ] } },
{ "type": "Feature", "properties": { "kind": "leisure=fitness_centre", "name": "Fitness24Seven" }, "geometry": { "type": "Point", "coordinates": [ 24.8542922, 60.2781524 ] } },
{ "type": "Feature", "properties": { "kind": "amenity=cafe", "name": "Cafe Köket" }, "geometry": { "type": "Point", "coordinates": [ 24.9513306, 60.1689056 ] } },
{ "type": "Feature", "properties": { "kind": "amenity=community_centre", "name": "Myyräncolo" }, "geometry": { "type": "Point", "coordinates": [ 24.8551246, 60.2617887 ] } },
{ "type": "Feature", "properties": { "kind": "amenity=library", "name": "Tilastokirjasto" }, "geometry": { "type": "Point", "coordinates": [ 24.9764033, 60.1879376 ] } },
{ "type": "Feature", "properties": { "kind": "amenity=community_centre", "name": "Huipunvaltaajat ry" }, "geometry": { "type": "Point", "coordinates": [ 24.8580102, 60.244304 ] } },
{ "type": "Feature", "properties": { "kind": "leisure=sauna", "name": "Luukki" }, "geometry": { "type": "Point", "coordinates": [ 24.6928717, 60.31667860000001 ] } },
{ "type": "Feature", "properties": { "kind": "leisure=fitness_centre", "name": "Puls & Träning" }, "geometry": { "type": "Point", "coordinates": [ 25.0334481, 60.23393309999998 ] } },
{ "type": "Feature", "properties": { "kind": "amenity=cafe", "name": "Ravintola Haltia" }, "geometry": { "type": "Point", "coordinates": [ 24.5567414, 60.2937198 ] } },
{ "type": "Feature", "properties": { "kind": "amenity=cafe", "name": "Helsingin Kahvipaahtimo" }, "geometry": { "type": "Point", "coordinates": [ 24.9590555, 60.1915719 ] } },
{ "type": "Feature", "properties": { "kind": "leisure=fitness_centre", "name": "Elixia Pitäjänmäki" }, "geometry": { "type": "Point", "coordinates": [ 24.8752661, 60.2147001 ] } },
{ "type": "Feature", "properties": { "kind": "amenity=cafe", "name": "Tali Café" }, "geometry": { "type": "Point", "coordinates": [ 24.8790544, 60.2103619 ] } },
{ "type": "Feature", "properties": { "kind": "amenity=cafe", "name": "Café Artist" }, "geometry": { "type": "Point", "coordinates": [ 24.9429425, 60.167402399999986 ] } },
{ "type": "Feature", "properties": { "kind": "amenity=community_centre", "name": "Pasilan nuorisotalo" }, "geometry": { "type": "Point", "coordinates": [ 24.9266698, 60.197106099999978 ] } },
{ "type": "Feature", "properties": { "kind": "leisure=fitness_centre", "name": "Fit Pihlajisto" }, "geometry": { "type": "Point", "coordinates": [ 25.0004823, 60.2313177 ] } },
{ "type": "Feature", "properties": { "kind": "amenity=cafe", "name": "Cafe Agricola" }, "geometry": { "type": "Point", "coordinates": [ 24.9382781, 60.1584438 ] } },
{ "type": "Feature", "properties": { "kind": "amenity=cafe", "name": "" }, "geometry": { "type": "Point", "coordinates": [ 24.9234435, 60.1913706 ] } },
{ "type": "Feature", "properties": { "kind": "leisure=sports_centre", "name": "Hohtogolf West Coast" }, "geometry": { "type": "Point", "coordinates": [ 24.9694002, 60.2902706 ] } },
{ "type": "Feature", "properties": { "kind": "amenity=cafe", "name": "" }, "geometry": { "type": "Point", "coordinates": [ 24.652618, 60.3574246 ] } },
{ "type": "Feature", "properties": { "kind": "amenity=cafe", "name": "Espresso House" }, "geometry": { "type": "Point", "coordinates": [ 24.947208, 60.1715271 ] } },
{ "type": "Feature", "properties": { "kind": "amenity=cafe", "name": "Cafe Tarina" }, "geometry": { "type": "Point", "coordinates": [ 24.8043076, 60.1759654 ] } },
{ "type": "Feature", "properties": { "kind": "amenity=cafe", "name": "Cafe Portaali" }, "geometry": { "type": "Point", "coordinates": [ 24.948198, 60.1704958 ] } },
{ "type": "Feature", "properties": { "kind": "amenity=community_centre", "name": "Partiokolo Viherlaakson Peurat" }, "geometry": { "type": "Point", "coordinates": [ 24.7439855, 60.2276317 ] } },
{ "type": "Feature", "properties": { "kind": "leisure=fitness_centre", "name": "Olarium Fitness Club" }, "geometry": { "type": "Point", "coordinates": [ 24.7258887, 60.1735001 ] } },
{ "type": "Feature", "properties": { "kind": "amenity=cafe", "name": "K-Rauta Cafe" }, "geometry": { "type": "Point", "coordinates": [ 24.7072305, 60.1632038 ] } },
{ "type": "Feature", "properties": { "kind": "leisure=fitness_centre", "name": "ELIXIA" }, "geometry": { "type": "Point", "coordinates": [ 24.8153331, 60.2172899 ] } },
{ "type": "Feature", "properties": { "kind": "amenity=community_centre", "name": "Peliluola" }, "geometry": { "type": "Point", "coordinates": [ 24.8392177, 60.1895454 ] } },
{ "type": "Feature", "properties": { "kind": "amenity=cafe", "name": "Sports Cafe 52" }, "geometry": { "type": "Point", "coordinates": [ 24.9109895, 60.1988764 ] } },
{ "type": "Feature", "properties": { "kind": "amenity=community_centre", "name": "Rekolan partiomaja" }, "geometry": { "type": "Point", "coordinates": [ 25.0680263, 60.329492 ] } },
{ "type": "Feature", "properties": { "kind": "amenity=cafe", "name": "Picnic" }, "geometry": { "type": "Point", "coordinates": [ 25.0438618, 60.2929634 ] } },
{ "type": "Feature", "properties": { "kind": "amenity=social_facility", "name": "Nuorisotalo" }, "geometry": { "type": "Point", "coordinates": [ 24.8954368, 60.201386399999983 ] } },
{ "type": "Feature", "properties": { "kind": "leisure=fitness_centre", "name": "Fressi Kilo" }, "geometry": { "type": "Point", "coordinates": [ 24.7797083, 60.2182179 ] } },
{ "type": "Feature", "properties": { "kind": "amenity=cafe", "name": "Café Lov" }, "geometry": { "type": "Point", "coordinates": [ 24.956829, 60.171151 ] } },
{ "type": "Feature", "properties": { "kind": "amenity=arts_centre", "name": "Cirko, Center for new circus" }, "geometry": { "type": "Point", "coordinates": [ 24.9740123, 60.1864937 ] } },
{ "type": "Feature", "properties": { "kind": "amenity=arts_centre", "name": "Esitystaiteen keskus Eskus" }, "geometry": { "type": "Point", "coordinates": [ 24.9729034, 60.186797499999983 ] } },
{ "type": "Feature", "properties": { "kind": "amenity=library", "name": "Lauttasaaren kirjasto" }, "geometry": { "type": "Point", "coordinates": [ 24.8832846, 60.1587032 ] } },
{ "type": "Feature", "properties": { "kind": "leisure=fitness_centre", "name": "Fressi24 Suomenoja" }, "geometry": { "type": "Point", "coordinates": [ 24.7017906, 60.1638954 ] } },
{ "type": "Feature", "properties": { "kind": "amenity=cafe", "name": "Kesäkahvila" }, "geometry": { "type": "Point", "coordinates": [ 24.9580234, 60.2 ] } },
{ "type": "Feature", "properties": { "kind": "amenity=cafe", "name": "" }, "geometry": { "type": "Point", "coordinates": [ 25.0562477, 60.1746234 ] } },
{ "type": "Feature", "properties": { "kind": "amenity=cafe", "name": "" }, "geometry": { "type": "Point", "coordinates": [ 25.1068369, 60.252324 ] } },
{ "type": "Feature", "properties": { "kind": "amenity=cafe", "name": "" }, "geometry": { "type": "Point", "coordinates": [ 25.0006253, 60.186583399999989 ] } },
{ "type": "Feature", "properties": { "kind": "amenity=social_facility", "name": "Kinaporin palvelukeskus" }, "geometry": { "type": "Point", "coordinates": [ 24.9624866, 60.188761 ] } },
{ "type": "Feature", "properties": { "kind": "leisure=sports_centre", "name": "Helsinki Petanque - Pasilan halli" }, "geometry": { "type": "Point", "coordinates": [ 24.9331079, 60.1948487 ] } },
{ "type": "Feature", "properties": { "kind": "amenity=social_facility", "name": "Koskelan monipuolinen palvelukeskus" }, "geometry": { "type": "Point", "coordinates": [ 24.9630003, 60.216881299999983 ] } },
{ "type": "Feature", "properties": { "kind": "amenity=social_facility", "name": "Kampin palvelukeskus" }, "geometry": { "type": "Point", "coordinates": [ 24.9276164, 60.1680721 ] } },
{ "type": "Feature", "properties": { "kind": "amenity=social_facility", "name": "Munkkiniemen palvelukeskus" }, "geometry": { "type": "Point", "coordinates": [ 24.8765027, 60.2003944 ] } },
{ "type": "Feature", "properties": { "kind": "amenity=social_facility", "name": "Roihuvuoren palvelukeskus" }, "geometry": { "type": "Point", "coordinates": [ 25.0635051, 60.2033481 ] } },
{ "type": "Feature", "properties": { "kind": "amenity=social_facility", "name": "Rudolfin palvelukeskustoiminta" }, "geometry": { "type": "Point", "coordinates": [ 25.0375417, 60.1702453 ] } },
{ "type": "Feature", "properties": { "kind": "amenity=social_facility", "name": "Heseva-koti" }, "geometry": { "type": "Point", "coordinates": [ 24.9553764, 60.2153072 ] } },
{ "type": "Feature", "properties": { "kind": "leisure=sports_centre", "name": "Salmisaaren jäähalli" }, "geometry": { "type": "Point", "coordinates": [ 24.9030117, 60.1656997 ] } },
{ "type": "Feature", "properties": { "kind": "amenity=community_centre", "name": "Kumpulan Kylätila" }, "geometry": { "type": "Point", "coordinates": [ 24.9644323, 60.2095911 ] } },
{ "type": "Feature", "properties": { "kind": "amenity=social_facility", "name": "Stadin asukastalo Hanna" }, "geometry": { "type": "Point", "coordinates": [ 24.9480388, 60.1902012 ] } },
{ "type": "Feature", "properties": { "kind": "amenity=cafe", "name": "Checkpoint Café" }, "geometry": { "type": "Point", "coordinates": [ 24.9458547, 60.2092598 ] } },
{ "type": "Feature", "properties": { "kind": "leisure=fitness_centre", "name": "Fitness24Seven" }, "geometry": { "type": "Point", "coordinates": [ 24.9464209, 60.2091935 ] } },
{ "type": "Feature", "properties": { "kind": "leisure=sports_centre", "name": "Seikkailupuisto Huippu" }, "geometry": { "type": "Point", "coordinates": [ 24.7963977, 60.2278922 ] } },
{ "type": "Feature", "properties": { "kind": "amenity=social_facility", "name": "Myötätuuli" }, "geometry": { "type": "Point", "coordinates": [ 25.1310399, 60.2179787 ] } },
{ "type": "Feature", "properties": { "kind": "amenity=library", "name": "Puistolan kirjasto" }, "geometry": { "type": "Point", "coordinates": [ 25.058815, 60.271164 ] } },
{ "type": "Feature", "properties": { "kind": "amenity=library", "name": "Tapanilan kirjasto" }, "geometry": { "type": "Point", "coordinates": [ 25.0190937, 60.265565499999987 ] } },
{ "type": "Feature", "properties": { "kind": "leisure=fitness_centre", "name": "CrossFit" }, "geometry": { "type": "Point", "coordinates": [ 24.9782688, 60.191272699999985 ] } },
{ "type": "Feature", "properties": { "kind": "amenity=community_centre", "name": "Puotilan venekerho" }, "geometry": { "type": "Point", "coordinates": [ 25.1018921, 60.207050399999986 ] } },
{ "type": "Feature", "properties": { "kind": "amenity=cafe", "name": "" }, "geometry": { "type": "Point", "coordinates": [ 24.9895869, 60.1809406 ] } },
{ "type": "Feature", "properties": { "kind": "leisure=sauna", "name": "Sompasauna" }, "geometry": { "type": "Point", "coordinates": [ 24.9988826, 60.1807507 ] } },
{ "type": "Feature", "properties": { "kind": "amenity=cafe", "name": "Kahvila Siili" }, "geometry": { "type": "Point", "coordinates": [ 24.9391518, 60.2086838 ] } },
{ "type": "Feature", "properties": { "kind": "leisure=fitness_centre", "name": "Fitness24Seven" }, "geometry": { "type": "Point", "coordinates": [ 24.9329307, 60.1647632 ] } },
{ "type": "Feature", "properties": { "kind": "leisure=sports_centre", "name": "Himo Club" }, "geometry": { "type": "Point", "coordinates": [ 24.9324013, 60.1641061 ] } },
{ "type": "Feature", "properties": { "kind": "amenity=cafe", "name": "Leimu Café & Eatery" }, "geometry": { "type": "Point", "coordinates": [ 24.9762564, 60.2087806 ] } },
{ "type": "Feature", "properties": { "kind": "amenity=cafe", "name": "Hima Organic Café" }, "geometry": { "type": "Point", "coordinates": [ 24.9531577, 60.17638010000001 ] } },
{ "type": "Feature", "properties": { "kind": "amenity=cafe", "name": "Scandinavia Cafe" }, "geometry": { "type": "Point", "coordinates": [ 24.9527557, 60.1662672 ] } },
{ "type": "Feature", "properties": { "kind": "amenity=cafe", "name": "Cafe Tekis" }, "geometry": { "type": "Point", "coordinates": [ 24.6612894, 60.1463417 ] } },
{ "type": "Feature", "properties": { "kind": "leisure=fitness_centre", "name": "Elixia Tikkurila" }, "geometry": { "type": "Point", "coordinates": [ 25.0340628, 60.2880482 ] } },
{ "type": "Feature", "properties": { "kind": "leisure=fitness_centre", "name": "Fitness24Seven" }, "geometry": { "type": "Point", "coordinates": [ 24.8492101, 60.2388377 ] } },
{ "type": "Feature", "properties": { "kind": "amenity=cafe", "name": "Roihuvuoren Rio" }, "geometry": { "type": "Point", "coordinates": [ 25.0577247, 60.198322700000013 ] } },
{ "type": "Feature", "properties": { "kind": "leisure=sports_centre", "name": "KiipeilyAreena Ristikko" }, "geometry": { "type": "Point", "coordinates": [ 24.8494206, 60.239271499999987 ] } },
{ "type": "Feature", "properties": { "kind": "amenity=cafe", "name": "Kahvila Helmi" }, "geometry": { "type": "Point", "coordinates": [ 24.9289944, 60.237779 ] } },
{ "type": "Feature", "properties": { "kind": "amenity=cafe", "name": "Cafe Cardemumma" }, "geometry": { "type": "Point", "coordinates": [ 24.9517697, 60.1864851 ] } },
{ "type": "Feature", "properties": { "kind": "leisure=fitness_centre", "name": "FeelWell" }, "geometry": { "type": "Point", "coordinates": [ 24.967962, 60.229778399999987 ] } },
{ "type": "Feature", "properties": { "kind": "amenity=community_centre", "name": "Stadin aikapankki" }, "geometry": { "type": "Point", "coordinates": [ 24.9518341, 60.186643599999982 ] } },
{ "type": "Feature", "properties": { "kind": "amenity=community_centre", "name": "Tapiolan nuorisotila" }, "geometry": { "type": "Point", "coordinates": [ 24.8039858, 60.176889099999983 ] } },
{ "type": "Feature", "properties": { "kind": "leisure=fitness_centre", "name": "Fressi 24h Tapiola" }, "geometry": { "type": "Point", "coordinates": [ 24.8015376, 60.174934799999988 ] } },
{ "type": "Feature", "properties": { "kind": "leisure=fitness_centre", "name": "Myyrin Kuntokeskus" }, "geometry": { "type": "Point", "coordinates": [ 24.8500386, 60.2626906 ] } },
{ "type": "Feature", "properties": { "kind": "leisure=fitness_centre", "name": "Elixia" }, "geometry": { "type": "Point", "coordinates": [ 24.8519261, 60.2630871 ] } },
{ "type": "Feature", "properties": { "kind": "leisure=fitness_centre", "name": "Fitness24Seven" }, "geometry": { "type": "Point", "coordinates": [ 24.8526771, 60.2597436 ] } },
{ "type": "Feature", "properties": { "kind": "amenity=cafe", "name": "Kanelipulla" }, "geometry": { "type": "Point", "coordinates": [ 24.6340358, 60.1544042 ] } },
{ "type": "Feature", "properties": { "kind": "amenity=cafe", "name": "Outrun Cafe" }, "geometry": { "type": "Point", "coordinates": [ 24.9416472, 60.1991679 ] } },
{ "type": "Feature", "properties": { "kind": "amenity=cafe", "name": "Picnic Pasila" }, "geometry": { "type": "Point", "coordinates": [ 24.9355617, 60.1989466 ] } },
{ "type": "Feature", "properties": { "kind": "amenity=cafe", "name": "Beer&Café Solmu" }, "geometry": { "type": "Point", "coordinates": [ 24.8478826, 60.316764699999986 ] } },
{ "type": "Feature", "properties": { "kind": "amenity=cafe", "name": "Vihreä Vuohi" }, "geometry": { "type": "Point", "coordinates": [ 24.8533167, 60.2608226 ] } },
{ "type": "Feature", "properties": { "kind": "leisure=sports_centre", "name": "Loop Martial Arts" }, "geometry": { "type": "Point", "coordinates": [ 24.8542259, 60.2228069 ] } },
{ "type": "Feature", "properties": { "kind": "amenity=cafe", "name": "Café Viisari" }, "geometry": { "type": "Point", "coordinates": [ 24.8214292, 60.2782904 ] } },
{ "type": "Feature", "properties": { "kind": "amenity=cafe", "name": "Torikahvila Cafe Fri" }, "geometry": { "type": "Point", "coordinates": [ 24.9541615, 60.167614099999987 ] } },
{ "type": "Feature", "properties": { "kind": "amenity=cafe", "name": "Six Pot Coffee Company" }, "geometry": { "type": "Point", "coordinates": [ 24.891751, 60.205965799999987 ] } },
{ "type": "Feature", "properties": { "kind": "amenity=community_centre", "name": "Hakunilan nuorisotalo" }, "geometry": { "type": "Point", "coordinates": [ 25.104592, 60.2781222 ] } },
{ "type": "Feature", "properties": { "kind": "amenity=cafe", "name": "Papu Cafe" }, "geometry": { "type": "Point", "coordinates": [ 24.9561878, 60.1731261 ] } },
{ "type": "Feature", "properties": { "kind": "amenity=cafe", "name": "IPI Kulmakuppila" }, "geometry": { "type": "Point", "coordinates": [ 24.9538253, 60.1832293 ] } },
{ "type": "Feature", "properties": { "kind": "leisure=fitness_centre", "name": "Liikuntastudio Luhtavilla" }, "geometry": { "type": "Point", "coordinates": [ 24.8131075, 60.2230879 ] } },
{ "type": "Feature", "properties": { "kind": "amenity=library", "name": "Jätkäsaaren kirjasto" }, "geometry": { "type": "Point", "coordinates": [ 24.9208571, 60.1599869 ] } },
{ "type": "Feature", "properties": { "kind": "amenity=cafe", "name": "Robert's Coffee" }, "geometry": { "type": "Point", "coordinates": [ 24.8128216, 60.218223299999984 ] } },
{ "type": "Feature", "properties": { "kind": "amenity=cafe", "name": "" }, "geometry": { "type": "Point", "coordinates": [ 24.740632, 60.32567089999997 ] } },
{ "type": "Feature", "properties": { "kind": "amenity=social_facility", "name": "Puotilan palvelutalo" }, "geometry": { "type": "Point", "coordinates": [ 25.0986964, 60.208820699999983 ] } },
{ "type": "Feature", "properties": { "kind": "amenity=cafe", "name": "Kesäterassi Katiska" }, "geometry": { "type": "Point", "coordinates": [ 24.6507706, 60.1356378 ] } },
{ "type": "Feature", "properties": { "kind": "amenity=cafe", "name": "Fazer Café" }, "geometry": { "type": "Point", "coordinates": [ 25.0815352, 60.2110702 ] } },
{ "type": "Feature", "properties": { "kind": "amenity=cafe", "name": "Kaffecentralen" }, "geometry": { "type": "Point", "coordinates": [ 24.9326491, 60.167612 ] } },
{ "type": "Feature", "properties": { "kind": "leisure=sports_centre", "name": "Vuosaaren Melontakeskus" }, "geometry": { "type": "Point", "coordinates": [ 25.128271, 60.1977707 ] } },
{ "type": "Feature", "properties": { "kind": "amenity=cafe", "name": "Sampon Satumainen kahvila" }, "geometry": { "type": "Point", "coordinates": [ 24.9443608, 60.1648909 ] } },
{ "type": "Feature", "properties": { "kind": "amenity=social_facility", "name": "Päivätoimintayksikkö Urkuri" }, "geometry": { "type": "Point", "coordinates": [ 24.875092, 60.242726499999982 ] } },
{ "type": "Feature", "properties": { "kind": "amenity=cafe", "name": "Café Solo" }, "geometry": { "type": "Point", "coordinates": [ 24.9352047, 60.2025083 ] } },
{ "type": "Feature", "properties": { "kind": "amenity=library", "name": "Malmin kirjasto" }, "geometry": { "type": "Point", "coordinates": [ 25.0148191, 60.2502645 ] } },
{ "type": "Feature", "properties": { "kind": "amenity=cafe", "name": "Espresso House" }, "geometry": { "type": "Point", "coordinates": [ 24.9476309, 60.169605100000012 ] } },
{ "type": "Feature", "properties": { "kind": "amenity=community_centre", "name": "Pitäjänmäen moottorihalli" }, "geometry": { "type": "Point", "coordinates": [ 24.8595383, 60.2261587 ] } },
{ "type": "Feature", "properties": { "kind": "amenity=community_centre", "name": "Pukinmäen mopohalli" }, "geometry": { "type": "Point", "coordinates": [ 24.9941353, 60.2432762 ] } },
{ "type": "Feature", "properties": { "kind": "amenity=community_centre", "name": "Pukinmäen nuorisotalo" }, "geometry": { "type": "Point", "coordinates": [ 24.993991, 60.2431677 ] } },
{ "type": "Feature", "properties": { "kind": "leisure=sauna", "name": "Gay Sauna Vogue" }, "geometry": { "type": "Point", "coordinates": [ 24.9561043, 60.1938279 ] } },
{ "type": "Feature", "properties": { "kind": "amenity=cafe", "name": "Torikahvila" }, "geometry": { "type": "Point", "coordinates": [ 24.852494, 60.261201 ] } },
{ "type": "Feature", "properties": { "kind": "amenity=arts_centre", "name": "Sellosali" }, "geometry": { "type": "Point", "coordinates": [ 24.8082497, 60.2175199 ] } },
{ "type": "Feature", "properties": { "kind": "leisure=sports_centre", "name": "Combat Academy Finland" }, "geometry": { "type": "Point", "coordinates": [ 24.9684668, 60.186878199999988 ] } },
{ "type": "Feature", "properties": { "kind": "amenity=arts_centre", "name": "Wanha Satama" }, "geometry": { "type": "Point", "coordinates": [ 24.9672657, 60.165622 ] } },
{ "type": "Feature", "properties": { "kind": "amenity=cafe", "name": "Cafe Wanha Satama" }, "geometry": { "type": "Point", "coordinates": [ 24.9674431, 60.1654361 ] } },
{ "type": "Feature", "properties": { "kind": "amenity=library", "name": "Saunalahden kirjasto" }, "geometry": { "type": "Point", "coordinates": [ 24.6147976, 60.168715 ] } },
{ "type": "Feature", "properties": { "kind": "amenity=community_centre", "name": "Nuorisotalo" }, "geometry": { "type": "Point", "coordinates": [ 24.6151112, 60.1685933 ] } },
{ "type": "Feature", "properties": { "kind": "amenity=cafe", "name": "Kulmakonditoria" }, "geometry": { "type": "Point", "coordinates": [ 25.0415547, 60.2923136 ] } },
{ "type": "Feature", "properties": { "kind": "amenity=library", "name": "Haukilahden kirjasto" }, "geometry": { "type": "Point", "coordinates": [ 24.7829586, 60.160092400000011 ] } },
{ "type": "Feature", "properties": { "kind": "amenity=community_centre", "name": "Asukastalo Renki" }, "geometry": { "type": "Point", "coordinates": [ 24.8578968, 60.2442371 ] } },
{ "type": "Feature", "properties": { "kind": "amenity=community_centre", "name": "Myyrmäen nuorisotila Arkki" }, "geometry": { "type": "Point", "coordinates": [ 24.8533597, 60.2632751 ] } },
{ "type": "Feature", "properties": { "kind": "amenity=cafe", "name": "Cafe Pub Oslo" }, "geometry": { "type": "Point", "coordinates": [ 25.0831348, 60.236357 ] } },
{ "type": "Feature", "properties": { "kind": "amenity=cafe", "name": "Sabich Café" }, "geometry": { "type": "Point", "coordinates": [ 25.0832074, 60.2374229 ] } },
{ "type": "Feature", "properties": { "kind": "leisure=fitness_centre", "name": "Fitness24Seven" }, "geometry": { "type": "Point", "coordinates": [ 25.1121809, 60.2395904 ] } },
{ "type": "Feature", "properties": { "kind": "amenity=social_facility", "name": "Omenatarhan Palvelutalo" }, "geometry": { "type": "Point", "coordinates": [ 24.7403483, 60.1615684 ] } },
{ "type": "Feature", "properties": { "kind": "amenity=community_centre", "name": "Kannelmäen nuorisotalo" }, "geometry": { "type": "Point", "coordinates": [ 24.875464, 60.2389198 ] } },
{ "type": "Feature", "properties": { "kind": "amenity=cafe", "name": "Cafe Hiekka Kanneltalo" }, "geometry": { "type": "Point", "coordinates": [ 24.8760178, 60.2388805 ] } },
{ "type": "Feature", "properties": { "kind": "amenity=social_facility", "name": "R3 Maahanmuuttajanuorten tuki" }, "geometry": { "type": "Point", "coordinates": [ 24.8558939, 60.263986799999984 ] } },
{ "type": "Feature", "properties": { "kind": "amenity=cafe", "name": "Espresso House" }, "geometry": { "type": "Point", "coordinates": [ 24.8804064, 60.1598928 ] } },
{ "type": "Feature", "properties": { "kind": "amenity=community_centre", "name": "Maunulan nuorisotalo" }, "geometry": { "type": "Point", "coordinates": [ 24.9329455, 60.230876199999983 ] } },
{ "type": "Feature", "properties": { "kind": "amenity=community_centre", "name": "Stadin yhteisötalo Saunabaari" }, "geometry": { "type": "Point", "coordinates": [ 24.9260818, 60.2278406 ] } },
{ "type": "Feature", "properties": { "kind": "amenity=cafe", "name": "Nokkalan Majakka" }, "geometry": { "type": "Point", "coordinates": [ 24.7553284, 60.1479611 ] } },
{ "type": "Feature", "properties": { "kind": "amenity=cafe", "name": "Cafe Zockeria WeeGee" }, "geometry": { "type": "Point", "coordinates": [ 24.7948321, 60.1788414 ] } },
{ "type": "Feature", "properties": { "kind": "amenity=cafe", "name": "Robert's Coffee" }, "geometry": { "type": "Point", "coordinates": [ 24.7386675, 60.160193599999971 ] } },
{ "type": "Feature", "properties": { "kind": "leisure=fitness_centre", "name": "CrossFit" }, "geometry": { "type": "Point", "coordinates": [ 24.963802, 60.1880359 ] } },
{ "type": "Feature", "properties": { "kind": "amenity=arts_centre", "name": "Ateljee" }, "geometry": { "type": "Point", "coordinates": [ 25.0808598, 60.2446252 ] } },
{ "type": "Feature", "properties": { "kind": "amenity=cafe", "name": "FreshStop-kahvila" }, "geometry": { "type": "Point", "coordinates": [ 24.9254178, 60.183606299999987 ] } },
{ "type": "Feature", "properties": { "kind": "amenity=cafe", "name": "Mili's Food & Cafe" }, "geometry": { "type": "Point", "coordinates": [ 24.660807, 60.1479296 ] } },
{ "type": "Feature", "properties": { "kind": "leisure=sports_centre", "name": "Parkourkeskus" }, "geometry": { "type": "Point", "coordinates": [ 25.0250991, 60.2520442 ] } },
{ "type": "Feature", "properties": { "kind": "amenity=cafe", "name": "Cafe Rustica" }, "geometry": { "type": "Point", "coordinates": [ 24.9463054, 60.1637907 ] } },
{ "type": "Feature", "properties": { "kind": "amenity=cafe", "name": "La Tartufata" }, "geometry": { "type": "Point", "coordinates": [ 24.9420212, 60.158179 ] } },
{ "type": "Feature", "properties": { "kind": "amenity=cafe", "name": "Factory St. Gallery" }, "geometry": { "type": "Point", "coordinates": [ 24.9427428, 60.158203900000011 ] } },
{ "type": "Feature", "properties": { "kind": "amenity=cafe", "name": "Robert's Coffee" }, "geometry": { "type": "Point", "coordinates": [ 24.9466801, 60.1605823 ] } },
{ "type": "Feature", "properties": { "kind": "amenity=cafe", "name": "Cafe Panik" }, "geometry": { "type": "Point", "coordinates": [ 24.9402785, 60.1603579 ] } },
{ "type": "Feature", "properties": { "kind": "amenity=cafe", "name": "Telakka Cafe" }, "geometry": { "type": "Point", "coordinates": [ 24.9328686, 60.1578781 ] } },
{ "type": "Feature", "properties": { "kind": "amenity=cafe", "name": "Kaffa Roastery" }, "geometry": { "type": "Point", "coordinates": [ 24.9340139, 60.1584874 ] } },
{ "type": "Feature", "properties": { "kind": "amenity=cafe", "name": "Moko Market Café & Store" }, "geometry": { "type": "Point", "coordinates": [ 24.9345273, 60.158591800000011 ] } },
{ "type": "Feature", "properties": { "kind": "amenity=cafe", "name": "Hymy Hetki" }, "geometry": { "type": "Point", "coordinates": [ 24.9399329, 60.1642653 ] } },
{ "type": "Feature", "properties": { "kind": "amenity=cafe", "name": "Cafetino" }, "geometry": { "type": "Point", "coordinates": [ 24.9390992, 60.1639796 ] } },
{ "type": "Feature", "properties": { "kind": "amenity=community_centre", "name": "Walkers" }, "geometry": { "type": "Point", "coordinates": [ 24.9332484, 60.1686367 ] } },
{ "type": "Feature", "properties": { "kind": "amenity=cafe", "name": "Kissakahvila Helkatti" }, "geometry": { "type": "Point", "coordinates": [ 24.9331123, 60.1672384 ] } },
{ "type": "Feature", "properties": { "kind": "amenity=cafe", "name": "Café Savoy" }, "geometry": { "type": "Point", "coordinates": [ 24.947475, 60.1670543 ] } },
{ "type": "Feature", "properties": { "kind": "amenity=cafe", "name": "The Boom Room" }, "geometry": { "type": "Point", "coordinates": [ 24.9375691, 60.1617695 ] } },
{ "type": "Feature", "properties": { "kind": "amenity=cafe", "name": "Mat" }, "geometry": { "type": "Point", "coordinates": [ 24.9414501, 60.1631527 ] } },
{ "type": "Feature", "properties": { "kind": "amenity=cafe", "name": "Relove" }, "geometry": { "type": "Point", "coordinates": [ 24.9397717, 60.162521199999986 ] } },
{ "type": "Feature", "properties": { "kind": "amenity=cafe", "name": "Andante" }, "geometry": { "type": "Point", "coordinates": [ 24.9389093, 60.1628108 ] } },
{ "type": "Feature", "properties": { "kind": "amenity=arts_centre", "name": "Sinne" }, "geometry": { "type": "Point", "coordinates": [ 24.9420756, 60.1633391 ] } },
{ "type": "Feature", "properties": { "kind": "amenity=social_facility", "name": "Omakotisäätiö" }, "geometry": { "type": "Point", "coordinates": [ 25.1014445, 60.209095 ] } },
{ "type": "Feature", "properties": { "kind": "leisure=fitness_centre", "name": "Fitness24Seven" }, "geometry": { "type": "Point", "coordinates": [ 24.9490581, 60.176949499999985 ] } },
{ "type": "Feature", "properties": { "kind": "amenity=arts_centre", "name": "Juhlapirtti" }, "geometry": { "type": "Point", "coordinates": [ 24.8577618, 60.3482927 ] } },
{ "type": "Feature", "properties": { "kind": "amenity=cafe", "name": "Café Cook" }, "geometry": { "type": "Point", "coordinates": [ 24.9401954, 60.170152299999984 ] } },
{ "type": "Feature", "properties": { "kind": "amenity=social_facility", "name": "Jaatisen Maja, Vammaisperheyhdistys Jaatinen ry" }, "geometry": { "type": "Point", "coordinates": [ 24.921148, 60.1907518 ] } },
{ "type": "Feature", "properties": { "kind": "leisure=sports_centre", "name": "Somatic Studio" }, "geometry": { "type": "Point", "coordinates": [ 24.9476534, 60.165162599999988 ] } },
{ "type": "Feature", "properties": { "kind": "amenity=arts_centre", "name": "Puistokulma" }, "geometry": { "type": "Point", "coordinates": [ 25.0442695, 60.3034385 ] } },
{ "type": "Feature", "properties": { "kind": "leisure=fitness_centre", "name": "Forever Hiekkaharju" }, "geometry": { "type": "Point", "coordinates": [ 25.0524828, 60.3030752 ] } },
{ "type": "Feature", "properties": { "kind": "leisure=fitness_centre", "name": "Voimalaitos Roba" }, "geometry": { "type": "Point", "coordinates": [ 24.9450677, 60.1644101 ] } },
{ "type": "Feature", "properties": { "kind": "amenity=cafe", "name": "Distant days" }, "geometry": { "type": "Point", "coordinates": [ 24.9558497, 60.1882326 ] } },
{ "type": "Feature", "properties": { "kind": "amenity=cafe", "name": "Caffe Mansku" }, "geometry": { "type": "Point", "coordinates": [ 24.9417153, 60.1673037 ] } },
{ "type": "Feature", "properties": { "kind": "leisure=sauna", "name": "Kyrö Sauna Bar" }, "geometry": { "type": "Point", "coordinates": [ 24.9425567, 60.169466599999986 ] } },
{ "type": "Feature", "properties": { "kind": "amenity=cafe", "name": "Cafe Esplanad" }, "geometry": { "type": "Point", "coordinates": [ 24.9440107, 60.1678118 ] } },
{ "type": "Feature", "properties": { "kind": "amenity=community_centre", "name": "Luckan" }, "geometry": { "type": "Point", "coordinates": [ 24.9373285, 60.1683146 ] } },
{ "type": "Feature", "properties": { "kind": "amenity=cafe", "name": "The Ounce" }, "geometry": { "type": "Point", "coordinates": [ 24.9332498, 60.1671651 ] } },
{ "type": "Feature", "properties": { "kind": "amenity=cafe", "name": "Well Coffee" }, "geometry": { "type": "Point", "coordinates": [ 24.9407683, 60.1691732 ] } },
{ "type": "Feature", "properties": { "kind": "amenity=cafe", "name": "Bumi" }, "geometry": { "type": "Point", "coordinates": [ 24.9419631, 60.1631048 ] } },
{ "type": "Feature", "properties": { "kind": "amenity=cafe", "name": "Picnic" }, "geometry": { "type": "Point", "coordinates": [ 24.9635821, 60.2282865 ] } },
{ "type": "Feature", "properties": { "kind": "leisure=fitness_centre", "name": "Siltamäki Gym" }, "geometry": { "type": "Point", "coordinates": [ 24.9896199, 60.2747139 ] } },
{ "type": "Feature", "properties": { "kind": "leisure=fitness_centre", "name": "Gym Puls och Träning" }, "geometry": { "type": "Point", "coordinates": [ 25.0126109, 60.279883399999989 ] } },
{ "type": "Feature", "properties": { "kind": "amenity=arts_centre", "name": "Kalliolan Settlementti" }, "geometry": { "type": "Point", "coordinates": [ 24.9459614, 60.1883887 ] } },
{ "type": "Feature", "properties": { "kind": "leisure=fitness_centre", "name": "Kuntosali Mäkelänrinne" }, "geometry": { "type": "Point", "coordinates": [ 24.9472852, 60.199770899999983 ] } },
{ "type": "Feature", "properties": { "kind": "amenity=cafe", "name": "Lounaskahvila Uppopulla" }, "geometry": { "type": "Point", "coordinates": [ 24.9474052, 60.1996496 ] } },
{ "type": "Feature", "properties": { "kind": "leisure=fitness_centre", "name": "Elixia" }, "geometry": { "type": "Point", "coordinates": [ 24.9702617, 60.2903826 ] } },
{ "type": "Feature", "properties": { "kind": "amenity=cafe", "name": "Seurasaaren kahvila 52" }, "geometry": { "type": "Point", "coordinates": [ 24.8832372, 60.1813115 ] } },
{ "type": "Feature", "properties": { "kind": "amenity=cafe", "name": "Tiedekahvila" }, "geometry": { "type": "Point", "coordinates": [ 24.9519182, 60.1619775 ] } },
{ "type": "Feature", "properties": { "kind": "amenity=library", "name": "Pointin kirjasto" }, "geometry": { "type": "Point", "coordinates": [ 24.9590102, 60.284773199999989 ] } },
{ "type": "Feature", "properties": { "kind": "amenity=library", "name": "Itäkeskuksen kirjasto" }, "geometry": { "type": "Point", "coordinates": [ 25.0801652, 60.21192760000001 ] } },
{ "type": "Feature", "properties": { "kind": "amenity=cafe", "name": "Fazer Café" }, "geometry": { "type": "Point", "coordinates": [ 24.9382201, 60.1649166 ] } },
{ "type": "Feature", "properties": { "kind": "amenity=social_facility", "name": "Helsingin Vastaanottokeskus" }, "geometry": { "type": "Point", "coordinates": [ 24.9392471, 60.1637943 ] } },
{ "type": "Feature", "properties": { "kind": "leisure=fitness_centre", "name": "Tulijooga" }, "geometry": { "type": "Point", "coordinates": [ 24.9360862, 60.160718 ] } },
{ "type": "Feature", "properties": { "kind": "leisure=fitness_centre", "name": "Nest for Soul" }, "geometry": { "type": "Point", "coordinates": [ 24.9385792, 60.160700899999974 ] } },
{ "type": "Feature", "properties": { "kind": "amenity=cafe", "name": "Kuuma" }, "geometry": { "type": "Point", "coordinates": [ 24.9390733, 60.1600498 ] } },
{ "type": "Feature", "properties": { "kind": "amenity=community_centre", "name": "Helsingin vieraskoti" }, "geometry": { "type": "Point", "coordinates": [ 24.9396837, 60.1596146 ] } },
{ "type": "Feature", "properties": { "kind": "amenity=cafe", "name": "Cafe Daja" }, "geometry": { "type": "Point", "coordinates": [ 24.9393452, 60.1601713 ] } },
{ "type": "Feature", "properties": { "kind": "amenity=cafe", "name": "Sis." }, "geometry": { "type": "Point", "coordinates": [ 24.9342723, 60.1600597 ] } },
{ "type": "Feature", "properties": { "kind": "amenity=community_centre", "name": "" }, "geometry": { "type": "Point", "coordinates": [ 24.9388786, 60.159654 ] } },
{ "type": "Feature", "properties": { "kind": "amenity=cafe", "name": "Eväspiste" }, "geometry": { "type": "Point", "coordinates": [ 24.9407142, 60.1605083 ] } },
{ "type": "Feature", "properties": { "kind": "leisure=fitness_centre", "name": "Elixia" }, "geometry": { "type": "Point", "coordinates": [ 24.9296217, 60.169294799999989 ] } },
{ "type": "Feature", "properties": { "kind": "amenity=community_centre", "name": "Ohjaamo Helsinki" }, "geometry": { "type": "Point", "coordinates": [ 24.9295311, 60.1693593 ] } },
{ "type": "Feature", "properties": { "kind": "amenity=cafe", "name": "M Tea" }, "geometry": { "type": "Point", "coordinates": [ 24.935947, 60.1649214 ] } },
{ "type": "Feature", "properties": { "kind": "leisure=fitness_centre", "name": "Ole.Fit" }, "geometry": { "type": "Point", "coordinates": [ 24.9334703, 60.1670417 ] } },
{ "type": "Feature", "properties": { "kind": "amenity=cafe", "name": "Cafe Tarina" }, "geometry": { "type": "Point", "coordinates": [ 24.8758643, 60.1985805 ] } },
{ "type": "Feature", "properties": { "kind": "leisure=fitness_centre", "name": "Stadi Fit" }, "geometry": { "type": "Point", "coordinates": [ 24.9312186, 60.161550399999975 ] } },
{ "type": "Feature", "properties": { "kind": "amenity=library", "name": "Arcadan kirjasto" }, "geometry": { "type": "Point", "coordinates": [ 24.9657424, 60.201134 ] } },
{ "type": "Feature", "properties": { "kind": "amenity=arts_centre", "name": "Karjalatalo" }, "geometry": { "type": "Point", "coordinates": [ 24.9567793, 60.214942199999989 ] } },
{ "type": "Feature", "properties": { "kind": "amenity=library", "name": "Celia" }, "geometry": { "type": "Point", "coordinates": [ 25.0736332, 60.208143399999983 ] } },
{ "type": "Feature", "properties": { "kind": "amenity=community_centre", "name": "Toimela, Etelä-Helsingin kansalaisopisto" }, "geometry": { "type": "Point", "coordinates": [ 24.9421433, 60.1588332 ] } },
{ "type": "Feature", "properties": { "kind": "amenity=social_facility", "name": "Laupeudentyö" }, "geometry": { "type": "Point", "coordinates": [ 24.9533451, 60.187299799999984 ] } },
{ "type": "Feature", "properties": { "kind": "leisure=sports_centre", "name": "Tikkurilan urheilutalon ampumarata" }, "geometry": { "type": "Point", "coordinates": [ 25.0290036, 60.2992141 ] } },
{ "type": "Feature", "properties": { "kind": "amenity=cafe", "name": "Relove cafe Töölö" }, "geometry": { "type": "Point", "coordinates": [ 24.923071, 60.178732 ] } },
{ "type": "Feature", "properties": { "kind": "amenity=cafe", "name": "Flemari20" }, "geometry": { "type": "Point", "coordinates": [ 24.9528627, 60.1875317 ] } },
{ "type": "Feature", "properties": { "kind": "amenity=community_centre", "name": "Yrittäjätila Helsinki" }, "geometry": { "type": "Point", "coordinates": [ 24.9339437, 60.1688449 ] } },
{ "type": "Feature", "properties": { "kind": "amenity=community_centre", "name": "Avoin olohuone" }, "geometry": { "type": "Point", "coordinates": [ 24.9395952, 60.164790600000018 ] } },
{ "type": "Feature", "properties": { "kind": "amenity=cafe", "name": "Espresso House" }, "geometry": { "type": "Point", "coordinates": [ 24.9455497, 60.1703455 ] } },
{ "type": "Feature", "properties": { "kind": "amenity=cafe", "name": "Fazer Café" }, "geometry": { "type": "Point", "coordinates": [ 24.8047767, 60.175556 ] } },
{ "type": "Feature", "properties": { "kind": "amenity=cafe", "name": "Robert's Coffee" }, "geometry": { "type": "Point", "coordinates": [ 24.8048411, 60.1754826 ] } },
{ "type": "Feature", "properties": { "kind": "amenity=cafe", "name": "Jungle Juice Bar" }, "geometry": { "type": "Point", "coordinates": [ 24.8049684, 60.175812 ] } },
{ "type": "Feature", "properties": { "kind": "amenity=cafe", "name": "Aino" }, "geometry": { "type": "Point", "coordinates": [ 24.8270103, 60.1857416 ] } },
{ "type": "Feature", "properties": { "kind": "amenity=community_centre", "name": "Lymy" }, "geometry": { "type": "Point", "coordinates": [ 24.9559719, 60.1837144 ] } },
{ "type": "Feature", "properties": { "kind": "amenity=cafe", "name": "Espresso House" }, "geometry": { "type": "Point", "coordinates": [ 24.9412643, 60.170266599999984 ] } },
{ "type": "Feature", "properties": { "kind": "amenity=cafe", "name": "Baked by Eli" }, "geometry": { "type": "Point", "coordinates": [ 24.8276678, 60.184711699999987 ] } },
{ "type": "Feature", "properties": { "kind": "amenity=cafe", "name": "Tenhola" }, "geometry": { "type": "Point", "coordinates": [ 24.8324221, 60.1848168 ] } },
{ "type": "Feature", "properties": { "kind": "amenity=cafe", "name": "Cafe Carré" }, "geometry": { "type": "Point", "coordinates": [ 24.8321794, 60.185045 ] } },
{ "type": "Feature", "properties": { "kind": "amenity=cafe", "name": "Flytour Cafe Helsinki" }, "geometry": { "type": "Point", "coordinates": [ 24.9582068, 60.1675735 ] } },
{ "type": "Feature", "properties": { "kind": "amenity=cafe", "name": "Espresso House" }, "geometry": { "type": "Point", "coordinates": [ 24.939509, 60.162692 ] } },
{ "type": "Feature", "properties": { "kind": "leisure=sports_centre", "name": "Tuulimäen väestönsuoja" }, "geometry": { "type": "Point", "coordinates": [ 24.8060944, 60.1737185 ] } },
{ "type": "Feature", "properties": { "kind": "amenity=cafe", "name": "Kahvila Verso" }, "geometry": { "type": "Point", "coordinates": [ 25.0334451, 60.2039117 ] } },
{ "type": "Feature", "properties": { "kind": "amenity=cafe", "name": "Ihana Kahvila Baari" }, "geometry": { "type": "Point", "coordinates": [ 24.948899, 60.1690613 ] } },
{ "type": "Feature", "properties": { "kind": "leisure=fitness_centre", "name": "Fressi" }, "geometry": { "type": "Point", "coordinates": [ 24.8820784, 60.1602714 ] } },
{ "type": "Feature", "properties": { "kind": "leisure=fitness_centre", "name": "Fressi" }, "geometry": { "type": "Point", "coordinates": [ 24.9096268, 60.1920688 ] } },
{ "type": "Feature", "properties": { "kind": "amenity=cafe", "name": "Mate-Rest Cafe" }, "geometry": { "type": "Point", "coordinates": [ 24.9061327, 60.1938776 ] } },
{ "type": "Feature", "properties": { "kind": "leisure=fitness_centre", "name": "ELIXIA Länsiväylä" }, "geometry": { "type": "Point", "coordinates": [ 24.735833, 60.1640215 ] } },
{ "type": "Feature", "properties": { "kind": "leisure=fitness_centre", "name": "Fitness24Seven" }, "geometry": { "type": "Point", "coordinates": [ 25.0876116, 60.2095417 ] } },
{ "type": "Feature", "properties": { "kind": "leisure=fitness_centre", "name": "Tempaus-Areena" }, "geometry": { "type": "Point", "coordinates": [ 24.9526067, 60.1795221 ] } },
{ "type": "Feature", "properties": { "kind": "leisure=fitness_centre", "name": "StepUp Espoo" }, "geometry": { "type": "Point", "coordinates": [ 24.7362989, 60.163983199999983 ] } },
{ "type": "Feature", "properties": { "kind": "amenity=cafe", "name": "Kahvila Lähde" }, "geometry": { "type": "Point", "coordinates": [ 24.9129, 60.1675 ] } },
{ "type": "Feature", "properties": { "kind": "amenity=cafe", "name": "Sokerileipuri Alenius" }, "geometry": { "type": "Point", "coordinates": [ 24.9497901, 60.156114 ] } },
{ "type": "Feature", "properties": { "kind": "amenity=community_centre", "name": "Gräsan kädentaitojen keskus" }, "geometry": { "type": "Point", "coordinates": [ 24.7575764, 60.1734258 ] } },
{ "type": "Feature", "properties": { "kind": "amenity=cafe", "name": "Think Corner" }, "geometry": { "type": "Point", "coordinates": [ 24.9486218, 60.1697307 ] } },
{ "type": "Feature", "properties": { "kind": "leisure=fitness_centre", "name": "Kuntoklubi Lassila" }, "geometry": { "type": "Point", "coordinates": [ 24.8830995, 60.2312785 ] } },
{ "type": "Feature", "properties": { "kind": "leisure=fitness_centre", "name": "Ladyt Kuntokeskus" }, "geometry": { "type": "Point", "coordinates": [ 24.8756894, 60.2382646 ] } },
{ "type": "Feature", "properties": { "kind": "amenity=cafe", "name": "Hav a Java" }, "geometry": { "type": "Point", "coordinates": [ 24.8305884, 60.189028499999985 ] } },
{ "type": "Feature", "properties": { "kind": "leisure=fitness_centre", "name": "Fit Viherlaakso" }, "geometry": { "type": "Point", "coordinates": [ 24.7415087, 60.2270652 ] } },
{ "type": "Feature", "properties": { "kind": "amenity=arts_centre", "name": "Vapaan Taiteen Tila" }, "geometry": { "type": "Point", "coordinates": [ 24.9635777, 60.1872424 ] } },
{ "type": "Feature", "properties": { "kind": "leisure=sports_centre", "name": "Solvalla" }, "geometry": { "type": "Point", "coordinates": [ 24.5673743, 60.2889232 ] } },
{ "type": "Feature", "properties": { "kind": "amenity=cafe", "name": "Noah Cafe" }, "geometry": { "type": "Point", "coordinates": [ 24.9584184, 60.183548 ] } },
{ "type": "Feature", "properties": { "kind": "amenity=cafe", "name": "Café Metro" }, "geometry": { "type": "Point", "coordinates": [ 24.9474229, 60.1718542 ] } },
{ "type": "Feature", "properties": { "kind": "leisure=sports_centre", "name": "UniSport, Kluuvi" }, "geometry": { "type": "Point", "coordinates": [ 24.9489473, 60.1697206 ] } },
{ "type": "Feature", "properties": { "kind": "amenity=library", "name": "Diakonia-ammattikorkeakoulun kirjasto" }, "geometry": { "type": "Point", "coordinates": [ 24.9687552, 60.1992455 ] } },
{ "type": "Feature", "properties": { "kind": "leisure=sports_centre", "name": "Boulderkeskus Espoo" }, "geometry": { "type": "Point", "coordinates": [ 24.7018803, 60.1664675 ] } },
{ "type": "Feature", "properties": { "kind": "amenity=community_centre", "name": "Oulunkylän nuorisotalo" }, "geometry": { "type": "Point", "coordinates": [ 24.9632318, 60.2277492 ] } },
{ "type": "Feature", "properties": { "kind": "amenity=cafe", "name": "Espresso House" }, "geometry": { "type": "Point", "coordinates": [ 24.9415295, 60.1701594 ] } },
{ "type": "Feature", "properties": { "kind": "amenity=cafe", "name": "Espresso House" }, "geometry": { "type": "Point", "coordinates": [ 24.9322823, 60.1687816 ] } },
{ "type": "Feature", "properties": { "kind": "amenity=community_centre", "name": "Kuparitupa" }, "geometry": { "type": "Point", "coordinates": [ 24.8623115, 60.246733199999987 ] } },
{ "type": "Feature", "properties": { "kind": "amenity=community_centre", "name": "OK 77:n seuramaja" }, "geometry": { "type": "Point", "coordinates": [ 24.5536882, 60.313641599999983 ] } },
{ "type": "Feature", "properties": { "kind": "amenity=community_centre", "name": "Coworking Myyr York" }, "geometry": { "type": "Point", "coordinates": [ 24.855581, 60.261878 ] } },
{ "type": "Feature", "properties": { "kind": "amenity=community_centre", "name": "Toimintakeskus Jenny, Nuorten tila" }, "geometry": { "type": "Point", "coordinates": [ 24.867865, 60.2457956 ] } },
{ "type": "Feature", "properties": { "kind": "amenity=community_centre", "name": "Toimintakeskus Jenny" }, "geometry": { "type": "Point", "coordinates": [ 24.8679398, 60.2455328 ] } },
{ "type": "Feature", "properties": { "kind": "amenity=cafe", "name": "La Torrefazione" }, "geometry": { "type": "Point", "coordinates": [ 24.9361066, 60.1705766 ] } },
{ "type": "Feature", "properties": { "kind": "amenity=cafe", "name": "Cafe Avella" }, "geometry": { "type": "Point", "coordinates": [ 24.9230629, 60.1848354 ] } },
{ "type": "Feature", "properties": { "kind": "amenity=social_facility", "name": "Kehitysvammapoliklinikka" }, "geometry": { "type": "Point", "coordinates": [ 24.9482739, 60.2036169 ] } },
{ "type": "Feature", "properties": { "kind": "amenity=social_facility", "name": "Sofianlehdon toimintakeskus" }, "geometry": { "type": "Point", "coordinates": [ 24.9477783, 60.2036959 ] } },
{ "type": "Feature", "properties": { "kind": "amenity=cafe", "name": "Robert's Coffee" }, "geometry": { "type": "Point", "coordinates": [ 24.8914314, 60.236936799999988 ] } },
{ "type": "Feature", "properties": { "kind": "amenity=cafe", "name": "Ciao! Caffé" }, "geometry": { "type": "Point", "coordinates": [ 24.965471, 60.2904821 ] } },
{ "type": "Feature", "properties": { "kind": "amenity=cafe", "name": "Picnic" }, "geometry": { "type": "Point", "coordinates": [ 24.9647807, 60.290985299999988 ] } },
{ "type": "Feature", "properties": { "kind": "amenity=cafe", "name": "Coffee House" }, "geometry": { "type": "Point", "coordinates": [ 24.9667045, 60.291014599999968 ] } },
{ "type": "Feature", "properties": { "kind": "amenity=cafe", "name": "Arnolds" }, "geometry": { "type": "Point", "coordinates": [ 24.9649138, 60.2921182 ] } },
{ "type": "Feature", "properties": { "kind": "amenity=cafe", "name": "Robert's Coffee" }, "geometry": { "type": "Point", "coordinates": [ 24.9648568, 60.2921893 ] } },
{ "type": "Feature", "properties": { "kind": "amenity=cafe", "name": "Espresso House" }, "geometry": { "type": "Point", "coordinates": [ 24.9649144, 60.2921476 ] } },
{ "type": "Feature", "properties": { "kind": "amenity=social_facility", "name": "Poikien talo @Toimintakeskus Happi" }, "geometry": { "type": "Point", "coordinates": [ 24.9590385, 60.1834249 ] } },
{ "type": "Feature", "properties": { "kind": "amenity=cafe", "name": "Green Hippo Cafe" }, "geometry": { "type": "Point", "coordinates": [ 24.9400303, 60.1616392 ] } },
{ "type": "Feature", "properties": { "kind": "leisure=fitness_centre", "name": "Lakshmi Yoga Club" }, "geometry": { "type": "Point", "coordinates": [ 24.9632715, 60.199636 ] } },
{ "type": "Feature", "properties": { "kind": "leisure=sports_centre", "name": "OSUVA Tähtitorninmäki" }, "geometry": { "type": "Point", "coordinates": [ 24.9501045, 60.1628115 ] } },
{ "type": "Feature", "properties": { "kind": "leisure=sports_centre", "name": "HAC Training Center" }, "geometry": { "type": "Point", "coordinates": [ 24.8455905, 60.2409373 ] } },
{ "type": "Feature", "properties": { "kind": "leisure=fitness_centre", "name": "Punttisali.com" }, "geometry": { "type": "Point", "coordinates": [ 24.844768, 60.241155299999974 ] } },
{ "type": "Feature", "properties": { "kind": "leisure=fitness_centre", "name": "Mountain Pose" }, "geometry": { "type": "Point", "coordinates": [ 25.0545756, 60.2042511 ] } },
{ "type": "Feature", "properties": { "kind": "amenity=cafe", "name": "Espresso House" }, "geometry": { "type": "Point", "coordinates": [ 24.8260562, 60.184677899999976 ] } },
{ "type": "Feature", "properties": { "kind": "amenity=cafe", "name": "Cafetoria" }, "geometry": { "type": "Point", "coordinates": [ 24.8253912, 60.1851901 ] } },
{ "type": "Feature", "properties": { "kind": "leisure=sports_centre", "name": "Kuntojana Liikuntastudio" }, "geometry": { "type": "Point", "coordinates": [ 24.8826188, 60.230678499999989 ] } },
{ "type": "Feature", "properties": { "kind": "leisure=fitness_centre", "name": "Fitness24Seven" }, "geometry": { "type": "Point", "coordinates": [ 25.043574, 60.292005799999984 ] } },
{ "type": "Feature", "properties": { "kind": "amenity=cafe", "name": "Makiata" }, "geometry": { "type": "Point", "coordinates": [ 24.8943958, 60.225754599999988 ] } },
{ "type": "Feature", "properties": { "kind": "amenity=cafe", "name": "Café Cucca" }, "geometry": { "type": "Point", "coordinates": [ 24.948803, 60.18242 ] } },
{ "type": "Feature", "properties": { "kind": "amenity=cafe", "name": "Cafe Silo" }, "geometry": { "type": "Point", "coordinates": [ 24.9845785, 60.1483838 ] } },
{ "type": "Feature", "properties": { "kind": "amenity=cafe", "name": "Story" }, "geometry": { "type": "Point", "coordinates": [ 24.9527558, 60.1660394 ] } },
{ "type": "Feature", "properties": { "kind": "amenity=community_centre", "name": "Helsingin työväenopisto" }, "geometry": { "type": "Point", "coordinates": [ 25.0361027, 60.1947252 ] } },
{ "type": "Feature", "properties": { "kind": "leisure=fitness_centre", "name": "Hypoxi Herttoniemi" }, "geometry": { "type": "Point", "coordinates": [ 25.0276651, 60.194786 ] } },
{ "type": "Feature", "properties": { "kind": "amenity=community_centre", "name": "Herttoniemen Hylkeet - talvi-uintia" }, "geometry": { "type": "Point", "coordinates": [ 25.0402109, 60.1858304 ] } },
{ "type": "Feature", "properties": { "kind": "leisure=sauna", "name": "Lapinlahden Sauna" }, "geometry": { "type": "Point", "coordinates": [ 24.912706, 60.168217499999969 ] } },
{ "type": "Feature", "properties": { "kind": "amenity=cafe", "name": "Espresso House" }, "geometry": { "type": "Point", "coordinates": [ 24.8907992, 60.2367279 ] } },
{ "type": "Feature", "properties": { "kind": "leisure=fitness_centre", "name": "Fit Malminkartano" }, "geometry": { "type": "Point", "coordinates": [ 24.8620145, 60.2473557 ] } },
{ "type": "Feature", "properties": { "kind": "amenity=cafe", "name": "Asukastalo Renki" }, "geometry": { "type": "Point", "coordinates": [ 24.8578165, 60.2442501 ] } },
{ "type": "Feature", "properties": { "kind": "leisure=fitness_centre", "name": "Liikku Kuntokeskus" }, "geometry": { "type": "Point", "coordinates": [ 24.8254895, 60.184813 ] } },
{ "type": "Feature", "properties": { "kind": "amenity=cafe", "name": "Fazer Café 8th Floor" }, "geometry": { "type": "Point", "coordinates": [ 24.942269, 60.1684486 ] } },
{ "type": "Feature", "properties": { "kind": "amenity=cafe", "name": "Robert's Coffee Netcup" }, "geometry": { "type": "Point", "coordinates": [ 24.9416334, 60.1686586 ] } },
{ "type": "Feature", "properties": { "kind": "amenity=cafe", "name": "Robert’s Coffee Bubbles & Bites" }, "geometry": { "type": "Point", "coordinates": [ 24.9424637, 60.1683411 ] } },
{ "type": "Feature", "properties": { "kind": "amenity=cafe", "name": "Joe & The Juice" }, "geometry": { "type": "Point", "coordinates": [ 24.9425683, 60.168352599999984 ] } },
{ "type": "Feature", "properties": { "kind": "leisure=fitness_centre", "name": "CrossFit" }, "geometry": { "type": "Point", "coordinates": [ 24.856856, 60.238796799999974 ] } },
{ "type": "Feature", "properties": { "kind": "leisure=sports_centre", "name": "Irti Maasta" }, "geometry": { "type": "Point", "coordinates": [ 24.978406, 60.186532 ] } },
{ "type": "Feature", "properties": { "kind": "leisure=fitness_centre", "name": "Elixia" }, "geometry": { "type": "Point", "coordinates": [ 24.9802418, 60.1874094 ] } },
{ "type": "Feature", "properties": { "kind": "leisure=sports_centre", "name": "Yoga Valo" }, "geometry": { "type": "Point", "coordinates": [ 24.9788997, 60.1875619 ] } },
{ "type": "Feature", "properties": { "kind": "amenity=community_centre", "name": "Kalasatama Vapaakaupunki Olohuone" }, "geometry": { "type": "Point", "coordinates": [ 24.9781901, 60.187544699999989 ] } },
{ "type": "Feature", "properties": { "kind": "amenity=cafe", "name": "Espresso House" }, "geometry": { "type": "Point", "coordinates": [ 24.9794225, 60.187247199999987 ] } },
{ "type": "Feature", "properties": { "kind": "amenity=cafe", "name": "Arnolds" }, "geometry": { "type": "Point", "coordinates": [ 24.9786043, 60.187319399999986 ] } },
{ "type": "Feature", "properties": { "kind": "leisure=sports_centre", "name": "KiipeilyAreena Kalasatama" }, "geometry": { "type": "Point", "coordinates": [ 24.9783567, 60.1862665 ] } },
{ "type": "Feature", "properties": { "kind": "leisure=sports_centre", "name": "Fööni" }, "geometry": { "type": "Point", "coordinates": [ 24.9780554, 60.1877422 ] } },
{ "type": "Feature", "properties": { "kind": "amenity=cafe", "name": "Deli Kahvibaari" }, "geometry": { "type": "Point", "coordinates": [ 24.9666452, 60.291393099999986 ] } },
{ "type": "Feature", "properties": { "kind": "amenity=cafe", "name": "Market Kitchen" }, "geometry": { "type": "Point", "coordinates": [ 24.9667069, 60.2908401 ] } },
{ "type": "Feature", "properties": { "kind": "leisure=sports_centre", "name": "Megazone" }, "geometry": { "type": "Point", "coordinates": [ 24.9690646, 60.2902705 ] } },
{ "type": "Feature", "properties": { "kind": "amenity=cafe", "name": "Spa Cafe" }, "geometry": { "type": "Point", "coordinates": [ 24.9685711, 60.290368200000017 ] } },
{ "type": "Feature", "properties": { "kind": "amenity=cafe", "name": "Espresso House" }, "geometry": { "type": "Point", "coordinates": [ 24.9686274, 60.2908933 ] } },
{ "type": "Feature", "properties": { "kind": "amenity=cafe", "name": "Deliberi" }, "geometry": { "type": "Point", "coordinates": [ 24.9697754, 60.2903536 ] } },
{ "type": "Feature", "properties": { "kind": "amenity=cafe", "name": "Way Bakery" }, "geometry": { "type": "Point", "coordinates": [ 24.9535671, 60.1843823 ] } },
{ "type": "Feature", "properties": { "kind": "leisure=fitness_centre", "name": "EasyFit" }, "geometry": { "type": "Point", "coordinates": [ 24.8922162, 60.2373129 ] } },
{ "type": "Feature", "properties": { "kind": "amenity=cafe", "name": "Arnolds" }, "geometry": { "type": "Point", "coordinates": [ 24.8910838, 60.2368393 ] } },
{ "type": "Feature", "properties": { "kind": "amenity=cafe", "name": "Momochi" }, "geometry": { "type": "Point", "coordinates": [ 24.8121519, 60.2180999 ] } },
{ "type": "Feature", "properties": { "kind": "amenity=cafe", "name": "Seastea" }, "geometry": { "type": "Point", "coordinates": [ 24.8109521, 60.218006699999982 ] } },
{ "type": "Feature", "properties": { "kind": "amenity=cafe", "name": "Espresso House" }, "geometry": { "type": "Point", "coordinates": [ 24.812756, 60.218232699999987 ] } },
{ "type": "Feature", "properties": { "kind": "leisure=fitness_centre", "name": "Elixia" }, "geometry": { "type": "Point", "coordinates": [ 24.8105565, 60.21839030000001 ] } },
{ "type": "Feature", "properties": { "kind": "amenity=cafe", "name": "Arnolds" }, "geometry": { "type": "Point", "coordinates": [ 24.8109581, 60.2180791 ] } },
{ "type": "Feature", "properties": { "kind": "leisure=fitness_centre", "name": "Rebel Lifters" }, "geometry": { "type": "Point", "coordinates": [ 24.9376771, 60.2191923 ] } },
{ "type": "Feature", "properties": { "kind": "amenity=cafe", "name": "Fazer Cafe Töölö" }, "geometry": { "type": "Point", "coordinates": [ 24.9185251, 60.183570199999984 ] } },
{ "type": "Feature", "properties": { "kind": "amenity=cafe", "name": "Waffle Cafe" }, "geometry": { "type": "Point", "coordinates": [ 25.0818932, 60.211186699999985 ] } },
{ "type": "Feature", "properties": { "kind": "amenity=cafe", "name": "Zhao Tea" }, "geometry": { "type": "Point", "coordinates": [ 25.0796177, 60.2104347 ] } },
{ "type": "Feature", "properties": { "kind": "amenity=cafe", "name": "Espresso House" }, "geometry": { "type": "Point", "coordinates": [ 25.0833451, 60.212382800000022 ] } },
{ "type": "Feature", "properties": { "kind": "leisure=fitness_centre", "name": "Elixia" }, "geometry": { "type": "Point", "coordinates": [ 25.0803103, 60.2106874 ] } },
{ "type": "Feature", "properties": { "kind": "amenity=cafe", "name": "Ciao! Caffé" }, "geometry": { "type": "Point", "coordinates": [ 24.9685355, 60.2030137 ] } },
{ "type": "Feature", "properties": { "kind": "amenity=community_centre", "name": "Helsingfors KFUK/M Scouter" }, "geometry": { "type": "Point", "coordinates": [ 24.8689287, 60.2524376 ] } },
{ "type": "Feature", "properties": { "kind": "amenity=cafe", "name": "Kahvila Oodi" }, "geometry": { "type": "Point", "coordinates": [ 24.9379283, 60.1738133 ] } },
{ "type": "Feature", "properties": { "kind": "amenity=cafe", "name": "Picnic" }, "geometry": { "type": "Point", "coordinates": [ 24.9378579, 60.168872299999983 ] } },
{ "type": "Feature", "properties": { "kind": "amenity=cafe", "name": "Joe & The Juice" }, "geometry": { "type": "Point", "coordinates": [ 24.9382169, 60.1690332 ] } },
{ "type": "Feature", "properties": { "kind": "amenity=community_centre", "name": "LillaLuckan" }, "geometry": { "type": "Point", "coordinates": [ 24.9370402, 60.168981099999989 ] } },
{ "type": "Feature", "properties": { "kind": "amenity=cafe", "name": "Fazer Café" }, "geometry": { "type": "Point", "coordinates": [ 24.9377774, 60.1691794 ] } },
{ "type": "Feature", "properties": { "kind": "amenity=cafe", "name": "Espresso House" }, "geometry": { "type": "Point", "coordinates": [ 24.9380468, 60.1686976 ] } },
{ "type": "Feature", "properties": { "kind": "amenity=cafe", "name": "Arnolds" }, "geometry": { "type": "Point", "coordinates": [ 24.9383015, 60.16876 ] } },
{ "type": "Feature", "properties": { "kind": "leisure=fitness_centre", "name": "EasyFit" }, "geometry": { "type": "Point", "coordinates": [ 25.048188, 60.2039134 ] } },
{ "type": "Feature", "properties": { "kind": "leisure=sports_centre", "name": "Boulderkeskus Herttoniemi" }, "geometry": { "type": "Point", "coordinates": [ 25.0478039, 60.2038115 ] } },
{ "type": "Feature", "properties": { "kind": "leisure=sports_centre", "name": "Prime Fighters" }, "geometry": { "type": "Point", "coordinates": [ 25.0480885, 60.203838 ] } },
{ "type": "Feature", "properties": { "kind": "leisure=sports_centre", "name": "UniSport, Meilahti" }, "geometry": { "type": "Point", "coordinates": [ 24.8971492, 60.1900894 ] } },
{ "type": "Feature", "properties": { "kind": "leisure=sports_centre", "name": "UniSport" }, "geometry": { "type": "Point", "coordinates": [ 24.9620573, 60.205687 ] } },
{ "type": "Feature", "properties": { "kind": "leisure=fitness_centre", "name": "Elixia Ruoholahti" }, "geometry": { "type": "Point", "coordinates": [ 24.9097242, 60.1635042 ] } },
{ "type": "Feature", "properties": { "kind": "leisure=sauna", "name": "Uusi Sauna" }, "geometry": { "type": "Point", "coordinates": [ 24.918119, 60.1593559 ] } },
{ "type": "Feature", "properties": { "kind": "amenity=community_centre", "name": "Kolohongan nuorisotila" }, "geometry": { "type": "Point", "coordinates": [ 25.1040732, 60.297965 ] } },
{ "type": "Feature", "properties": { "kind": "amenity=cafe", "name": "Philosophy's Creperie" }, "geometry": { "type": "Point", "coordinates": [ 24.9179179, 60.1883083 ] } },
{ "type": "Feature", "properties": { "kind": "amenity=cafe", "name": "Café Kasarmi" }, "geometry": { "type": "Point", "coordinates": [ 24.9162657, 60.1766753 ] } },
{ "type": "Feature", "properties": { "kind": "amenity=cafe", "name": "Kahvila Puhuri" }, "geometry": { "type": "Point", "coordinates": [ 24.8792124, 60.1596324 ] } },
{ "type": "Feature", "properties": { "kind": "amenity=cafe", "name": "" }, "geometry": { "type": "Point", "coordinates": [ 24.7027306, 60.221563 ] } },
{ "type": "Feature", "properties": { "kind": "leisure=sauna", "name": "Sauna (Talviuinti- Smark)" }, "geometry": { "type": "Point", "coordinates": [ 24.9122516, 60.1791185 ] } },
{ "type": "Feature", "properties": { "kind": "leisure=fitness_centre", "name": "Fressi Leppävaara" }, "geometry": { "type": "Point", "coordinates": [ 24.8185193, 60.216976 ] } },
{ "type": "Feature", "properties": { "kind": "leisure=fitness_centre", "name": "Kuntosali Forever Myllypuro" }, "geometry": { "type": "Point", "coordinates": [ 25.0797274, 60.2207402 ] } },
{ "type": "Feature", "properties": { "kind": "amenity=cafe", "name": "Espoon Akilleksen kahvila" }, "geometry": { "type": "Point", "coordinates": [ 24.6961961, 60.1765037 ] } },
{ "type": "Feature", "properties": { "kind": "amenity=community_centre", "name": "Pitäjänmäen nuorisotalo" }, "geometry": { "type": "Point", "coordinates": [ 24.8599402, 60.2260562 ] } },
{ "type": "Feature", "properties": { "kind": "amenity=cafe", "name": "Fazer Café" }, "geometry": { "type": "Point", "coordinates": [ 24.9417617, 60.1696963 ] } },
{ "type": "Feature", "properties": { "kind": "leisure=fitness_centre", "name": "Elixia" }, "geometry": { "type": "Point", "coordinates": [ 24.9412584, 60.17013570000001 ] } },
{ "type": "Feature", "properties": { "kind": "amenity=cafe", "name": "Dreams Cafe" }, "geometry": { "type": "Point", "coordinates": [ 24.757008, 60.22377680000001 ] } },
{ "type": "Feature", "properties": { "kind": "leisure=sports_centre", "name": "Let's Padel" }, "geometry": { "type": "Point", "coordinates": [ 25.0848743, 60.2792532 ] } },
{ "type": "Feature", "properties": { "kind": "leisure=sports_centre", "name": "Padel Club Finland" }, "geometry": { "type": "Point", "coordinates": [ 24.7503358, 60.211104899999988 ] } },
{ "type": "Feature", "properties": { "kind": "leisure=fitness_centre", "name": "Become" }, "geometry": { "type": "Point", "coordinates": [ 24.6360086, 60.1541162 ] } },
{ "type": "Feature", "properties": { "kind": "leisure=sports_centre", "name": "Kallion uimahalli" }, "geometry": { "type": "Point", "coordinates": [ 24.9472531, 60.18682 ] } },
{ "type": "Feature", "properties": { "kind": "amenity=cafe", "name": "Otavan Kirjakahvila" }, "geometry": { "type": "Point", "coordinates": [ 24.9413802, 60.1645473 ] } },
{ "type": "Feature", "properties": { "kind": "amenity=cafe", "name": "Heavenly Scent Kellarikahvila" }, "geometry": { "type": "Point", "coordinates": [ 24.8670513, 60.2254806 ] } },
{ "type": "Feature", "properties": { "kind": "amenity=library", "name": "Pitäjänmäen kirjasto" }, "geometry": { "type": "Point", "coordinates": [ 24.860429, 60.2261165 ] } },
{ "type": "Feature", "properties": { "kind": "amenity=cafe", "name": "Bistro Bron" }, "geometry": { "type": "Point", "coordinates": [ 24.983262, 60.176825099999988 ] } },
{ "type": "Feature", "properties": { "kind": "amenity=community_centre", "name": "Torpparinmäen nuorisotalo" }, "geometry": { "type": "Point", "coordinates": [ 24.9508333, 60.2634524 ] } },
{ "type": "Feature", "properties": { "kind": "leisure=sports_centre", "name": "Arcadahallen" }, "geometry": { "type": "Point", "coordinates": [ 24.9684122, 60.1998472 ] } },
{ "type": "Feature", "properties": { "kind": "amenity=arts_centre", "name": "Oranssi" }, "geometry": { "type": "Point", "coordinates": [ 24.9733231, 60.1859075 ] } },
{ "type": "Feature", "properties": { "kind": "leisure=sports_centre", "name": "Biitsi Salmisaari" }, "geometry": { "type": "Point", "coordinates": [ 24.9036455, 60.1659502 ] } },
{ "type": "Feature", "properties": { "kind": "amenity=cafe", "name": "Torikahvio" }, "geometry": { "type": "Point", "coordinates": [ 24.8049852, 60.1771595 ] } },
{ "type": "Feature", "properties": { "kind": "leisure=fitness_centre", "name": "FitVantaa" }, "geometry": { "type": "Point", "coordinates": [ 24.9747957, 60.274700499999987 ] } },
{ "type": "Feature", "properties": { "kind": "leisure=fitness_centre", "name": "Pirkkolan liikuntapuisto / Uimahallin kuntosali" }, "geometry": { "type": "Point", "coordinates": [ 24.9122046, 60.2324025 ] } },
{ "type": "Feature", "properties": { "kind": "leisure=sports_centre", "name": "Pirkkolan palloiluhalli" }, "geometry": { "type": "Point", "coordinates": [ 24.91066, 60.232076299999989 ] } },
{ "type": "Feature", "properties": { "kind": "amenity=cafe", "name": "Café Boardgame" }, "geometry": { "type": "Point", "coordinates": [ 24.9348205, 60.1667119 ] } },
{ "type": "Feature", "properties": { "kind": "leisure=fitness_centre", "name": "Töölö Gym" }, "geometry": { "type": "Point", "coordinates": [ 24.9246933, 60.1775003 ] } },
{ "type": "Feature", "properties": { "kind": "amenity=cafe", "name": "Kahvila Hile" }, "geometry": { "type": "Point", "coordinates": [ 24.8056209, 60.1773921 ] } },
{ "type": "Feature", "properties": { "kind": "amenity=community_centre", "name": "Asukastalo Kylämaja" }, "geometry": { "type": "Point", "coordinates": [ 24.7406421, 60.158319899999988 ] } },
{ "type": "Feature", "properties": { "kind": "amenity=cafe", "name": "Café Meli" }, "geometry": { "type": "Point", "coordinates": [ 24.956607, 60.187455900000018 ] } },
{ "type": "Feature", "properties": { "kind": "leisure=sauna", "name": "" }, "geometry": { "type": "Point", "coordinates": [ 24.9171388, 60.255552299999984 ] } },
{ "type": "Feature", "properties": { "kind": "amenity=cafe", "name": "RAMS ROASTERS" }, "geometry": { "type": "Point", "coordinates": [ 24.9490741, 60.1580911 ] } },
{ "type": "Feature", "properties": { "kind": "leisure=fitness_centre", "name": "JES! Training Center" }, "geometry": { "type": "Point", "coordinates": [ 24.8025647, 60.177124 ] } },
{ "type": "Feature", "properties": { "kind": "amenity=community_centre", "name": "Tapiolan palvelukeskus" }, "geometry": { "type": "Point", "coordinates": [ 24.8013376, 60.1751697 ] } },
{ "type": "Feature", "properties": { "kind": "leisure=sauna", "name": "SaunatFI Tapiola" }, "geometry": { "type": "Point", "coordinates": [ 24.801963, 60.1749799 ] } },
{ "type": "Feature", "properties": { "kind": "amenity=social_facility", "name": "SPR Nuorten Turvatalo Vantaa" }, "geometry": { "type": "Point", "coordinates": [ 25.0621695, 60.3333243 ] } },
{ "type": "Feature", "properties": { "kind": "amenity=cafe", "name": "Cafe Pacifico" }, "geometry": { "type": "Point", "coordinates": [ 24.9358578, 60.1666888 ] } },
{ "type": "Feature", "properties": { "kind": "amenity=cafe", "name": "Villa Solvalla" }, "geometry": { "type": "Point", "coordinates": [ 24.5574273, 60.2927306 ] } },
{ "type": "Feature", "properties": { "kind": "leisure=sports_centre", "name": "Padel Club Finland" }, "geometry": { "type": "Point", "coordinates": [ 24.7029638, 60.1667009 ] } },
{ "type": "Feature", "properties": { "kind": "leisure=fitness_centre", "name": "Vallilan Holvi" }, "geometry": { "type": "Point", "coordinates": [ 24.9553328, 60.1969408 ] } },
{ "type": "Feature", "properties": { "kind": "amenity=arts_centre", "name": "Auttamo" }, "geometry": { "type": "Point", "coordinates": [ 24.9449951, 60.1878321 ] } },
{ "type": "Feature", "properties": { "kind": "amenity=cafe", "name": "Mimin herkut" }, "geometry": { "type": "Point", "coordinates": [ 24.9597574, 60.1874129 ] } },
{ "type": "Feature", "properties": { "kind": "leisure=fitness_centre", "name": "Fitness24Seven" }, "geometry": { "type": "Point", "coordinates": [ 24.8688164, 60.2173485 ] } },
{ "type": "Feature", "properties": { "kind": "amenity=social_facility", "name": "Sökös ungdomslokal" }, "geometry": { "type": "Point", "coordinates": [ 24.6690026, 60.141810499999984 ] } },
{ "type": "Feature", "properties": { "kind": "amenity=cafe", "name": "Buenos Aires Cafe/Bar" }, "geometry": { "type": "Point", "coordinates": [ 24.932312, 60.166064 ] } },
{ "type": "Feature", "properties": { "kind": "amenity=cafe", "name": "Espresso House" }, "geometry": { "type": "Point", "coordinates": [ 24.8038143, 60.1746835 ] } },
{ "type": "Feature", "properties": { "kind": "leisure=fitness_centre", "name": "ELIXIA Tapiola" }, "geometry": { "type": "Point", "coordinates": [ 24.8041362, 60.1748603 ] } },
{ "type": "Feature", "properties": { "kind": "amenity=cafe", "name": "Bär Bar" }, "geometry": { "type": "Point", "coordinates": [ 24.9333005, 60.1986284 ] } },
{ "type": "Feature", "properties": { "kind": "amenity=cafe", "name": "Roots Helsinki Vallila" }, "geometry": { "type": "Point", "coordinates": [ 24.960774, 60.1955427 ] } },
{ "type": "Feature", "properties": { "kind": "amenity=cafe", "name": "Gateau" }, "geometry": { "type": "Point", "coordinates": [ 24.933287, 60.1988535 ] } },
{ "type": "Feature", "properties": { "kind": "amenity=cafe", "name": "Fazer Café" }, "geometry": { "type": "Point", "coordinates": [ 24.9300679, 60.198286799999984 ] } },
{ "type": "Feature", "properties": { "kind": "leisure=fitness_centre", "name": "CrossFit" }, "geometry": { "type": "Point", "coordinates": [ 24.9928562, 60.2217771 ] } },
{ "type": "Feature", "properties": { "kind": "amenity=cafe", "name": "Arnolds" }, "geometry": { "type": "Point", "coordinates": [ 24.9323079, 60.1987233 ] } },
{ "type": "Feature", "properties": { "kind": "amenity=cafe", "name": "SIS. Deli+Café" }, "geometry": { "type": "Point", "coordinates": [ 24.9323781, 60.1985931 ] } },
{ "type": "Feature", "properties": { "kind": "amenity=community_centre", "name": "Stadin yhteisötalo Kontula" }, "geometry": { "type": "Point", "coordinates": [ 25.0847118, 60.2365398 ] } },
{ "type": "Feature", "properties": { "kind": "amenity=community_centre", "name": "Sode" }, "geometry": { "type": "Point", "coordinates": [ 24.6722669, 60.1420988 ] } },
{ "type": "Feature", "properties": { "kind": "amenity=community_centre", "name": "Soukan nuorisotila" }, "geometry": { "type": "Point", "coordinates": [ 24.6720279, 60.1420615 ] } },
{ "type": "Feature", "properties": { "kind": "leisure=sports_centre", "name": "Erkkeri-halli" }, "geometry": { "type": "Point", "coordinates": [ 24.8773602, 60.1558209 ] } },
{ "type": "Feature", "properties": { "kind": "leisure=sports_centre", "name": "Malminkartanon ala-asteen koulu / Liikuntasali" }, "geometry": { "type": "Point", "coordinates": [ 24.8606786, 60.246232199999987 ] } },
{ "type": "Feature", "properties": { "kind": "amenity=arts_centre", "name": "Tiivistämö" }, "geometry": { "type": "Point", "coordinates": [ 24.9731241, 60.186967299999985 ] } },
{ "type": "Feature", "properties": { "kind": "amenity=social_facility", "name": "Nuorisokoti Maininki" }, "geometry": { "type": "Point", "coordinates": [ 24.8656052, 60.2550656 ] } },
{ "type": "Feature", "properties": { "kind": "leisure=fitness_centre", "name": "Esport Express Mankkaa" }, "geometry": { "type": "Point", "coordinates": [ 24.7670545, 60.2055212 ] } },
{ "type": "Feature", "properties": { "kind": "amenity=cafe", "name": "Merinta Kotileipomo Oy" }, "geometry": { "type": "Point", "coordinates": [ 25.0801663, 60.3413197 ] } },
{ "type": "Feature", "properties": { "kind": "amenity=cafe", "name": "Bonbon Coffee" }, "geometry": { "type": "Point", "coordinates": [ 24.916323, 60.1848038 ] } },
{ "type": "Feature", "properties": { "kind": "amenity=community_centre", "name": "Perhekeskus Maria" }, "geometry": { "type": "Point", "coordinates": [ 24.86827, 60.2469701 ] } },
{ "type": "Feature", "properties": { "kind": "amenity=cafe", "name": "La Torrefazione" }, "geometry": { "type": "Point", "coordinates": [ 24.9332928, 60.1696278 ] } },
{ "type": "Feature", "properties": { "kind": "amenity=cafe", "name": "Café Saurahuone" }, "geometry": { "type": "Point", "coordinates": [ 24.9540099, 60.216483499999981 ] } },
{ "type": "Feature", "properties": { "kind": "amenity=cafe", "name": "Victoria Patisserie Jätkäsaari" }, "geometry": { "type": "Point", "coordinates": [ 24.915383, 60.1587094 ] } },
{ "type": "Feature", "properties": { "kind": "amenity=cafe", "name": "Lofi Tea" }, "geometry": { "type": "Point", "coordinates": [ 24.9514399, 60.1666968 ] } },
{ "type": "Feature", "properties": { "kind": "amenity=cafe", "name": "Café Linkosuo Esplanadi" }, "geometry": { "type": "Point", "coordinates": [ 24.9492025, 60.1670974 ] } },
{ "type": "Feature", "properties": { "kind": "leisure=fitness_centre", "name": "Vantaa Gym Club" }, "geometry": { "type": "Point", "coordinates": [ 25.0619774, 60.317526 ] } },
{ "type": "Feature", "properties": { "kind": "leisure=fitness_centre", "name": "Bodimimmit" }, "geometry": { "type": "Point", "coordinates": [ 25.1166745, 60.2372104 ] } },
{ "type": "Feature", "properties": { "kind": "amenity=cafe", "name": "Picnic" }, "geometry": { "type": "Point", "coordinates": [ 24.9322465, 60.1689545 ] } },
{ "type": "Feature", "properties": { "kind": "amenity=cafe", "name": "Picnic" }, "geometry": { "type": "Point", "coordinates": [ 25.0345996, 60.293398 ] } },
{ "type": "Feature", "properties": { "kind": "amenity=cafe", "name": "Picnic" }, "geometry": { "type": "Point", "coordinates": [ 24.947296, 60.171595500000024 ] } },
{ "type": "Feature", "properties": { "kind": "amenity=cafe", "name": "La Torrefazione" }, "geometry": { "type": "Point", "coordinates": [ 24.8118658, 60.217870299999987 ] } },
{ "type": "Feature", "properties": { "kind": "amenity=social_facility", "name": "Pitäjänmäen Validia-talo" }, "geometry": { "type": "Point", "coordinates": [ 24.8527715, 60.226187 ] } },
{ "type": "Feature", "properties": { "kind": "leisure=sports_centre", "name": "The Back Alley CQC" }, "geometry": { "type": "Point", "coordinates": [ 24.8765869, 60.2690003 ] } },
{ "type": "Feature", "properties": { "kind": "leisure=sports_centre", "name": "Helsingin Kiipeilykeskus" }, "geometry": { "type": "Point", "coordinates": [ 25.0167036, 60.2651888 ] } },
{ "type": "Feature", "properties": { "kind": "amenity=community_centre", "name": "Malmin nuorisotalo" }, "geometry": { "type": "Point", "coordinates": [ 25.0007259, 60.252679699999987 ] } },
{ "type": "Feature", "properties": { "kind": "leisure=fitness_centre", "name": "360 kuntostudio" }, "geometry": { "type": "Point", "coordinates": [ 24.9202399, 60.160000499999988 ] } },
{ "type": "Feature", "properties": { "kind": "amenity=cafe", "name": "Robert's Coffee" }, "geometry": { "type": "Point", "coordinates": [ 24.9428809, 60.1665413 ] } },
{ "type": "Feature", "properties": { "kind": "amenity=cafe", "name": "Neuhaus Café" }, "geometry": { "type": "Point", "coordinates": [ 24.9508113, 60.1686364 ] } },
{ "type": "Feature", "properties": { "kind": "leisure=fitness_centre", "name": "Puls & Träning" }, "geometry": { "type": "Point", "coordinates": [ 24.917183, 60.1596367 ] } },
{ "type": "Feature", "properties": { "kind": "amenity=cafe", "name": "Espresso House" }, "geometry": { "type": "Point", "coordinates": [ 25.0814885, 60.2749406 ] } },
{ "type": "Feature", "properties": { "kind": "leisure=fitness_centre", "name": "Punttis Töölö" }, "geometry": { "type": "Point", "coordinates": [ 24.9244886, 60.1737135 ] } },
{ "type": "Feature", "properties": { "kind": "amenity=cafe", "name": "Proggis" }, "geometry": { "type": "Point", "coordinates": [ 24.9431114, 60.1609531 ] } },
{ "type": "Feature", "properties": { "kind": "amenity=cafe", "name": "Hörnan" }, "geometry": { "type": "Point", "coordinates": [ 24.945519, 60.1614808 ] } },
{ "type": "Feature", "properties": { "kind": "amenity=library", "name": "Väestöliiton kirjasto" }, "geometry": { "type": "Point", "coordinates": [ 24.9366195, 60.166420500000015 ] } },
{ "type": "Feature", "properties": { "kind": "amenity=cafe", "name": "Äfra" }, "geometry": { "type": "Point", "coordinates": [ 24.9374435, 60.166126399999989 ] } },
{ "type": "Feature", "properties": { "kind": "amenity=cafe", "name": "Roastery Coffee House Finland" }, "geometry": { "type": "Point", "coordinates": [ 24.9371205, 60.166587 ] } },
{ "type": "Feature", "properties": { "kind": "leisure=fitness_centre", "name": "Yoggylife" }, "geometry": { "type": "Point", "coordinates": [ 24.9380006, 60.160794 ] } },
{ "type": "Feature", "properties": { "kind": "amenity=cafe", "name": "Ziara's Cafe" }, "geometry": { "type": "Point", "coordinates": [ 24.9383867, 60.1605163 ] } },
{ "type": "Feature", "properties": { "kind": "leisure=fitness_centre", "name": "Manipura" }, "geometry": { "type": "Point", "coordinates": [ 24.9278584, 60.1685975 ] } },
{ "type": "Feature", "properties": { "kind": "amenity=cafe", "name": "Cafe Monami" }, "geometry": { "type": "Point", "coordinates": [ 25.1181479, 60.2076025 ] } },
{ "type": "Feature", "properties": { "kind": "leisure=fitness_centre", "name": "Sahaja Yoga" }, "geometry": { "type": "Point", "coordinates": [ 24.926225, 60.168656 ] } },
{ "type": "Feature", "properties": { "kind": "leisure=fitness_centre", "name": "Pilates Helsinki" }, "geometry": { "type": "Point", "coordinates": [ 24.926589, 60.1690388 ] } },
{ "type": "Feature", "properties": { "kind": "amenity=arts_centre", "name": "Globe Art Point" }, "geometry": { "type": "Point", "coordinates": [ 24.9253725, 60.1682807 ] } },
{ "type": "Feature", "properties": { "kind": "leisure=sports_centre", "name": "Kampin Liikuntakeskus" }, "geometry": { "type": "Point", "coordinates": [ 24.926839, 60.168137199999983 ] } },
{ "type": "Feature", "properties": { "kind": "amenity=arts_centre", "name": "Galleria Contempo" }, "geometry": { "type": "Point", "coordinates": [ 24.9339378, 60.1648835 ] } },
{ "type": "Feature", "properties": { "kind": "amenity=library", "name": "Kavi kansallinen audiovisuaalinen instituutti kirjasto" }, "geometry": { "type": "Point", "coordinates": [ 24.9661437, 60.1851158 ] } },
{ "type": "Feature", "properties": { "kind": "leisure=fitness_centre", "name": "Fressi" }, "geometry": { "type": "Point", "coordinates": [ 25.0447781, 60.29134890000001 ] } },
{ "type": "Feature", "properties": { "kind": "amenity=library", "name": "Kiasma-kirjasto (Kansallisgallerian kirjasto)" }, "geometry": { "type": "Point", "coordinates": [ 24.93678, 60.171815599999988 ] } },
{ "type": "Feature", "properties": { "kind": "amenity=library", "name": "Koivukylän kirjasto" }, "geometry": { "type": "Point", "coordinates": [ 25.0575732, 60.3239205 ] } },
{ "type": "Feature", "properties": { "kind": "amenity=library", "name": "Kontulan palvelukeskuskirjasto" }, "geometry": { "type": "Point", "coordinates": [ 25.0855574, 60.2436156 ] } },
{ "type": "Feature", "properties": { "kind": "amenity=library", "name": "Kotimaisten kielten keskuksen arkisto" }, "geometry": { "type": "Point", "coordinates": [ 24.9548432, 60.1784699 ] } },
{ "type": "Feature", "properties": { "kind": "amenity=social_facility", "name": "Päiväkeskus Illusia - kaikilla avoin" }, "geometry": { "type": "Point", "coordinates": [ 24.9518361, 60.1963778 ] } },
{ "type": "Feature", "properties": { "kind": "amenity=social_facility", "name": "Vihreä Keidas" }, "geometry": { "type": "Point", "coordinates": [ 24.9234108, 60.1826322 ] } },
{ "type": "Feature", "properties": { "kind": "amenity=community_centre", "name": "Malminkartanon nuorisotalo" }, "geometry": { "type": "Point", "coordinates": [ 24.8586835, 60.2441428 ] } },
{ "type": "Feature", "properties": { "kind": "amenity=community_centre", "name": "Kääntöpaikka" }, "geometry": { "type": "Point", "coordinates": [ 24.972506, 60.2064612 ] } },
{ "type": "Feature", "properties": { "kind": "amenity=social_facility", "name": "Pasilan nuorisopsykiatrian poliklinikka" }, "geometry": { "type": "Point", "coordinates": [ 24.9345518, 60.2008566 ] } },
{ "type": "Feature", "properties": { "kind": "leisure=fitness_centre", "name": "Helsingin miekkailijat" }, "geometry": { "type": "Point", "coordinates": [ 24.925159, 60.200277200000016 ] } },
{ "type": "Feature", "properties": { "kind": "amenity=community_centre", "name": "Hertsin nuorisotila" }, "geometry": { "type": "Point", "coordinates": [ 25.0337693, 60.1950161 ] } },
{ "type": "Feature", "properties": { "kind": "amenity=library", "name": "Lastensuojelun Keskusliiton kirjasto ja tietopalvelu" }, "geometry": { "type": "Point", "coordinates": [ 24.9387824, 60.1557423 ] } },
{ "type": "Feature", "properties": { "kind": "amenity=social_facility", "name": "Hätämajoitus (Alppikatu 2)" }, "geometry": { "type": "Point", "coordinates": [ 24.9411337, 60.1853222 ] } },
{ "type": "Feature", "properties": { "kind": "amenity=social_facility", "name": "Hirundo - päiväkeskus" }, "geometry": { "type": "Point", "coordinates": [ 24.9410598, 60.1854144 ] } },
{ "type": "Feature", "properties": { "kind": "amenity=social_facility", "name": "Päiväkeskus Itiksen symppis" }, "geometry": { "type": "Point", "coordinates": [ 25.0712588, 60.2132021 ] } },
{ "type": "Feature", "properties": { "kind": "amenity=social_facility", "name": "Nuoli - Nuorten kohtaamis- ja tukipiste" }, "geometry": { "type": "Point", "coordinates": [ 24.9520683, 60.19631660000001 ] } },
{ "type": "Feature", "properties": { "kind": "amenity=community_centre", "name": "Kivenkolo" }, "geometry": { "type": "Point", "coordinates": [ 24.6430509, 60.147588 ] } },
{ "type": "Feature", "properties": { "kind": "amenity=cafe", "name": "Café Anja & Annikki" }, "geometry": { "type": "Point", "coordinates": [ 25.1256219, 60.2811106 ] } },
{ "type": "Feature", "properties": { "kind": "amenity=community_centre", "name": "Taitokeskus Hakunila" }, "geometry": { "type": "Point", "coordinates": [ 25.1060641, 60.2736134 ] } },
{ "type": "Feature", "properties": { "kind": "amenity=library", "name": "Suomalaisen kirjallisuuden seuran SKS:n kirjasto" }, "geometry": { "type": "Point", "coordinates": [ 24.9560258, 60.1702206 ] } },
{ "type": "Feature", "properties": { "kind": "amenity=library", "name": "Suomalaisen kirjallisuuden seuran SKS:n arkisto" }, "geometry": { "type": "Point", "coordinates": [ 24.9563284, 60.170242 ] } },
{ "type": "Feature", "properties": { "kind": "amenity=library", "name": "Suomalaisen kirjallisuuden seuran SKS:n arkiston tutkijasalit" }, "geometry": { "type": "Point", "coordinates": [ 24.9563389, 60.170200899999983 ] } },
{ "type": "Feature", "properties": { "kind": "amenity=library", "name": "Työväenliikkeen kirjasto" }, "geometry": { "type": "Point", "coordinates": [ 24.9661679, 60.1851784 ] } },
{ "type": "Feature", "properties": { "kind": "leisure=fitness_centre", "name": "LadyLine Nihtisilta" }, "geometry": { "type": "Point", "coordinates": [ 24.7539125, 60.2082805 ] } },
{ "type": "Feature", "properties": { "kind": "amenity=community_centre", "name": "Kotiseututalo Påkas" }, "geometry": { "type": "Point", "coordinates": [ 25.0459433, 60.2870002 ] } },
{ "type": "Feature", "properties": { "kind": "amenity=social_facility", "name": "Hyvä Arki ry" }, "geometry": { "type": "Point", "coordinates": [ 24.6714938, 60.20127470000002 ] } },
{ "type": "Feature", "properties": { "kind": "amenity=social_facility", "name": "Suomen Punainen Ristin Helsingin ja Uudenmaan piiri, koulutus- ja pavaaehtoistoiminnan tilat" }, "geometry": { "type": "Point", "coordinates": [ 24.9230601, 60.1701371 ] } },
{ "type": "Feature", "properties": { "kind": "amenity=social_facility", "name": "Nuorten turvatalo, Espoo" }, "geometry": { "type": "Point", "coordinates": [ 24.8124129, 60.220994 ] } },
{ "type": "Feature", "properties": { "kind": "amenity=social_facility", "name": "SPR Nuorten turvatalo Helsinki" }, "geometry": { "type": "Point", "coordinates": [ 24.9379967, 60.163335299999986 ] } },
{ "type": "Feature", "properties": { "kind": "amenity=cafe", "name": "Pirttimäen kahvila" }, "geometry": { "type": "Point", "coordinates": [ 24.6501449, 60.2700331 ] } },
{ "type": "Feature", "properties": { "kind": "leisure=sports_centre", "name": "Herttoniemenrannan liikuntahalli" }, "geometry": { "type": "Point", "coordinates": [ 25.03217, 60.190913099999989 ] } },
{ "type": "Feature", "properties": { "kind": "amenity=social_facility", "name": "Ykköskoti Katrineberg" }, "geometry": { "type": "Point", "coordinates": [ 25.0451495, 60.2993372 ] } },
{ "type": "Feature", "properties": { "kind": "amenity=social_facility", "name": "Ykköskoti Hannunharju" }, "geometry": { "type": "Point", "coordinates": [ 25.0449255, 60.2995412 ] } },
{ "type": "Feature", "properties": { "kind": "amenity=social_facility", "name": "Punaisen Ristin Lounais-Espoon terveyspiste" }, "geometry": { "type": "Point", "coordinates": [ 24.6345346, 60.153663399999985 ] } },
{ "type": "Feature", "properties": { "kind": "amenity=social_facility", "name": "Punaisen Ristin Töölön ja Keski-Helsingin terveyspiste" }, "geometry": { "type": "Point", "coordinates": [ 24.9238512, 60.1813377 ] } },
{ "type": "Feature", "properties": { "kind": "leisure=fitness_centre", "name": "Fressi" }, "geometry": { "type": "Point", "coordinates": [ 24.7181144, 60.2577664 ] } },
{ "type": "Feature", "properties": { "kind": "leisure=sauna", "name": "Rantasauna" }, "geometry": { "type": "Point", "coordinates": [ 25.0852646, 60.1647536 ] } },
{ "type": "Feature", "properties": { "kind": "leisure=sauna", "name": "Furuvik rantasauna" }, "geometry": { "type": "Point", "coordinates": [ 25.060239, 60.1595505 ] } },
{ "type": "Feature", "properties": { "kind": "amenity=cafe", "name": "Ninnes café" }, "geometry": { "type": "Point", "coordinates": [ 24.6346912, 60.152974899999968 ] } },
{ "type": "Feature", "properties": { "kind": "leisure=sauna", "name": "Teurastamon sauna" }, "geometry": { "type": "Point", "coordinates": [ 24.9711795, 60.1898169 ] } },
{ "type": "Feature", "properties": { "kind": "amenity=social_facility", "name": "Yeesi" }, "geometry": { "type": "Point", "coordinates": [ 24.9473214, 60.1968283 ] } },
{ "type": "Feature", "properties": { "kind": "leisure=fitness_centre", "name": "Esport Express" }, "geometry": { "type": "Point", "coordinates": [ 24.6930562, 60.1589242 ] } },
{ "type": "Feature", "properties": { "kind": "amenity=social_facility", "name": "Pasilan toimintakeskus" }, "geometry": { "type": "Point", "coordinates": [ 24.9447597, 60.1987742 ] } },
{ "type": "Feature", "properties": { "kind": "amenity=social_facility", "name": "Stop Huumeille ry" }, "geometry": { "type": "Point", "coordinates": [ 24.9449136, 60.198919 ] } },
{ "type": "Feature", "properties": { "kind": "amenity=social_facility", "name": "Päihteetön olohuone" }, "geometry": { "type": "Point", "coordinates": [ 24.944929, 60.198895 ] } },
{ "type": "Feature", "properties": { "kind": "amenity=social_facility", "name": "Toimintakeskus Tanhua" }, "geometry": { "type": "Point", "coordinates": [ 25.0980024, 60.236116699999975 ] } },
{ "type": "Feature", "properties": { "kind": "amenity=cafe", "name": "Cafe Hertta" }, "geometry": { "type": "Point", "coordinates": [ 25.0285827, 60.1945556 ] } },
{ "type": "Feature", "properties": { "kind": "leisure=fitness_centre", "name": "TFW Helsinki Oy" }, "geometry": { "type": "Point", "coordinates": [ 24.9652207, 60.1990149 ] } },
{ "type": "Feature", "properties": { "kind": "amenity=community_centre", "name": "Suomen somalialaisten liitto" }, "geometry": { "type": "Point", "coordinates": [ 24.964253, 60.1988555 ] } },
{ "type": "Feature", "properties": { "kind": "amenity=cafe", "name": "Kesäkahvila Kumpu" }, "geometry": { "type": "Point", "coordinates": [ 24.9575576, 60.2024132 ] } },
{ "type": "Feature", "properties": { "kind": "amenity=community_centre", "name": "Eurooppasali" }, "geometry": { "type": "Point", "coordinates": [ 24.9313652, 60.1672247 ] } },
{ "type": "Feature", "properties": { "kind": "amenity=library", "name": "Otaniemen kirjasto" }, "geometry": { "type": "Point", "coordinates": [ 24.8187519, 60.1842318 ] } },
{ "type": "Feature", "properties": { "kind": "amenity=cafe", "name": "Metka Cafe" }, "geometry": { "type": "Point", "coordinates": [ 25.0770344, 60.2236682 ] } },
{ "type": "Feature", "properties": { "kind": "leisure=sports_centre", "name": "Fullspeed RC Hakkilan RC-keskus" }, "geometry": { "type": "Point", "coordinates": [ 25.0879325, 60.298746799999989 ] } },
{ "type": "Feature", "properties": { "kind": "amenity=social_facility", "name": "Kallion Elokolo" }, "geometry": { "type": "Point", "coordinates": [ 24.9446898, 60.184037100000019 ] } },
{ "type": "Feature", "properties": { "kind": "amenity=social_facility", "name": "Kontulan Elokolo" }, "geometry": { "type": "Point", "coordinates": [ 25.0799753, 60.2455305 ] } },
{ "type": "Feature", "properties": { "kind": "leisure=sports_centre", "name": "Taitoliikuntakeskus" }, "geometry": { "type": "Point", "coordinates": [ 24.9573695, 60.161689399999986 ] } },
{ "type": "Feature", "properties": { "kind": "leisure=fitness_centre", "name": "Espoonlahden uimahallin kuntosalit" }, "geometry": { "type": "Point", "coordinates": [ 24.6596449, 60.14672 ] } },
{ "type": "Feature", "properties": { "kind": "amenity=community_centre", "name": "Kerhotalo Saseka" }, "geometry": { "type": "Point", "coordinates": [ 25.1406126, 60.20181 ] } },
{ "type": "Feature", "properties": { "kind": "leisure=fitness_centre", "name": "LadyFitness Espoo" }, "geometry": { "type": "Point", "coordinates": [ 24.6518984, 60.2038872 ] } },
{ "type": "Feature", "properties": { "kind": "leisure=sports_centre", "name": "KäPa Campus" }, "geometry": { "type": "Point", "coordinates": [ 24.9531408, 60.1994606 ] } },
{ "type": "Feature", "properties": { "kind": "leisure=fitness_centre", "name": "Friskis&Svettis Helsinki" }, "geometry": { "type": "Point", "coordinates": [ 24.9643923, 60.1989085 ] } },
{ "type": "Feature", "properties": { "kind": "amenity=community_centre", "name": "Mikkolan nuorisotila" }, "geometry": { "type": "Point", "coordinates": [ 25.0935352, 60.3423602 ] } },
{ "type": "Feature", "properties": { "kind": "amenity=cafe", "name": "Fazer Cafe Lauttasaari" }, "geometry": { "type": "Point", "coordinates": [ 24.881124, 60.1605526 ] } },
{ "type": "Feature", "properties": { "kind": "leisure=sauna", "name": "MySauna Tikkurila" }, "geometry": { "type": "Point", "coordinates": [ 25.0323007, 60.294008699999985 ] } },
{ "type": "Feature", "properties": { "kind": "amenity=community_centre", "name": "Vantaan Rotaryklubi ry" }, "geometry": { "type": "Point", "coordinates": [ 25.0432207, 60.2953545 ] } },
{ "type": "Feature", "properties": { "kind": "amenity=community_centre", "name": "Ohjaamo Vantaa" }, "geometry": { "type": "Point", "coordinates": [ 25.0429661, 60.2947733 ] } },
{ "type": "Feature", "properties": { "kind": "amenity=community_centre", "name": "Nuorten monitoimitila Liito" }, "geometry": { "type": "Point", "coordinates": [ 25.043043, 60.294708600000021 ] } },
{ "type": "Feature", "properties": { "kind": "amenity=community_centre", "name": "Lasten kulttuurikeskus Pessi" }, "geometry": { "type": "Point", "coordinates": [ 25.0443955, 60.290461399999984 ] } },
{ "type": "Feature", "properties": { "kind": "leisure=sports_centre", "name": "Open Padel" }, "geometry": { "type": "Point", "coordinates": [ 24.8762406, 60.268214 ] } },
{ "type": "Feature", "properties": { "kind": "amenity=social_facility", "name": "Ohjaamotalo Ison Omenan Starttipiste Espoo" }, "geometry": { "type": "Point", "coordinates": [ 24.7392867, 60.160155 ] } },
{ "type": "Feature", "properties": { "kind": "amenity=social_facility", "name": "Ohjaamotalo Leppävaaran Starttipiste Espoo" }, "geometry": { "type": "Point", "coordinates": [ 24.8106543, 60.221389299999984 ] } },
{ "type": "Feature", "properties": { "kind": "amenity=community_centre", "name": "Maunulan mediapaja" }, "geometry": { "type": "Point", "coordinates": [ 24.926244, 60.2278929 ] } },
{ "type": "Feature", "properties": { "kind": "amenity=arts_centre", "name": "Pitäjänmäen kyläkirkko" }, "geometry": { "type": "Point", "coordinates": [ 24.8433378, 60.2261488 ] } },
{ "type": "Feature", "properties": { "kind": "leisure=fitness_centre", "name": "Forever LITE Omena" }, "geometry": { "type": "Point", "coordinates": [ 24.7392935, 60.1632753 ] } },
{ "type": "Feature", "properties": { "kind": "amenity=cafe", "name": "Casa Haga" }, "geometry": { "type": "Point", "coordinates": [ 24.8933323, 60.2178085 ] } },
{ "type": "Feature", "properties": { "kind": "amenity=cafe", "name": "Fazer Café Kaisaniemi" }, "geometry": { "type": "Point", "coordinates": [ 24.9477235, 60.172282 ] } },
{ "type": "Feature", "properties": { "kind": "amenity=cafe", "name": "Relove Café Stockmann" }, "geometry": { "type": "Point", "coordinates": [ 24.9425303, 60.167998599999983 ] } },
{ "type": "Feature", "properties": { "kind": "leisure=fitness_centre", "name": "CrossFit" }, "geometry": { "type": "Point", "coordinates": [ 25.0482059, 60.2128904 ] } },
{ "type": "Feature", "properties": { "kind": "amenity=cafe", "name": "Café Elfvik" }, "geometry": { "type": "Point", "coordinates": [ 24.8223951, 60.201700799999983 ] } },
{ "type": "Feature", "properties": { "kind": "leisure=fitness_centre", "name": "CrossFit Kehä" }, "geometry": { "type": "Point", "coordinates": [ 24.8247398, 60.280749 ] } },
{ "type": "Feature", "properties": { "kind": "amenity=arts_centre", "name": "Teatterin tiedostuskeskus TINFO" }, "geometry": { "type": "Point", "coordinates": [ 24.9606246, 60.1733161 ] } },
{ "type": "Feature", "properties": { "kind": "amenity=cafe", "name": "Café de la Gare" }, "geometry": { "type": "Point", "coordinates": [ 24.8950774, 60.2172123 ] } },
{ "type": "Feature", "properties": { "kind": "amenity=arts_centre", "name": "Olohuone" }, "geometry": { "type": "Point", "coordinates": [ 24.9647716, 60.1881509 ] } },
{ "type": "Feature", "properties": { "kind": "amenity=cafe", "name": "Corretto" }, "geometry": { "type": "Point", "coordinates": [ 24.9593382, 60.1743769 ] } },
{ "type": "Feature", "properties": { "kind": "amenity=cafe", "name": "Boa & Bim" }, "geometry": { "type": "Point", "coordinates": [ 24.9620043, 60.186104899999989 ] } },
{ "type": "Feature", "properties": { "kind": "leisure=fitness_centre", "name": "Joogahuone" }, "geometry": { "type": "Point", "coordinates": [ 24.9615255, 60.1856058 ] } },
{ "type": "Feature", "properties": { "kind": "leisure=fitness_centre", "name": "Ole.Fit Kallio" }, "geometry": { "type": "Point", "coordinates": [ 24.9607846, 60.184473399999987 ] } },
{ "type": "Feature", "properties": { "kind": "leisure=fitness_centre", "name": "The Clubhouse Helsinki" }, "geometry": { "type": "Point", "coordinates": [ 24.9565136, 60.193576 ] } },
{ "type": "Feature", "properties": { "kind": "leisure=fitness_centre", "name": "CrossFit" }, "geometry": { "type": "Point", "coordinates": [ 24.8044078, 60.167916 ] } },
{ "type": "Feature", "properties": { "kind": "leisure=fitness_centre", "name": "Personal training studio" }, "geometry": { "type": "Point", "coordinates": [ 24.9301806, 60.1766657 ] } },
{ "type": "Feature", "properties": { "kind": "amenity=arts_centre", "name": "Saimaan Taideluola" }, "geometry": { "type": "Point", "coordinates": [ 24.9305859, 60.176352899999983 ] } },
{ "type": "Feature", "properties": { "kind": "amenity=social_facility", "name": "Peliklinikka Tiltti" }, "geometry": { "type": "Point", "coordinates": [ 24.9492549, 60.1784612 ] } },
{ "type": "Feature", "properties": { "kind": "amenity=arts_centre", "name": "Taidemesta Pääsky" }, "geometry": { "type": "Point", "coordinates": [ 24.9682415, 60.1884207 ] } },
{ "type": "Feature", "properties": { "kind": "amenity=cafe", "name": "OneWay" }, "geometry": { "type": "Point", "coordinates": [ 24.9482849, 60.1727743 ] } },
{ "type": "Feature", "properties": { "kind": "amenity=cafe", "name": "Buongiorno" }, "geometry": { "type": "Point", "coordinates": [ 24.9192414, 60.175138400000016 ] } },
{ "type": "Feature", "properties": { "kind": "leisure=fitness_centre", "name": "Heart Space" }, "geometry": { "type": "Point", "coordinates": [ 24.9199356, 60.17424 ] } },
{ "type": "Feature", "properties": { "kind": "amenity=cafe", "name": "Cafelito" }, "geometry": { "type": "Point", "coordinates": [ 24.9572006, 60.1829122 ] } },
{ "type": "Feature", "properties": { "kind": "amenity=cafe", "name": "Red & White" }, "geometry": { "type": "Point", "coordinates": [ 24.9509561, 60.174131199999977 ] } },
{ "type": "Feature", "properties": { "kind": "amenity=cafe", "name": "Mama's Empanadas" }, "geometry": { "type": "Point", "coordinates": [ 24.9585096, 60.1884594 ] } },
{ "type": "Feature", "properties": { "kind": "leisure=fitness_centre", "name": "Fitness24Seven" }, "geometry": { "type": "Point", "coordinates": [ 24.9599482, 60.1827348 ] } },
{ "type": "Feature", "properties": { "kind": "amenity=social_facility", "name": "Lallukan taiteilijakoti" }, "geometry": { "type": "Point", "coordinates": [ 24.9253535, 60.1764417 ] } },
{ "type": "Feature", "properties": { "kind": "amenity=social_facility", "name": "Lyhty ry" }, "geometry": { "type": "Point", "coordinates": [ 24.9539766, 60.1833893 ] } },
{ "type": "Feature", "properties": { "kind": "amenity=social_facility", "name": "Helsingin vieraskoti" }, "geometry": { "type": "Point", "coordinates": [ 24.9393578, 60.1598083 ] } },
{ "type": "Feature", "properties": { "kind": "amenity=cafe", "name": "Cafe Avec Kallio" }, "geometry": { "type": "Point", "coordinates": [ 24.9528809, 60.1823256 ] } },
{ "type": "Feature", "properties": { "kind": "amenity=cafe", "name": "Kahvila 7:01" }, "geometry": { "type": "Point", "coordinates": [ 24.9413901, 60.167554299999978 ] } },
{ "type": "Feature", "properties": { "kind": "leisure=fitness_centre", "name": "Kundaliini joogaa" }, "geometry": { "type": "Point", "coordinates": [ 24.956893, 60.175413399999982 ] } },
{ "type": "Feature", "properties": { "kind": "amenity=arts_centre", "name": "Station mir" }, "geometry": { "type": "Point", "coordinates": [ 24.9569321, 60.1748299 ] } },
{ "type": "Feature", "properties": { "kind": "leisure=fitness_centre", "name": "Kuntokeskus Fit Keilaniemi" }, "geometry": { "type": "Point", "coordinates": [ 24.8304811, 60.1750866 ] } },
{ "type": "Feature", "properties": { "kind": "amenity=cafe", "name": "Cafe Margreteberg" }, "geometry": { "type": "Point", "coordinates": [ 24.705002, 60.2480349 ] } },
{ "type": "Feature", "properties": { "kind": "amenity=cafe", "name": "Happy Waffle" }, "geometry": { "type": "Point", "coordinates": [ 24.947265, 60.1715604 ] } },
{ "type": "Feature", "properties": { "kind": "amenity=library", "name": "Karhusuon kirjasto" }, "geometry": { "type": "Point", "coordinates": [ 24.6205223, 60.228735499999978 ] } },
{ "type": "Feature", "properties": { "kind": "amenity=cafe", "name": "Luna's Coffee and Crafts" }, "geometry": { "type": "Point", "coordinates": [ 24.6339021, 60.1525749 ] } },
{ "type": "Feature", "properties": { "kind": "amenity=community_centre", "name": "Kivenlahden nuorisotila" }, "geometry": { "type": "Point", "coordinates": [ 24.634973, 60.154464600000018 ] } },
{ "type": "Feature", "properties": { "kind": "leisure=sports_centre", "name": "Martinlaakson uimahalli" }, "geometry": { "type": "Point", "coordinates": [ 24.8450123, 60.276158 ] } },
{ "type": "Feature", "properties": { "kind": "amenity=cafe", "name": "Picnic" }, "geometry": { "type": "Point", "coordinates": [ 24.9327376, 60.198976 ] } },
{ "type": "Feature", "properties": { "kind": "amenity=cafe", "name": "Fazer Café Keilaniemi" }, "geometry": { "type": "Point", "coordinates": [ 24.8298656, 60.174932 ] } },
{ "type": "Feature", "properties": { "kind": "amenity=cafe", "name": "Espresso House" }, "geometry": { "type": "Point", "coordinates": [ 24.9312163, 60.198836699999987 ] } },
{ "type": "Feature", "properties": { "kind": "leisure=sauna", "name": "" }, "geometry": { "type": "Point", "coordinates": [ 24.9118717, 60.2322964 ] } },
{ "type": "Feature", "properties": { "kind": "leisure=sauna", "name": "" }, "geometry": { "type": "Point", "coordinates": [ 24.9120693, 60.2323218 ] } },
{ "type": "Feature", "properties": { "kind": "amenity=social_facility", "name": "Vepa - Vertais- ja vapaaehtoistoiminnan keskus" }, "geometry": { "type": "Point", "coordinates": [ 24.9395005, 60.1991952 ] } },
{ "type": "Feature", "properties": { "kind": "amenity=social_facility", "name": "Yökeskus Kalkkers" }, "geometry": { "type": "Point", "coordinates": [ 24.9395265, 60.199140699999987 ] } },
{ "type": "Feature", "properties": { "kind": "amenity=cafe", "name": "Lounaskahvila Puisto" }, "geometry": { "type": "Point", "coordinates": [ 24.856309, 60.3010589 ] } },
{ "type": "Feature", "properties": { "kind": "leisure=fitness_centre", "name": "Fitness24Seven" }, "geometry": { "type": "Point", "coordinates": [ 24.7842446, 60.202951899999988 ] } },
{ "type": "Feature", "properties": { "kind": "amenity=cafe", "name": "Kakkugalleria" }, "geometry": { "type": "Point", "coordinates": [ 24.9426872, 60.1683474 ] } },
{ "type": "Feature", "properties": { "kind": "amenity=community_centre", "name": "Hood Mc Clubhouse" }, "geometry": { "type": "Point", "coordinates": [ 24.8175194, 60.2819326 ] } },
{ "type": "Feature", "properties": { "kind": "amenity=cafe", "name": "Riyo Cafe" }, "geometry": { "type": "Point", "coordinates": [ 24.9394531, 60.1991805 ] } },
{ "type": "Feature", "properties": { "kind": "leisure=fitness_centre", "name": "Fressi 24h Niittykumpu" }, "geometry": { "type": "Point", "coordinates": [ 24.7803524, 60.1694262 ] } },
{ "type": "Feature", "properties": { "kind": "amenity=cafe", "name": "Cafe Elo" }, "geometry": { "type": "Point", "coordinates": [ 24.8581922, 60.2472504 ] } },
{ "type": "Feature", "properties": { "kind": "amenity=social_facility", "name": "Mörssärinaukion ryhmäkoti" }, "geometry": { "type": "Point", "coordinates": [ 24.8985687, 60.2433515 ] } },
{ "type": "Feature", "properties": { "kind": "amenity=cafe", "name": "More Tea" }, "geometry": { "type": "Point", "coordinates": [ 24.8036193, 60.1760412 ] } },
{ "type": "Feature", "properties": { "kind": "amenity=cafe", "name": "Espresso House" }, "geometry": { "type": "Point", "coordinates": [ 24.9677829, 60.3172677 ] } },
{ "type": "Feature", "properties": { "kind": "amenity=cafe", "name": "Picnic" }, "geometry": { "type": "Point", "coordinates": [ 24.9681551, 60.202698 ] } },
{ "type": "Feature", "properties": { "kind": "leisure=sauna", "name": "Kartanosauna" }, "geometry": { "type": "Point", "coordinates": [ 25.0619322, 60.3329111 ] } },
{ "type": "Feature", "properties": { "kind": "leisure=fitness_centre", "name": "Foibekartanon kuntosali" }, "geometry": { "type": "Point", "coordinates": [ 25.0619287, 60.3327633 ] } },
{ "type": "Feature", "properties": { "kind": "leisure=fitness_centre", "name": "VVS KivaSali" }, "geometry": { "type": "Point", "coordinates": [ 24.8778578, 60.2707293 ] } },
{ "type": "Feature", "properties": { "kind": "amenity=community_centre", "name": "Kaivosristin seurakuntatila" }, "geometry": { "type": "Point", "coordinates": [ 24.8708322, 60.264254 ] } },
{ "type": "Feature", "properties": { "kind": "leisure=fitness_centre", "name": "ELIXIA Suomenoja" }, "geometry": { "type": "Point", "coordinates": [ 24.7010561, 60.164329399999986 ] } },
{ "type": "Feature", "properties": { "kind": "amenity=cafe", "name": "Eromanga" }, "geometry": { "type": "Point", "coordinates": [ 24.9688752, 60.1897793 ] } },
{ "type": "Feature", "properties": { "kind": "amenity=cafe", "name": "Helsingin Kahvipaahtimon Päiväkahvibaari" }, "geometry": { "type": "Point", "coordinates": [ 24.9729262, 60.1902198 ] } },
{ "type": "Feature", "properties": { "kind": "amenity=social_facility", "name": "Erityisnuorisokoti Pärske" }, "geometry": { "type": "Point", "coordinates": [ 24.8770651, 60.284527299999986 ] } },
{ "type": "Feature", "properties": { "kind": "leisure=fitness_centre", "name": "Fressi 24h Matinkylä-Olari" }, "geometry": { "type": "Point", "coordinates": [ 24.7362537, 60.164690499999985 ] } },
{ "type": "Feature", "properties": { "kind": "leisure=sports_centre", "name": "Studio Shake" }, "geometry": { "type": "Point", "coordinates": [ 25.0276745, 60.2818995 ] } },
{ "type": "Feature", "properties": { "kind": "leisure=fitness_centre", "name": "Elixia Vallila" }, "geometry": { "type": "Point", "coordinates": [ 24.9486165, 60.19496680000001 ] } },
{ "type": "Feature", "properties": { "kind": "leisure=fitness_centre", "name": "Fitness Village" }, "geometry": { "type": "Point", "coordinates": [ 24.947891, 60.1717526 ] } },
{ "type": "Feature", "properties": { "kind": "amenity=arts_centre", "name": "Nordisk Kulturkontakt" }, "geometry": { "type": "Point", "coordinates": [ 24.9487185, 60.172101699999985 ] } },
{ "type": "Feature", "properties": { "kind": "leisure=sauna", "name": "Wanda's Kitchen & Lounge, Sauna ja kokoustilat" }, "geometry": { "type": "Point", "coordinates": [ 24.8514069, 60.2628833 ] } },
{ "type": "Feature", "properties": { "kind": "leisure=fitness_centre", "name": "Malmin Piukat Paikat" }, "geometry": { "type": "Point", "coordinates": [ 25.0052054, 60.2523213 ] } },
{ "type": "Feature", "properties": { "kind": "amenity=community_centre", "name": "Sarjakuvakeskus" }, "geometry": { "type": "Point", "coordinates": [ 25.0312619, 60.1881494 ] } },
{ "type": "Feature", "properties": { "kind": "amenity=cafe", "name": "Kampi Coffee" }, "geometry": { "type": "Point", "coordinates": [ 25.0306787, 60.1881055 ] } },
{ "type": "Feature", "properties": { "kind": "amenity=social_facility", "name": "Kampin perhekeskus" }, "geometry": { "type": "Point", "coordinates": [ 24.9262136, 60.1682132 ] } },
{ "type": "Feature", "properties": { "kind": "amenity=cafe", "name": "Café Tampopo" }, "geometry": { "type": "Point", "coordinates": [ 24.9328315, 60.1664431 ] } },
{ "type": "Feature", "properties": { "kind": "leisure=fitness_centre", "name": "Voimalaitos Roba" }, "geometry": { "type": "Point", "coordinates": [ 24.9436716, 60.1639136 ] } },
{ "type": "Feature", "properties": { "kind": "leisure=fitness_centre", "name": "King4Fit" }, "geometry": { "type": "Point", "coordinates": [ 25.1052234, 60.2988165 ] } },
{ "type": "Feature", "properties": { "kind": "leisure=fitness_centre", "name": "Body Building Club" }, "geometry": { "type": "Point", "coordinates": [ 24.8989927, 60.2441364 ] } },
{ "type": "Feature", "properties": { "kind": "amenity=arts_centre", "name": "Taidekoulu Alfa" }, "geometry": { "type": "Point", "coordinates": [ 24.9700929, 60.255118 ] } },
{ "type": "Feature", "properties": { "kind": "amenity=cafe", "name": "Picnic Lippulaiva" }, "geometry": { "type": "Point", "coordinates": [ 24.6553412, 60.1497344 ] } },
{ "type": "Feature", "properties": { "kind": "amenity=cafe", "name": "Espresso House" }, "geometry": { "type": "Point", "coordinates": [ 24.6563507, 60.1491989 ] } },
{ "type": "Feature", "properties": { "kind": "amenity=library", "name": "Lippulaivan kirjasto" }, "geometry": { "type": "Point", "coordinates": [ 24.654763, 60.149657 ] } },
{ "type": "Feature", "properties": { "kind": "amenity=cafe", "name": "Yalla" }, "geometry": { "type": "Point", "coordinates": [ 24.8534396, 60.26274249999998 ] } },
{ "type": "Feature", "properties": { "kind": "leisure=sports_centre", "name": "ELIXIA Lippulaiva" }, "geometry": { "type": "Point", "coordinates": [ 24.6552675, 60.1497797 ] } },
{ "type": "Feature", "properties": { "kind": "amenity=cafe", "name": "Café Beat" }, "geometry": { "type": "Point", "coordinates": [ 24.8055491, 60.222797899999989 ] } },
{ "type": "Feature", "properties": { "kind": "amenity=cafe", "name": "Marian" }, "geometry": { "type": "Point", "coordinates": [ 24.8914226, 60.2372733 ] } },
{ "type": "Feature", "properties": { "kind": "amenity=cafe", "name": "Espresso House" }, "geometry": { "type": "Point", "coordinates": [ 25.0331009, 60.194446 ] } },
{ "type": "Feature", "properties": { "kind": "leisure=fitness_centre", "name": "CrossFit" }, "geometry": { "type": "Point", "coordinates": [ 24.9628379, 60.1851655 ] } },
{ "type": "Feature", "properties": { "kind": "leisure=fitness_centre", "name": "Puistolan Kunto Areena" }, "geometry": { "type": "Point", "coordinates": [ 25.0447108, 60.274615099999984 ] } },
{ "type": "Feature", "properties": { "kind": "leisure=fitness_centre", "name": "Silta" }, "geometry": { "type": "Point", "coordinates": [ 24.8780186, 60.158187 ] } },
{ "type": "Feature", "properties": { "kind": "amenity=community_centre", "name": "Arabian nuorisotalo" }, "geometry": { "type": "Point", "coordinates": [ 24.9762623, 60.2042837 ] } },
{ "type": "Feature", "properties": { "kind": "leisure=fitness_centre", "name": "" }, "geometry": { "type": "Point", "coordinates": [ 24.9572765, 60.2151096 ] } },
{ "type": "Feature", "properties": { "kind": "amenity=cafe", "name": "Picnic" }, "geometry": { "type": "Point", "coordinates": [ 25.1445581, 60.2080662 ] } },
{ "type": "Feature", "properties": { "kind": "amenity=cafe", "name": "Espresso House" }, "geometry": { "type": "Point", "coordinates": [ 25.145023, 60.207535399999983 ] } },
{ "type": "Feature", "properties": { "kind": "amenity=cafe", "name": "Habibi Café" }, "geometry": { "type": "Point", "coordinates": [ 25.0626778, 60.323439 ] } },
{ "type": "Feature", "properties": { "kind": "leisure=fitness_centre", "name": "Fitness24Seven" }, "geometry": { "type": "Point", "coordinates": [ 24.7300274, 60.1655037 ] } },
{ "type": "Feature", "properties": { "kind": "leisure=fitness_centre", "name": "Matinkylän rantapunttis" }, "geometry": { "type": "Point", "coordinates": [ 24.7577186, 60.1510966 ] } },
{ "type": "Feature", "properties": { "kind": "leisure=fitness_centre", "name": "Fitness24Seven" }, "geometry": { "type": "Point", "coordinates": [ 24.9601808, 60.188133199999989 ] } },
{ "type": "Feature", "properties": { "kind": "amenity=community_centre", "name": "Kiltahuone (Arkkitehtikilta)" }, "geometry": { "type": "Point", "coordinates": [ 24.8267297, 60.18510770000001 ] } },
{ "type": "Feature", "properties": { "kind": "amenity=cafe", "name": "" }, "geometry": { "type": "Point", "coordinates": [ 25.1392183, 60.2149364 ] } },
{ "type": "Feature", "properties": { "kind": "amenity=library", "name": "Viherlaakson kirjasto" }, "geometry": { "type": "Point", "coordinates": [ 24.7369221, 60.2247459 ] } },
{ "type": "Feature", "properties": { "kind": "leisure=fitness_centre", "name": "Training Ground" }, "geometry": { "type": "Point", "coordinates": [ 25.0875789, 60.2781864 ] } },
{ "type": "Feature", "properties": { "kind": "amenity=cafe", "name": "Cafe Kylä" }, "geometry": { "type": "Point", "coordinates": [ 24.7356319, 60.159898199999986 ] } },
{ "type": "Feature", "properties": { "kind": "amenity=cafe", "name": "Hav A Java" }, "geometry": { "type": "Point", "coordinates": [ 24.9506975, 60.174486899999984 ] } },
{ "type": "Feature", "properties": { "kind": "amenity=cafe", "name": "Espresso House" }, "geometry": { "type": "Point", "coordinates": [ 24.6592061, 60.2037937 ] } },
{ "type": "Feature", "properties": { "kind": "amenity=community_centre", "name": "Haagan Lämpiö" }, "geometry": { "type": "Point", "coordinates": [ 24.8959216, 60.2296334 ] } },
{ "type": "Feature", "properties": { "kind": "amenity=cafe", "name": "Yesterday" }, "geometry": { "type": "Point", "coordinates": [ 25.0725645, 60.224217899999985 ] } },
{ "type": "Feature", "properties": { "kind": "amenity=social_facility", "name": "Esperi Hoivakoti Pakaasi" }, "geometry": { "type": "Point", "coordinates": [ 25.0695794, 60.2589243 ] } },
{ "type": "Feature", "properties": { "kind": "amenity=community_centre", "name": "Datanurkka" }, "geometry": { "type": "Point", "coordinates": [ 24.8196442, 60.1839498 ] } },
{ "type": "Feature", "properties": { "kind": "amenity=cafe", "name": "Le Jardin" }, "geometry": { "type": "Point", "coordinates": [ 24.8902321, 60.1613411 ] } },
{ "type": "Feature", "properties": { "kind": "leisure=fitness_centre", "name": "Powerfit Vantaa" }, "geometry": { "type": "Point", "coordinates": [ 24.9988261, 60.292895199999982 ] } },
{ "type": "Feature", "properties": { "kind": "leisure=fitness_centre", "name": "Colyseum" }, "geometry": { "type": "Point", "coordinates": [ 24.9743096, 60.277961299999987 ] } },
{ "type": "Feature", "properties": { "kind": "amenity=cafe", "name": "Zhao Tea" }, "geometry": { "type": "Point", "coordinates": [ 24.9446452, 60.169794499999988 ] } },
{ "type": "Feature", "properties": { "kind": "leisure=sauna", "name": "" }, "geometry": { "type": "Point", "coordinates": [ 24.5146494, 60.309770100000016 ] } },
{ "type": "Feature", "properties": { "kind": "amenity=cafe", "name": "Café Haukka" }, "geometry": { "type": "Point", "coordinates": [ 24.5142682, 60.3091844 ] } },
{ "type": "Feature", "properties": { "kind": "amenity=library", "name": "Käpylän kirjasto" }, "geometry": { "type": "Point", "coordinates": [ 24.9471093, 60.2108453 ] } },
{ "type": "Feature", "properties": { "kind": "amenity=cafe", "name": "Joe & The Juice" }, "geometry": { "type": "Point", "coordinates": [ 24.8044121, 60.175110199999985 ] } },
{ "type": "Feature", "properties": { "kind": "amenity=cafe", "name": "Cafe Metsäpaahtimo" }, "geometry": { "type": "Point", "coordinates": [ 24.9120604, 60.1687163 ] } },
{ "type": "Feature", "properties": { "kind": "amenity=social_facility", "name": "Helsingin työllisyyspalvelut, Kampin toimipiste" }, "geometry": { "type": "Point", "coordinates": [ 24.9261314, 60.1679252 ] } },
{ "type": "Feature", "properties": { "kind": "amenity=cafe", "name": "Cafe Silkki" }, "geometry": { "type": "Point", "coordinates": [ 25.0370343, 60.28917460000001 ] } },
{ "type": "Feature", "properties": { "kind": "leisure=fitness_centre", "name": "Fit Haaga" }, "geometry": { "type": "Point", "coordinates": [ 24.9071567, 60.2187141 ] } },
{ "type": "Feature", "properties": { "kind": "amenity=community_centre", "name": "Asukastalo Purpuri" }, "geometry": { "type": "Point", "coordinates": [ 24.8724051, 60.2359494 ] } },
{ "type": "Feature", "properties": { "kind": "amenity=social_facility", "name": "D-asema Kannelmäki" }, "geometry": { "type": "Point", "coordinates": [ 24.8741191, 60.2394262 ] } },
{ "type": "Feature", "properties": { "kind": "amenity=cafe", "name": "Gateau" }, "geometry": { "type": "Point", "coordinates": [ 24.9415943, 60.1710166 ] } },
{ "type": "Feature", "properties": { "kind": "amenity=community_centre", "name": "Meriemy" }, "geometry": { "type": "Point", "coordinates": [ 24.635228, 60.153780899999987 ] } },
{ "type": "Feature", "properties": { "kind": "amenity=cafe", "name": "Bär Bar Freda" }, "geometry": { "type": "Point", "coordinates": [ 24.9360258, 60.1648548 ] } },
{ "type": "Feature", "properties": { "kind": "amenity=cafe", "name": "Cafe Eliel" }, "geometry": { "type": "Point", "coordinates": [ 24.9406111, 60.1710459 ] } },
{ "type": "Feature", "properties": { "kind": "leisure=fitness_centre", "name": "Fitness24Seven" }, "geometry": { "type": "Point", "coordinates": [ 24.8036678, 60.1761018 ] } },
{ "type": "Feature", "properties": { "kind": "leisure=sauna", "name": "Löylykontti Matinkylä" }, "geometry": { "type": "Point", "coordinates": [ 24.7532612, 60.1497818 ] } },
{ "type": "Feature", "properties": { "kind": "leisure=sauna", "name": "Löylykontti Kivenlahti" }, "geometry": { "type": "Point", "coordinates": [ 24.626505, 60.153746099999985 ] } },
{ "type": "Feature", "properties": { "kind": "leisure=sports_centre", "name": "Malminkartanon harrastushalli" }, "geometry": { "type": "Point", "coordinates": [ 24.8533427, 60.241776 ] } },
{ "type": "Feature", "properties": { "kind": "leisure=sports_centre", "name": "Badminton Procenter" }, "geometry": { "type": "Point", "coordinates": [ 24.8976845, 60.1901533 ] } },
{ "type": "Feature", "properties": { "kind": "amenity=cafe", "name": "Espresso House" }, "geometry": { "type": "Point", "coordinates": [ 25.0125873, 60.2509865 ] } },
{ "type": "Feature", "properties": { "kind": "leisure=fitness_centre", "name": "Malmin kuntosali" }, "geometry": { "type": "Point", "coordinates": [ 25.0161267, 60.2509656 ] } },
{ "type": "Feature", "properties": { "kind": "amenity=cafe", "name": "Kahvila Loiske" }, "geometry": { "type": "Point", "coordinates": [ 25.0163806, 60.251208699999985 ] } },
{ "type": "Feature", "properties": { "kind": "leisure=sports_centre", "name": "Padel Club Tammisto" }, "geometry": { "type": "Point", "coordinates": [ 24.975442, 60.2849448 ] } },
{ "type": "Feature", "properties": { "kind": "amenity=cafe", "name": "QiTea" }, "geometry": { "type": "Point", "coordinates": [ 24.9408123, 60.1701578 ] } },
{ "type": "Feature", "properties": { "kind": "leisure=fitness_centre", "name": "Fitness24Seven" }, "geometry": { "type": "Point", "coordinates": [ 24.9330692, 60.19892080000001 ] } },
{ "type": "Feature", "properties": { "kind": "amenity=social_facility", "name": "Attendo Mellunmäki" }, "geometry": { "type": "Point", "coordinates": [ 25.1172463, 60.2372452 ] } },
{ "type": "Feature", "properties": { "kind": "leisure=fitness_centre", "name": "Salus Pakila" }, "geometry": { "type": "Point", "coordinates": [ 24.9285943, 60.239253799999986 ] } },
{ "type": "Feature", "properties": { "kind": "amenity=cafe", "name": "Kirkkokahvila" }, "geometry": { "type": "Point", "coordinates": [ 24.869037, 60.1584722 ] } },
{ "type": "Feature", "properties": { "kind": "amenity=cafe", "name": "Espresso House 4. krs" }, "geometry": { "type": "Point", "coordinates": [ 24.9315746, 60.1985862 ] } },
{ "type": "Feature", "properties": { "kind": "amenity=social_facility", "name": "Vamos" }, "geometry": { "type": "Point", "coordinates": [ 24.9469489, 60.1966111 ] } },
{ "type": "Feature", "properties": { "kind": "amenity=cafe", "name": "Robert's Coffee" }, "geometry": { "type": "Point", "coordinates": [ 24.9300055, 60.198510299999974 ] } },
{ "type": "Feature", "properties": { "kind": "leisure=fitness_centre", "name": "PTV Gym, Roihupelto" }, "geometry": { "type": "Point", "coordinates": [ 25.0533419, 60.2095306 ] } },
{ "type": "Feature", "properties": { "kind": "amenity=cafe", "name": "" }, "geometry": { "type": "Point", "coordinates": [ 24.9987794, 60.2538572 ] } },
{ "type": "Feature", "properties": { "kind": "leisure=fitness_centre", "name": "Parkour Akatemia Vallila" }, "geometry": { "type": "Point", "coordinates": [ 24.9481093, 60.1927817 ] } },
{ "type": "Feature", "properties": { "kind": "leisure=fitness_centre", "name": "Oulunkylän liikuntapuisto / Kuntosali" }, "geometry": { "type": "Point", "coordinates": [ 24.9598863, 60.2346306 ] } },
{ "type": "Feature", "properties": { "kind": "leisure=sports_hall", "name": "Oulunkylän liikuntapuisto / Liikuntasali" }, "geometry": { "type": "Point", "coordinates": [ 24.9594852, 60.2349167 ] } },
{ "type": "Feature", "properties": { "kind": "leisure=sauna", "name": "Oulunkylän liikuntapuisto, saunat" }, "geometry": { "type": "Point", "coordinates": [ 24.959584, 60.2347494 ] } },
{ "type": "Feature", "properties": { "kind": "amenity=cafe", "name": "Bistro Café Sommarö" }, "geometry": { "type": "Point", "coordinates": [ 24.7037674, 60.1276708 ] } },
{ "type": "Feature", "properties": { "kind": "amenity=cafe", "name": "Fazer Café" }, "geometry": { "type": "Point", "coordinates": [ 24.9357932, 60.1674951 ] } },
{ "type": "Feature", "properties": { "kind": "amenity=cafe", "name": "Fazer Café" }, "geometry": { "type": "Point", "coordinates": [ 24.9320252, 60.1689229 ] } },
{ "type": "Feature", "properties": { "kind": "amenity=cafe", "name": "Fazer Café" }, "geometry": { "type": "Point", "coordinates": [ 24.9374366, 60.1725584 ] } },
{ "type": "Feature", "properties": { "kind": "amenity=community_centre", "name": "Tapanilan nuorisotalo" }, "geometry": { "type": "Point", "coordinates": [ 25.0177372, 60.2652023 ] } },
{ "type": "Feature", "properties": { "kind": "amenity=social_facility", "name": "Norlandia Isopakari" }, "geometry": { "type": "Point", "coordinates": [ 24.8630007, 60.2435745 ] } },
{ "type": "Feature", "properties": { "kind": "leisure=fitness_centre", "name": "OCR Factory" }, "geometry": { "type": "Point", "coordinates": [ 24.7062725, 60.1655005 ] } },
{ "type": "Feature", "properties": { "kind": "leisure=sports_centre", "name": "Taekwondourheilijat 2011" }, "geometry": { "type": "Point", "coordinates": [ 24.8450353, 60.2410341 ] } },
{ "type": "Feature", "properties": { "kind": "amenity=library", "name": "Meilahden kampuskirjasto" }, "geometry": { "type": "Point", "coordinates": [ 24.9073094, 60.1904921 ] } },
{ "type": "Feature", "properties": { "kind": "amenity=cafe", "name": "Huili" }, "geometry": { "type": "Point", "coordinates": [ 24.7530617, 60.1638788 ] } },
{ "type": "Feature", "properties": { "kind": "amenity=cafe", "name": "Suomenlinnan kahvila" }, "geometry": { "type": "Point", "coordinates": [ 24.9877778, 60.1453475 ] } },
{ "type": "Feature", "properties": { "kind": "amenity=cafe", "name": "" }, "geometry": { "type": "Point", "coordinates": [ 24.98803, 60.1432187 ] } },
{ "type": "Feature", "properties": { "kind": "amenity=social_facility", "name": "Turvakoti Hertta" }, "geometry": { "type": "Point", "coordinates": [ 25.0362781, 60.1965163 ] } },
{ "type": "Feature", "properties": { "kind": "leisure=sports_centre", "name": "Open Padel Jakomäki" }, "geometry": { "type": "Point", "coordinates": [ 25.0691695, 60.2554108 ] } },
{ "type": "Feature", "properties": { "kind": "amenity=social_facility", "name": "Tukena Tähtiomena" }, "geometry": { "type": "Point", "coordinates": [ 24.8623465, 60.2432757 ] } },
{ "type": "Feature", "properties": { "kind": "leisure=sauna", "name": "" }, "geometry": { "type": "Point", "coordinates": [ 24.6488187, 60.2700604 ] } },
{ "type": "Feature", "properties": { "kind": "leisure=sauna", "name": "" }, "geometry": { "type": "Point", "coordinates": [ 24.649012, 60.269845299999986 ] } },
{ "type": "Feature", "properties": { "kind": "amenity=cafe", "name": "Pupu" }, "geometry": { "type": "Point", "coordinates": [ 24.9296467, 60.1698006 ] } },
{ "type": "Feature", "properties": { "kind": "amenity=cafe", "name": "Espresso House" }, "geometry": { "type": "Point", "coordinates": [ 24.950738, 60.1795775 ] } },
{ "type": "Feature", "properties": { "kind": "leisure=sports_centre", "name": "Ryhmäkoti Mereon uima-allas" }, "geometry": { "type": "Point", "coordinates": [ 24.8925046, 60.160896 ] } },
{ "type": "Feature", "properties": { "kind": "leisure=fitness_centre", "name": "Ryhmäkoti Mereon kuntosali" }, "geometry": { "type": "Point", "coordinates": [ 24.8925122, 60.1608236 ] } },
{ "type": "Feature", "properties": { "kind": "amenity=community_centre", "name": "Lauttasaaren nuorisotalo" }, "geometry": { "type": "Point", "coordinates": [ 24.8833421, 60.158432299999987 ] } },
{ "type": "Feature", "properties": { "kind": "leisure=sports_centre", "name": "Lauttasaaren yhteiskoulun kiipeilyseinä" }, "geometry": { "type": "Point", "coordinates": [ 24.8629863, 60.157723 ] } },
{ "type": "Feature", "properties": { "kind": "amenity=social_facility", "name": "Vattuniemen ryhmäkoti" }, "geometry": { "type": "Point", "coordinates": [ 24.8881437, 60.1531443 ] } },
{ "type": "Feature", "properties": { "kind": "amenity=cafe", "name": "Kakuttaa" }, "geometry": { "type": "Point", "coordinates": [ 24.9083734, 60.154313 ] } },
{ "type": "Feature", "properties": { "kind": "leisure=sports_centre", "name": "Kart in Club Vantaa" }, "geometry": { "type": "Point", "coordinates": [ 24.9360064, 60.3333552 ] } },
{ "type": "Feature", "properties": { "kind": "amenity=cafe", "name": "PSH-LOVE-KA by Pyshburg" }, "geometry": { "type": "Point", "coordinates": [ 24.9356894, 60.1686828 ] } },
{ "type": "Feature", "properties": { "kind": "leisure=fitness_centre", "name": "Liikku Vantaa Porttipuisto" }, "geometry": { "type": "Point", "coordinates": [ 25.0812201, 60.2811115 ] } },
{ "type": "Feature", "properties": { "kind": "amenity=cafe", "name": "Cafe Taideterassi" }, "geometry": { "type": "Point", "coordinates": [ 24.9365364, 60.181605599999983 ] } },
{ "type": "Feature", "properties": { "kind": "amenity=cafe", "name": "Fazer Café Fazerila" }, "geometry": { "type": "Point", "coordinates": [ 25.1054749, 60.2567488 ] } },
{ "type": "Feature", "properties": { "kind": "leisure=sauna", "name": "Höyrysauna" }, "geometry": { "type": "Point", "coordinates": [ 25.1195007, 60.2798752 ] } },
{ "type": "Feature", "properties": { "kind": "leisure=sauna", "name": "Hakunilan uimahalli" }, "geometry": { "type": "Point", "coordinates": [ 25.1199149, 60.280058200000013 ] } },
{ "type": "Feature", "properties": { "kind": "amenity=cafe", "name": "Chatime" }, "geometry": { "type": "Point", "coordinates": [ 24.9417703, 60.1697452 ] } },
{ "type": "Feature", "properties": { "kind": "amenity=cafe", "name": "Espresso House" }, "geometry": { "type": "Point", "coordinates": [ 24.9408075, 60.1695563 ] } },
{ "type": "Feature", "properties": { "kind": "amenity=cafe", "name": "Seastea" }, "geometry": { "type": "Point", "coordinates": [ 24.9407915, 60.169669099999986 ] } },
{ "type": "Feature", "properties": { "kind": "amenity=community_centre", "name": "Helsingin NMKY (Pakilan toimintakeskus)" }, "geometry": { "type": "Point", "coordinates": [ 24.9393804, 60.243635800000014 ] } },
{ "type": "Feature", "properties": { "kind": "amenity=community_centre", "name": "Pakilan Partiomaja, Vuorenhaltiat ry" }, "geometry": { "type": "Point", "coordinates": [ 24.9389155, 60.2432338 ] } },
{ "type": "Feature", "properties": { "kind": "amenity=community_centre", "name": "Kaskipartio ry" }, "geometry": { "type": "Point", "coordinates": [ 24.9413418, 60.2429964 ] } },
{ "type": "Feature", "properties": { "kind": "amenity=cafe", "name": "Starbucks" }, "geometry": { "type": "Point", "coordinates": [ 24.9677764, 60.3172911 ] } },
{ "type": "Feature", "properties": { "kind": "amenity=cafe", "name": "Bisan majan kahvila" }, "geometry": { "type": "Point", "coordinates": [ 25.1521098, 60.3038621 ] } },
{ "type": "Feature", "properties": { "kind": "amenity=cafe", "name": "Helmisimpukka Helsinki Käpylä" }, "geometry": { "type": "Point", "coordinates": [ 24.9421966, 60.2134212 ] } },
{ "type": "Feature", "properties": { "kind": "amenity=cafe", "name": "Kahvila ja ravintola Valokaari" }, "geometry": { "type": "Point", "coordinates": [ 24.8919609, 60.246154699999984 ] } },
{ "type": "Feature", "properties": { "kind": "amenity=cafe", "name": "Kakkugalleria" }, "geometry": { "type": "Point", "coordinates": [ 24.9494475, 60.181438100000022 ] } },
{ "type": "Feature", "properties": { "kind": "leisure=fitness_centre", "name": "CrossFit" }, "geometry": { "type": "Point", "coordinates": [ 24.8542949, 60.2228187 ] } },
{ "type": "Feature", "properties": { "kind": "amenity=social_facility", "name": "Rinnekodit Juniori-Aino" }, "geometry": { "type": "Point", "coordinates": [ 24.8509455, 60.252456799999976 ] } },
{ "type": "Feature", "properties": { "kind": "amenity=cafe", "name": "Bagdad Cafe" }, "geometry": { "type": "Point", "coordinates": [ 25.0057941, 60.252211899999985 ] } },
{ "type": "Feature", "properties": { "kind": "amenity=cafe", "name": "PuPu" }, "geometry": { "type": "Point", "coordinates": [ 24.9338118, 60.1990547 ] } },
{ "type": "Feature", "properties": { "kind": "amenity=community_centre", "name": "Nopat ja Taktiikka Ry" }, "geometry": { "type": "Point", "coordinates": [ 24.8814071, 60.2152285 ] } },
{ "type": "Feature", "properties": { "kind": "amenity=cafe", "name": "Espresso House" }, "geometry": { "type": "Point", "coordinates": [ 24.8465373, 60.3137378 ] } },
{ "type": "Feature", "properties": { "kind": "amenity=library", "name": "Mosaiikin kirjasto" }, "geometry": { "type": "Point", "coordinates": [ 24.8456642, 60.3132397 ] } },
{ "type": "Feature", "properties": { "kind": "amenity=social_facility", "name": "Tukikohta ry" }, "geometry": { "type": "Point", "coordinates": [ 24.9393231, 60.1988727 ] } },
{ "type": "Feature", "properties": { "kind": "leisure=fitness_centre", "name": "Talli Gym Suurpelto" }, "geometry": { "type": "Point", "coordinates": [ 24.7471479, 60.1862264 ] } },
{ "type": "Feature", "properties": { "kind": "amenity=community_centre", "name": "Partiolippukunta Kaivokselan Delfiinit ry" }, "geometry": { "type": "Point", "coordinates": [ 24.8687167, 60.2658888 ] } },
{ "type": "Feature", "properties": { "kind": "leisure=fitness_centre", "name": "CrossFit" }, "geometry": { "type": "Point", "coordinates": [ 25.1294116, 60.3379303 ] } },
{ "type": "Feature", "properties": { "kind": "amenity=cafe", "name": "Belle Baguette" }, "geometry": { "type": "Point", "coordinates": [ 24.9571163, 60.213158300000011 ] } },
{ "type": "Feature", "properties": { "kind": "amenity=cafe", "name": "Karamel Koffee" }, "geometry": { "type": "Point", "coordinates": [ 24.8541188, 60.2786063 ] } },
{ "type": "Feature", "properties": { "kind": "amenity=cafe", "name": "Unicafe" }, "geometry": { "type": "Point", "coordinates": [ 24.9478607, 60.171144100000014 ] } },
{ "type": "Feature", "properties": { "kind": "leisure=sports_centre", "name": "Ikaksen pulkkamäki" }, "geometry": { "type": "Point", "coordinates": [ 24.8975981, 60.2873413 ] } },
{ "type": "Feature", "properties": { "kind": "amenity=cafe", "name": "Cafe & Terrace" }, "geometry": { "type": "Point", "coordinates": [ 24.9579963, 60.1671422 ] } },
{ "type": "Feature", "properties": { "kind": "amenity=cafe", "name": "Little Big Café" }, "geometry": { "type": "Point", "coordinates": [ 24.940299, 60.1724944 ] } },
{ "type": "Feature", "properties": { "kind": "leisure=fitness_centre", "name": "CrossFit" }, "geometry": { "type": "Point", "coordinates": [ 24.9742371, 60.2922412 ] } },
{ "type": "Feature", "properties": { "kind": "amenity=social_facility", "name": "Vamos Vantaa" }, "geometry": { "type": "Point", "coordinates": [ 24.8525406, 60.2607574 ] } },
{ "type": "Feature", "properties": { "kind": "leisure=fitness_centre", "name": "Bay Studios" }, "geometry": { "type": "Point", "coordinates": [ 24.9600724, 60.169022099999985 ] } },
{ "type": "Feature", "properties": { "kind": "leisure=sports_hall", "name": "Pilates Power House Helsinki Oy" }, "geometry": { "type": "Point", "coordinates": [ 24.9418015, 60.2493274 ] } },
{ "type": "Feature", "properties": { "kind": "leisure=sports_centre", "name": "Hiekka Beach Volley Club" }, "geometry": { "type": "Point", "coordinates": [ 24.8118851, 60.2755846 ] } },
{ "type": "Feature", "properties": { "kind": "amenity=social_facility", "name": "Kotihoito/Kannelmäki 1 lähipalvelualue" }, "geometry": { "type": "Point", "coordinates": [ 24.8628114, 60.2482624 ] } },
{ "type": "Feature", "properties": { "kind": "amenity=social_facility", "name": "Kotihoito/Malminkartano 1 lähipalvelualue" }, "geometry": { "type": "Point", "coordinates": [ 24.8628483, 60.2482368 ] } },
{ "type": "Feature", "properties": { "kind": "amenity=social_facility", "name": "Kotihoito/Muurimestari 1 lähipalvelualue" }, "geometry": { "type": "Point", "coordinates": [ 24.8628855, 60.2482675 ] } },
{ "type": "Feature", "properties": { "kind": "amenity=social_facility", "name": "Kotihoito/Haaga 1 lähipalvelualue" }, "geometry": { "type": "Point", "coordinates": [ 24.8939625, 60.205594699999985 ] } },
{ "type": "Feature", "properties": { "kind": "amenity=social_facility", "name": "Kotihoito/Laakso 1 lähipalvelualue" }, "geometry": { "type": "Point", "coordinates": [ 24.8939593, 60.20552 ] } },
{ "type": "Feature", "properties": { "kind": "leisure=sports_centre", "name": "Kart in Club Espoo" }, "geometry": { "type": "Point", "coordinates": [ 24.6402245, 60.157418699999987 ] } },
{ "type": "Feature", "properties": { "kind": "leisure=fitness_centre", "name": "GOGO Express Olari" }, "geometry": { "type": "Point", "coordinates": [ 24.720332, 60.162051 ] } },
{ "type": "Feature", "properties": { "kind": "amenity=cafe", "name": "Biltema Cafe" }, "geometry": { "type": "Point", "coordinates": [ 24.6380758, 60.1575172 ] } },
{ "type": "Feature", "properties": { "kind": "leisure=sauna", "name": "Jämeräntaival Rooftop Sauna" }, "geometry": { "type": "Point", "coordinates": [ 24.8363805, 60.1872644 ] } },
{ "type": "Feature", "properties": { "kind": "amenity=cafe", "name": "Chatime" }, "geometry": { "type": "Point", "coordinates": [ 24.6555188, 60.1496329 ] } },
{ "type": "Feature", "properties": { "kind": "leisure=sports_centre", "name": "Matinkylän urheiluhalli" }, "geometry": { "type": "Point", "coordinates": [ 24.7344533, 60.15918 ] } },
{ "type": "Feature", "properties": { "kind": "amenity=community_centre", "name": "Kivikon nuorisotalo" }, "geometry": { "type": "Point", "coordinates": [ 25.0671639, 60.2370883 ] } },
{ "type": "Feature", "properties": { "kind": "amenity=cafe", "name": "Round Itis Bakery & Café" }, "geometry": { "type": "Point", "coordinates": [ 25.081024, 60.2105441 ] } },
{ "type": "Feature", "properties": { "kind": "amenity=social_facility", "name": "Vantaan osaamiskeskus, toimipiste 2" }, "geometry": { "type": "Point", "coordinates": [ 25.030677, 60.2938855 ] } },
{ "type": "Feature", "properties": { "kind": "amenity=social_facility", "name": "Vantaan osaamiskeskus" }, "geometry": { "type": "Point", "coordinates": [ 25.0431225, 60.294906199999986 ] } },
{ "type": "Feature", "properties": { "kind": "amenity=cafe", "name": "" }, "geometry": { "type": "Point", "coordinates": [ 24.9468044, 60.168075100000017 ] } },
{ "type": "Feature", "properties": { "kind": "amenity=cafe", "name": "Antell Niittyportti (Kahvila)" }, "geometry": { "type": "Point", "coordinates": [ 24.7702617, 60.1694904 ] } },
{ "type": "Feature", "properties": { "kind": "leisure=sauna", "name": "" }, "geometry": { "type": "Point", "coordinates": [ 24.9326891, 60.219927900000016 ] } },
{ "type": "Feature", "properties": { "kind": "amenity=community_centre", "name": "Kauniaisten Radiokerho Ry" }, "geometry": { "type": "Point", "coordinates": [ 24.7019563, 60.2149627 ] } },
{ "type": "Feature", "properties": { "kind": "amenity=social_facility", "name": "Ykköskoti Aurinkorinne" }, "geometry": { "type": "Point", "coordinates": [ 24.855872, 60.2702591 ] } },
{ "type": "Feature", "properties": { "kind": "amenity=social_facility", "name": "Ykköskoti Tähtirinne" }, "geometry": { "type": "Point", "coordinates": [ 24.8560149, 60.2701785 ] } },
{ "type": "Feature", "properties": { "kind": "amenity=social_facility", "name": "Onnikoti Oiva" }, "geometry": { "type": "Point", "coordinates": [ 24.8556654, 60.2703609 ] } },
{ "type": "Feature", "properties": { "kind": "amenity=social_facility", "name": "Ykköskoti Kielorinne" }, "geometry": { "type": "Point", "coordinates": [ 24.8560973, 60.2700897 ] } },
{ "type": "Feature", "properties": { "kind": "amenity=social_facility", "name": "Työkeskus Salpa, Vantaa" }, "geometry": { "type": "Point", "coordinates": [ 25.0849187, 60.2804907 ] } },
{ "type": "Feature", "properties": { "kind": "amenity=social_facility", "name": "Perheoikeudellisen yksikön toimisto" }, "geometry": { "type": "Point", "coordinates": [ 24.6529885, 60.2040646 ] } },
{ "type": "Feature", "properties": { "kind": "leisure=sports_centre", "name": "Nuori Espoo Urheilukeskus" }, "geometry": { "type": "Point", "coordinates": [ 24.7405641, 60.1566193 ] } },
{ "type": "Feature", "properties": { "kind": "amenity=library", "name": "Riistavuoren palvelukeskuskirjasto" }, "geometry": { "type": "Point", "coordinates": [ 24.8873971, 60.2170823 ] } },
{ "type": "Feature", "properties": { "kind": "amenity=library", "name": "Kustaankartanon palvelukeskuskirjasto" }, "geometry": { "type": "Point", "coordinates": [ 24.9458186, 60.228279799999989 ] } },
{ "type": "Feature", "properties": { "kind": "amenity=library", "name": "Myllypuron palvelukeskuskirjasto" }, "geometry": { "type": "Point", "coordinates": [ 25.0643107, 60.224850699999983 ] } },
{ "type": "Feature", "properties": { "kind": "amenity=library", "name": "Roihuvuoren palvelukeskuskirjasto" }, "geometry": { "type": "Point", "coordinates": [ 25.0638632, 60.203453 ] } },
{ "type": "Feature", "properties": { "kind": "leisure=fitness_centre", "name": "Kivayoga" }, "geometry": { "type": "Point", "coordinates": [ 24.9711148, 60.2299749 ] } },
{ "type": "Feature", "properties": { "kind": "amenity=cafe", "name": "Lauran Kaffila" }, "geometry": { "type": "Point", "coordinates": [ 25.040075, 60.293105799999985 ] } },
{ "type": "Feature", "properties": { "kind": "leisure=sports_centre", "name": "Kilon uimahalli" }, "geometry": { "type": "Point", "coordinates": [ 24.7489962, 60.210263 ] } },
{ "type": "Feature", "properties": { "kind": "leisure=fitness_centre", "name": "Fressi" }, "geometry": { "type": "Point", "coordinates": [ 24.9772564, 60.208376 ] } },
{ "type": "Feature", "properties": { "kind": "leisure=fitness_centre", "name": "Motivus Vallila" }, "geometry": { "type": "Point", "coordinates": [ 24.9455232, 60.194315700000011 ] } },
{ "type": "Feature", "properties": { "kind": "amenity=marketplace", "name": "Granin REKO lähiruokarengas (REKO Grani)" }, "geometry": { "type": "Point", "coordinates": [ 24.7048876, 60.2151653 ] } },
{ "type": "Feature", "properties": { "kind": "amenity=cafe", "name": "Matcha Crew" }, "geometry": { "type": "Point", "coordinates": [ 24.929714, 60.1666969 ] } },
{ "type": "Feature", "properties": { "kind": "amenity=social_facility", "name": "Helander-koti" }, "geometry": { "type": "Point", "coordinates": [ 24.8996815, 60.2200893 ] } },
{ "type": "Feature", "properties": { "kind": "leisure=fitness_centre", "name": "Fitness24Seven" }, "geometry": { "type": "Point", "coordinates": [ 24.9485749, 60.169126799999987 ] } },
{ "type": "Feature", "properties": { "kind": "amenity=cafe", "name": "Café Clé" }, "geometry": { "type": "Point", "coordinates": [ 24.9566335, 60.173055899999987 ] } },
{ "type": "Feature", "properties": { "kind": "amenity=cafe", "name": "Hallikahvila" }, "geometry": { "type": "Point", "coordinates": [ 24.9509738, 60.1799822 ] } },
{ "type": "Feature", "properties": { "kind": "amenity=arts_centre", "name": "Museum of Impossible Forms" }, "geometry": { "type": "Point", "coordinates": [ 24.9783864, 60.1806284 ] } },
{ "type": "Feature", "properties": { "kind": "amenity=community_centre", "name": "Elsebo" }, "geometry": { "type": "Point", "coordinates": [ 24.8960262, 60.2155395 ] } },
{ "type": "Feature", "properties": { "kind": "leisure=sports_centre", "name": "Arena Center Ruskeasuo" }, "geometry": { "type": "Point", "coordinates": [ 24.9019648, 60.2063003 ] } },
{ "type": "Feature", "properties": { "kind": "amenity=cafe", "name": "Espresso House" }, "geometry": { "type": "Point", "coordinates": [ 24.9332149, 60.1693575 ] } },
{ "type": "Feature", "properties": { "kind": "amenity=library", "name": "Kalasataman kirjasto" }, "geometry": { "type": "Point", "coordinates": [ 24.9805145, 60.1873108 ] } },
{ "type": "Feature", "properties": { "kind": "amenity=community_centre", "name": "Kulttuurikeskus Sähinä" }, "geometry": { "type": "Point", "coordinates": [ 24.8823905, 60.1557266 ] } },
{ "type": "Feature", "properties": { "kind": "amenity=community_centre", "name": "Vantaan kutojat ry" }, "geometry": { "type": "Point", "coordinates": [ 24.871449, 60.2698834 ] } },
{ "type": "Feature", "properties": { "kind": "amenity=cafe", "name": "Shin Café" }, "geometry": { "type": "Point", "coordinates": [ 24.9414856, 60.1700091 ] } },
{ "type": "Feature", "properties": { "kind": "amenity=cafe", "name": "Café Korvari" }, "geometry": { "type": "Point", "coordinates": [ 24.9135643, 60.1887166 ] } },
{ "type": "Feature", "properties": { "kind": "leisure=sauna", "name": "Urbansauna Kallio" }, "geometry": { "type": "Point", "coordinates": [ 24.9550471, 60.1889059 ] } },
{ "type": "Feature", "properties": { "kind": "amenity=cafe", "name": "Café Höijer" }, "geometry": { "type": "Point", "coordinates": [ 24.9440947, 60.1698462 ] } },
{ "type": "Feature", "properties": { "kind": "leisure=fitness_centre", "name": "Fressi" }, "geometry": { "type": "Point", "coordinates": [ 24.9696462, 60.28379910000001 ] } },
{ "type": "Feature", "properties": { "kind": "leisure=fitness_centre", "name": "Leskinen Training Oy" }, "geometry": { "type": "Point", "coordinates": [ 24.7083656, 60.2108813 ] } },
{ "type": "Feature", "properties": { "kind": "amenity=social_facility", "name": "Ruusulan ryhmäkoti" }, "geometry": { "type": "Point", "coordinates": [ 24.9248876, 60.1820604 ] } },
{ "type": "Feature", "properties": { "kind": "leisure=sports_centre", "name": "Peikin Ratsastuskoulu" }, "geometry": { "type": "Point", "coordinates": [ 24.7215602, 60.2014269 ] } },
{ "type": "Feature", "properties": { "kind": "leisure=fitness_centre", "name": "Forever LITE" }, "geometry": { "type": "Point", "coordinates": [ 24.6588611, 60.2102486 ] } },
{ "type": "Feature", "properties": { "kind": "amenity=cafe", "name": "Wanha Pehtoori Leipomo-myymälä" }, "geometry": { "type": "Point", "coordinates": [ 24.8812903, 60.22921070000001 ] } },
{ "type": "Feature", "properties": { "kind": "amenity=cafe", "name": "Cafe Amore" }, "geometry": { "type": "Point", "coordinates": [ 24.9335223, 60.15708690000001 ] } },
{ "type": "Feature", "properties": { "kind": "leisure=sports_centre", "name": "Kauniaisten ratsastuskeskus" }, "geometry": { "type": "Point", "coordinates": [ 24.7201948, 60.2014633 ] } },
{ "type": "Feature", "properties": { "kind": "amenity=cafe", "name": "Freesi Café" }, "geometry": { "type": "Point", "coordinates": [ 24.8104986, 60.1868622 ] } },
{ "type": "Feature", "properties": { "kind": "amenity=community_centre", "name": "Juhlatila Pyynikki" }, "geometry": { "type": "Point", "coordinates": [ 24.9987964, 60.2334119 ] } },
{ "type": "Feature", "properties": { "kind": "amenity=community_centre", "name": "Pienten Paikka" }, "geometry": { "type": "Point", "coordinates": [ 25.0400124, 60.2931098 ] } },
{ "type": "Feature", "properties": { "kind": "amenity=cafe", "name": "Café Normal" }, "geometry": { "type": "Point", "coordinates": [ 24.9443723, 60.168738399999988 ] } },
{ "type": "Feature", "properties": { "kind": "amenity=arts_centre", "name": "Art-Rita" }, "geometry": { "type": "Point", "coordinates": [ 24.9561825, 60.1731837 ] } },
{ "type": "Feature", "properties": { "kind": "amenity=cafe", "name": "Roasberg" }, "geometry": { "type": "Point", "coordinates": [ 24.930186, 60.1980868 ] } },
{ "type": "Feature", "properties": { "kind": "amenity=cafe", "name": "Cafe Vohvelitehdas" }, "geometry": { "type": "Point", "coordinates": [ 24.9404681, 60.18861960000001 ] } },
{ "type": "Feature", "properties": { "kind": "amenity=cafe", "name": "Jädepaja" }, "geometry": { "type": "Point", "coordinates": [ 24.9405006, 60.1885206 ] } },
{ "type": "Feature", "properties": { "kind": "leisure=fitness_centre", "name": "Maija Oksa - V" }, "geometry": { "type": "Point", "coordinates": [ 24.9489929, 60.167082 ] } },
{ "type": "Feature", "properties": { "kind": "amenity=community_centre", "name": "Alakulttuuritila Alimus" }, "geometry": { "type": "Point", "coordinates": [ 24.9576456, 60.184274899999984 ] } },
{ "type": "Feature", "properties": { "kind": "leisure=fitness_centre", "name": "ILMA HELSINKI" }, "geometry": { "type": "Point", "coordinates": [ 24.9604029, 60.169044 ] } },
{ "type": "Feature", "properties": { "kind": "amenity=cafe", "name": "Kuninkaantammen pihakahvila" }, "geometry": { "type": "Point", "coordinates": [ 24.8957034, 60.266494 ] } },
{ "type": "Feature", "properties": { "kind": "amenity=cafe", "name": "Silversund Café & Terrace" }, "geometry": { "type": "Point", "coordinates": [ 24.9987401, 60.1817189 ] } },
{ "type": "Feature", "properties": { "kind": "amenity=cafe", "name": "Bob Lunch & Café" }, "geometry": { "type": "Point", "coordinates": [ 24.8138452, 60.2108338 ] } },
{ "type": "Feature", "properties": { "kind": "amenity=community_centre", "name": "Helsingin työväenopisto" }, "geometry": { "type": "Point", "coordinates": [ 24.9635163, 60.2278284 ] } },
{ "type": "Feature", "properties": { "kind": "amenity=community_centre", "name": "Puukoulu" }, "geometry": { "type": "Point", "coordinates": [ 24.9580787, 60.2303347 ] } },
{ "type": "Feature", "properties": { "kind": "amenity=cafe", "name": "Cafe Donitsi" }, "geometry": { "type": "Point", "coordinates": [ 24.9400867, 60.1890932 ] } },
{ "type": "Feature", "properties": { "kind": "amenity=cafe", "name": "Cafe Carccila" }, "geometry": { "type": "Point", "coordinates": [ 24.9391311, 60.1889957 ] } },
{ "type": "Feature", "properties": { "kind": "leisure=fitness_centre", "name": "Lady's Club" }, "geometry": { "type": "Point", "coordinates": [ 24.9640124, 60.2284144 ] } },
{ "type": "Feature", "properties": { "kind": "amenity=cafe", "name": "Lindt" }, "geometry": { "type": "Point", "coordinates": [ 25.0810759, 60.2751685 ] } },
{ "type": "Feature", "properties": { "kind": "amenity=cafe", "name": "Cafe Hiekka" }, "geometry": { "type": "Point", "coordinates": [ 25.0333071, 60.1693323 ] } },
{ "type": "Feature", "properties": { "kind": "amenity=cafe", "name": "OMA Kahvila-Ravintola" }, "geometry": { "type": "Point", "coordinates": [ 24.8929988, 60.2079585 ] } },
{ "type": "Feature", "properties": { "kind": "amenity=community_centre", "name": "Majavan tila" }, "geometry": { "type": "Point", "coordinates": [ 24.897982, 60.2121378 ] } },
{ "type": "Feature", "properties": { "kind": "amenity=social_facility", "name": "Rinnekodit Fanny" }, "geometry": { "type": "Point", "coordinates": [ 24.8052742, 60.1724171 ] } },
{ "type": "Feature", "properties": { "kind": "amenity=social_facility", "name": "Rinnekodit Mäntylä" }, "geometry": { "type": "Point", "coordinates": [ 24.8053433, 60.172512300000015 ] } },
{ "type": "Feature", "properties": { "kind": "amenity=cafe", "name": "Amos Café" }, "geometry": { "type": "Point", "coordinates": [ 24.9376272, 60.168397599999984 ] } },
{ "type": "Feature", "properties": { "kind": "leisure=sports_centre", "name": "Kilon talli" }, "geometry": { "type": "Point", "coordinates": [ 24.7908667, 60.221243 ] } },
{ "type": "Feature", "properties": { "kind": "amenity=community_centre", "name": "Kilon Ratsastuskerho" }, "geometry": { "type": "Point", "coordinates": [ 24.7928557, 60.2211706 ] } },
{ "type": "Feature", "properties": { "kind": "leisure=fitness_centre", "name": "THEGYM.Lauttasaari" }, "geometry": { "type": "Point", "coordinates": [ 24.885876, 60.1520262 ] } },
{ "type": "Feature", "properties": { "kind": "amenity=cafe", "name": "Finca Las Ventanas" }, "geometry": { "type": "Point", "coordinates": [ 24.9648463, 60.1663425 ] } },
{ "type": "Feature", "properties": { "kind": "amenity=cafe", "name": "ARKET Café" }, "geometry": { "type": "Point", "coordinates": [ 24.9458077, 60.1685268 ] } },
{ "type": "Feature", "properties": { "kind": "amenity=community_centre", "name": "Itä-Vantaan yhteisö" }, "geometry": { "type": "Point", "coordinates": [ 25.0651764, 60.3229917 ] } },
{ "type": "Feature", "properties": { "kind": "amenity=social_facility", "name": "Kuurinkallio" }, "geometry": { "type": "Point", "coordinates": [ 24.7025104, 60.1979412 ] } },
{ "type": "Feature", "properties": { "kind": "leisure=fitness_centre", "name": "Kannusillanmäen väestönsuoja / Kuntosali 1" }, "geometry": { "type": "Point", "coordinates": [ 24.6529258, 60.2060318 ] } },
{ "type": "Feature", "properties": { "kind": "amenity=cafe", "name": "Südtirol Café" }, "geometry": { "type": "Point", "coordinates": [ 24.9595321, 60.1843967 ] } },
{ "type": "Feature", "properties": { "kind": "amenity=arts_centre", "name": "Maalausbaari Studio & Bar" }, "geometry": { "type": "Point", "coordinates": [ 24.9343993, 60.1669919 ] } },
{ "type": "Feature", "properties": { "kind": "amenity=arts_centre", "name": "Lasi & Koru Studio" }, "geometry": { "type": "Point", "coordinates": [ 24.9352683, 60.1672947 ] } },
{ "type": "Feature", "properties": { "kind": "amenity=arts_centre", "name": "redukt_studio" }, "geometry": { "type": "Point", "coordinates": [ 24.951224, 60.1861543 ] } },
{ "type": "Feature", "properties": { "kind": "leisure=fitness_centre", "name": "Virgiinia" }, "geometry": { "type": "Point", "coordinates": [ 24.9471824, 60.190794 ] } },
{ "type": "Feature", "properties": { "kind": "amenity=social_facility", "name": "Kilopuron palveluasunnot" }, "geometry": { "type": "Point", "coordinates": [ 24.782764, 60.2160888 ] } },
{ "type": "Feature", "properties": { "kind": "amenity=community_centre", "name": "Lastenkulttuurikeskus Pyykkitupa" }, "geometry": { "type": "Point", "coordinates": [ 25.1133462, 60.2754311 ] } },
{ "type": "Feature", "properties": { "kind": "amenity=community_centre", "name": "Lastenkulttuurikeskus Toteemi" }, "geometry": { "type": "Point", "coordinates": [ 24.8520327, 60.2681904 ] } },
{ "type": "Feature", "properties": { "kind": "amenity=cafe", "name": "Diwan Bagdad Sweet's" }, "geometry": { "type": "Point", "coordinates": [ 25.0812212, 60.2109869 ] } },
{ "type": "Feature", "properties": { "kind": "leisure=fitness_centre", "name": "Valmennuskeskus Newton / CrossFit Nuijala" }, "geometry": { "type": "Point", "coordinates": [ 24.7756234, 60.206818 ] } },
{ "type": "Feature", "properties": { "kind": "leisure=fitness_centre", "name": "" }, "geometry": { "type": "Point", "coordinates": [ 24.7676274, 60.2078733 ] } },
{ "type": "Feature", "properties": { "kind": "leisure=fitness_centre", "name": "TFW Kilo" }, "geometry": { "type": "Point", "coordinates": [ 24.7673672, 60.2076494 ] } },
{ "type": "Feature", "properties": { "kind": "amenity=cafe", "name": "Mocha cafe" }, "geometry": { "type": "Point", "coordinates": [ 25.0424384, 60.2949662 ] } },
{ "type": "Feature", "properties": { "kind": "leisure=sports_centre", "name": "Gunpoint" }, "geometry": { "type": "Point", "coordinates": [ 24.8439394, 60.2477649 ] } },
{ "type": "Feature", "properties": { "kind": "amenity=cafe", "name": "Cafeteria Böle" }, "geometry": { "type": "Point", "coordinates": [ 24.9170772, 60.2042661 ] } },
{ "type": "Feature", "properties": { "kind": "leisure=fitness_centre", "name": "Fressi" }, "geometry": { "type": "Point", "coordinates": [ 24.736317, 60.1643317 ] } },
{ "type": "Feature", "properties": { "kind": "amenity=community_centre", "name": "The Train Factory" }, "geometry": { "type": "Point", "coordinates": [ 24.9489747, 60.1910283 ] } },
{ "type": "Feature", "properties": { "kind": "leisure=sports_centre", "name": "Gumbölen Ratsastuskeskus" }, "geometry": { "type": "Point", "coordinates": [ 24.6163195, 60.2188665 ] } },
{ "type": "Feature", "properties": { "kind": "leisure=sports_centre", "name": "Töölön uimahalli" }, "geometry": { "type": "Point", "coordinates": [ 24.9115754, 60.1900817 ] } },
{ "type": "Feature", "properties": { "kind": "amenity=cafe", "name": "Cafe Venetsia" }, "geometry": { "type": "Point", "coordinates": [ 24.9824676, 60.1899151 ] } },
{ "type": "Feature", "properties": { "kind": "amenity=social_facility", "name": "Etsivä nuorisotyö" }, "geometry": { "type": "Point", "coordinates": [ 25.0413106, 60.291244699999986 ] } },
{ "type": "Feature", "properties": { "kind": "leisure=fitness_centre", "name": "Roots Helsinki Punavuori" }, "geometry": { "type": "Point", "coordinates": [ 24.9401782, 60.1611064 ] } },
{ "type": "Feature", "properties": { "kind": "leisure=sports_centre", "name": "Nuuksion ratsastuskeskus" }, "geometry": { "type": "Point", "coordinates": [ 24.6071698, 60.2642304 ] } },
{ "type": "Feature", "properties": { "kind": "amenity=cafe", "name": "Color Stone" }, "geometry": { "type": "Point", "coordinates": [ 24.8496351, 60.3160058 ] } },
{ "type": "Feature", "properties": { "kind": "leisure=fitness_centre", "name": "Bay Studios" }, "geometry": { "type": "Point", "coordinates": [ 24.9337329, 60.1584968 ] } },
{ "type": "Feature", "properties": { "kind": "amenity=community_centre", "name": "Asukastalo Nalli" }, "geometry": { "type": "Point", "coordinates": [ 25.0611122, 60.234903899999985 ] } },
{ "type": "Feature", "properties": { "kind": "amenity=community_centre", "name": "Äänen Lumo - Sonic Arts Event Space" }, "geometry": { "type": "Point", "coordinates": [ 24.9507868, 60.195808499999984 ] } },
{ "type": "Feature", "properties": { "kind": "amenity=cafe", "name": "Roasberg" }, "geometry": { "type": "Point", "coordinates": [ 24.9498111, 60.182056399999986 ] } },
{ "type": "Feature", "properties": { "kind": "leisure=fitness_centre", "name": "Roots Helsinki Töölö" }, "geometry": { "type": "Point", "coordinates": [ 24.925242, 60.175182 ] } },
{ "type": "Feature", "properties": { "kind": "leisure=sports_centre", "name": "Primus-Talli" }, "geometry": { "type": "Point", "coordinates": [ 24.700264, 60.246729299999977 ] } },
{ "type": "Feature", "properties": { "kind": "amenity=social_facility", "name": "Vantaan A-kilta ry" }, "geometry": { "type": "Point", "coordinates": [ 25.0471693, 60.2951685 ] } },
{ "type": "Feature", "properties": { "kind": "amenity=social_facility", "name": "Vantaan A-kilta, Löydöstupa" }, "geometry": { "type": "Point", "coordinates": [ 24.8590183, 60.263224 ] } },
{ "type": "Feature", "properties": { "kind": "amenity=community_centre", "name": "Kohtaus Vallila" }, "geometry": { "type": "Point", "coordinates": [ 24.9640502, 60.1919201 ] } },
{ "type": "Feature", "properties": { "kind": "leisure=sauna", "name": "Gay Sauna Con Hombres" }, "geometry": { "type": "Point", "coordinates": [ 24.9636673, 60.167274 ] } },
{ "type": "Feature", "properties": { "kind": "amenity=community_centre", "name": "Kulttuuritehdas Vernissa" }, "geometry": { "type": "Point", "coordinates": [ 25.0439768, 60.289725200000021 ] } },
{ "type": "Feature", "properties": { "kind": "amenity=cafe", "name": "Fresko" }, "geometry": { "type": "Point", "coordinates": [ 24.8105166, 60.2178234 ] } },
{ "type": "Feature", "properties": { "kind": "amenity=community_centre", "name": "Otakut" }, "geometry": { "type": "Point", "coordinates": [ 24.8387947, 60.1900972 ] } },
{ "type": "Feature", "properties": { "kind": "leisure=sauna", "name": "Ossinsauna" }, "geometry": { "type": "Point", "coordinates": [ 24.8351662, 60.1884794 ] } },
{ "type": "Feature", "properties": { "kind": "leisure=sauna", "name": "OK20" }, "geometry": { "type": "Point", "coordinates": [ 24.8337779, 60.1869232 ] } },
{ "type": "Feature", "properties": { "kind": "leisure=sauna", "name": "Otaranta Rooftop Sauna" }, "geometry": { "type": "Point", "coordinates": [ 24.8370297, 60.1864196 ] } },
{ "type": "Feature", "properties": { "kind": "amenity=community_centre", "name": "Kohtaus Malmi" }, "geometry": { "type": "Point", "coordinates": [ 25.0089209, 60.2519251 ] } },
{ "type": "Feature", "properties": { "kind": "amenity=social_facility", "name": "Martinlaakson neuvola, Myyrmannin toimipiste" }, "geometry": { "type": "Point", "coordinates": [ 24.8519477, 60.2607974 ] } },
{ "type": "Feature", "properties": { "kind": "leisure=sports_centre", "name": "Leppävaaran Ratsastuskoulu" }, "geometry": { "type": "Point", "coordinates": [ 24.7846682, 60.2366268 ] } },
{ "type": "Feature", "properties": { "kind": "leisure=sports_centre", "name": "PLAYBOX" }, "geometry": { "type": "Point", "coordinates": [ 24.8768747, 60.2707454 ] } },
{ "type": "Feature", "properties": { "kind": "amenity=cafe", "name": "Teboil" }, "geometry": { "type": "Point", "coordinates": [ 24.7519769, 60.181878599999983 ] } },
{ "type": "Feature", "properties": { "kind": "leisure=fitness_centre", "name": "Move Wellness Center" }, "geometry": { "type": "Point", "coordinates": [ 24.7122136, 60.2064522 ] } },
{ "type": "Feature", "properties": { "kind": "amenity=cafe", "name": "" }, "geometry": { "type": "Point", "coordinates": [ 24.7119453, 60.2064696 ] } },
{ "type": "Feature", "properties": { "kind": "amenity=social_facility", "name": "Monipalvelu Heijasalo" }, "geometry": { "type": "Point", "coordinates": [ 24.7093127, 60.2063966 ] } },
{ "type": "Feature", "properties": { "kind": "amenity=community_centre", "name": "Hiekkaharjun nuorisotila" }, "geometry": { "type": "Point", "coordinates": [ 25.0291517, 60.3124249 ] } },
{ "type": "Feature", "properties": { "kind": "leisure=sports_hall", "name": "Hiekkaharjun nuorisotilan liikuntasali" }, "geometry": { "type": "Point", "coordinates": [ 25.0289443, 60.3125318 ] } },
{ "type": "Feature", "properties": { "kind": "amenity=cafe", "name": "Kahvila Nuotta" }, "geometry": { "type": "Point", "coordinates": [ 24.9765093, 60.1888294 ] } },
{ "type": "Feature", "properties": { "kind": "amenity=arts_centre", "name": "Pukinmäen taidekoulut" }, "geometry": { "type": "Point", "coordinates": [ 24.9947736, 60.2408106 ] } },
{ "type": "Feature", "properties": { "kind": "amenity=community_centre", "name": "Kiffen Jalkapallojuniorit" }, "geometry": { "type": "Point", "coordinates": [ 25.0070743, 60.283325399999988 ] } },
{ "type": "Feature", "properties": { "kind": "amenity=community_centre", "name": "Kulttuurilabra" }, "geometry": { "type": "Point", "coordinates": [ 25.0585051, 60.1988738 ] } },
{ "type": "Feature", "properties": { "kind": "amenity=social_facility", "name": "D-asema Kontula" }, "geometry": { "type": "Point", "coordinates": [ 25.0825661, 60.2366883 ] } },
{ "type": "Feature", "properties": { "kind": "amenity=cafe", "name": "Heritage Cafe" }, "geometry": { "type": "Point", "coordinates": [ 24.932191, 60.167926 ] } },
{ "type": "Feature", "properties": { "kind": "leisure=sauna", "name": "" }, "geometry": { "type": "Point", "coordinates": [ 24.8447415, 60.2762206 ] } },
{ "type": "Feature", "properties": { "kind": "leisure=sauna", "name": "" }, "geometry": { "type": "Point", "coordinates": [ 24.844916, 60.2760341 ] } },
{ "type": "Feature", "properties": { "kind": "leisure=sports_centre", "name": "Kontulan uimahalli" }, "geometry": { "type": "Point", "coordinates": [ 25.0850225, 60.2371263 ] } },
{ "type": "Feature", "properties": { "kind": "amenity=cafe", "name": "Starbucks" }, "geometry": { "type": "Point", "coordinates": [ 24.9410313, 60.1710948 ] } },
{ "type": "Feature", "properties": { "kind": "amenity=social_facility", "name": "Helsingin ensikoti" }, "geometry": { "type": "Point", "coordinates": [ 24.9532995, 60.1951563 ] } },
{ "type": "Feature", "properties": { "kind": "amenity=community_centre", "name": "Soittorasian kerho" }, "geometry": { "type": "Point", "coordinates": [ 24.8490317, 60.281785 ] } },
{ "type": "Feature", "properties": { "kind": "amenity=community_centre", "name": "Ylästön kerho" }, "geometry": { "type": "Point", "coordinates": [ 24.9095061, 60.2817518 ] } },
{ "type": "Feature", "properties": { "kind": "amenity=community_centre", "name": "Hippos" }, "geometry": { "type": "Point", "coordinates": [ 24.840493, 60.2150578 ] } },
{ "type": "Feature", "properties": { "kind": "amenity=cafe", "name": "Joe & The Juice" }, "geometry": { "type": "Point", "coordinates": [ 24.9334872, 60.1693129 ] } },
{ "type": "Feature", "properties": { "kind": "amenity=cafe", "name": "Fazer Café Vallila" }, "geometry": { "type": "Point", "coordinates": [ 24.9557323, 60.189587 ] } },
{ "type": "Feature", "properties": { "kind": "amenity=cafe", "name": "Robert’s Coffee Espressobaari" }, "geometry": { "type": "Point", "coordinates": [ 24.9417927, 60.168651 ] } },
{ "type": "Feature", "properties": { "kind": "amenity=community_centre", "name": "Kirkkojärven nuorisotila" }, "geometry": { "type": "Point", "coordinates": [ 24.6693379, 60.2094822 ] } },
{ "type": "Feature", "properties": { "kind": "amenity=community_centre", "name": "Korson Asukastila" }, "geometry": { "type": "Point", "coordinates": [ 25.0761581, 60.3501371 ] } },
{ "type": "Feature", "properties": { "kind": "amenity=community_centre", "name": "Korson Nuorisotila" }, "geometry": { "type": "Point", "coordinates": [ 25.076904, 60.351254099999984 ] } },
{ "type": "Feature", "properties": { "kind": "amenity=social_facility", "name": "Kuuselan perhekuntoutuskeskus" }, "geometry": { "type": "Point", "coordinates": [ 25.0370666, 60.2985025 ] } },
{ "type": "Feature", "properties": { "kind": "amenity=social_facility", "name": "Tikkurilan AA-Ryhmä" }, "geometry": { "type": "Point", "coordinates": [ 25.0376949, 60.298432 ] } },
{ "type": "Feature", "properties": { "kind": "amenity=cafe", "name": "QiTea" }, "geometry": { "type": "Point", "coordinates": [ 24.8088014, 60.2182362 ] } },
{ "type": "Feature", "properties": { "kind": "amenity=cafe", "name": "QiTea" }, "geometry": { "type": "Point", "coordinates": [ 24.9481288, 60.1695646 ] } },
{ "type": "Feature", "properties": { "kind": "amenity=cafe", "name": "Hachi Tea" }, "geometry": { "type": "Point", "coordinates": [ 24.9471792, 60.1715677 ] } },
{ "type": "Feature", "properties": { "kind": "amenity=cafe", "name": "The Avocado Cafeteria" }, "geometry": { "type": "Point", "coordinates": [ 24.930763, 60.1988251 ] } },
{ "type": "Feature", "properties": { "kind": "amenity=cafe", "name": "Boba Bao" }, "geometry": { "type": "Point", "coordinates": [ 24.9358182, 60.1687567 ] } },
{ "type": "Feature", "properties": { "kind": "amenity=cafe", "name": "Daebak" }, "geometry": { "type": "Point", "coordinates": [ 24.9391276, 60.159923599999985 ] } },
{ "type": "Feature", "properties": { "kind": "amenity=cafe", "name": "Gateau" }, "geometry": { "type": "Point", "coordinates": [ 24.9331814, 60.169333899999984 ] } },
{ "type": "Feature", "properties": { "kind": "amenity=cafe", "name": "Chéri Chou" }, "geometry": { "type": "Point", "coordinates": [ 24.9412302, 60.1689592 ] } },
{ "type": "Feature", "properties": { "kind": "amenity=community_centre", "name": "Suutarilan nuorisotalo" }, "geometry": { "type": "Point", "coordinates": [ 25.0043683, 60.2760477 ] } },
{ "type": "Feature", "properties": { "kind": "amenity=cafe", "name": "Gateau" }, "geometry": { "type": "Point", "coordinates": [ 24.9792476, 60.1873832 ] } },
{ "type": "Feature", "properties": { "kind": "leisure=sports_hall", "name": "Säveltäjänpuiston monitoimisali" }, "geometry": { "type": "Point", "coordinates": [ 24.9885906, 60.24580670000001 ] } },
{ "type": "Feature", "properties": { "kind": "amenity=arts_centre", "name": "Säveltäjänpuiston taidetalo" }, "geometry": { "type": "Point", "coordinates": [ 24.9908706, 60.2454659 ] } },
{ "type": "Feature", "properties": { "kind": "amenity=arts_centre", "name": "Colour Box" }, "geometry": { "type": "Point", "coordinates": [ 24.9567187, 60.172096199999984 ] } },
{ "type": "Feature", "properties": { "kind": "leisure=sports_centre", "name": "Lindyride" }, "geometry": { "type": "Point", "coordinates": [ 24.5793502, 60.194446199999987 ] } },
{ "type": "Feature", "properties": { "kind": "leisure=sports_centre", "name": "Espoon Talli" }, "geometry": { "type": "Point", "coordinates": [ 24.5800837, 60.195526699999988 ] } },
{ "type": "Feature", "properties": { "kind": "amenity=cafe", "name": "Bubble Tea" }, "geometry": { "type": "Point", "coordinates": [ 24.8118493, 60.2177012 ] } },
{ "type": "Feature", "properties": { "kind": "leisure=sports_hall", "name": "Mäntymäen koulun liikuntasali" }, "geometry": { "type": "Point", "coordinates": [ 24.7155555, 60.2127466 ] } },
{ "type": "Feature", "properties": { "kind": "amenity=cafe", "name": "Café Helli" }, "geometry": { "type": "Point", "coordinates": [ 24.9614288, 60.1659476 ] } },
{ "type": "Feature", "properties": { "kind": "amenity=community_centre", "name": "Sarfvik Beach Club" }, "geometry": { "type": "Point", "coordinates": [ 24.6096758, 60.155843099999984 ] } },
{ "type": "Feature", "properties": { "kind": "amenity=community_centre", "name": "Leppävaaran Kansantalo" }, "geometry": { "type": "Point", "coordinates": [ 24.8174562, 60.228925 ] } },
{ "type": "Feature", "properties": { "kind": "leisure=fitness_centre", "name": "Liikuntakeskus vida" }, "geometry": { "type": "Point", "coordinates": [ 25.0745136, 60.3508657 ] } },
{ "type": "Feature", "properties": { "kind": "amenity=social_facility", "name": "Tunaberg seniorhemn" }, "geometry": { "type": "Point", "coordinates": [ 24.7242844, 60.159387 ] } },
{ "type": "Feature", "properties": { "kind": "amenity=social_facility", "name": "Tunaro vårdhem" }, "geometry": { "type": "Point", "coordinates": [ 24.7251197, 60.1594055 ] } },
{ "type": "Feature", "properties": { "kind": "amenity=cafe", "name": "Cafe Onni" }, "geometry": { "type": "Point", "coordinates": [ 24.9435498, 60.1885623 ] } },
{ "type": "Feature", "properties": { "kind": "amenity=community_centre", "name": "Taitokeskus Korso" }, "geometry": { "type": "Point", "coordinates": [ 25.0700218, 60.3518375 ] } },
{ "type": "Feature", "properties": { "kind": "leisure=sports_centre", "name": "Lahnuksen ratsastuskoulu" }, "geometry": { "type": "Point", "coordinates": [ 24.7258699, 60.330393 ] } },
{ "type": "Feature", "properties": { "kind": "amenity=cafe", "name": "Cafe Unelma" }, "geometry": { "type": "Point", "coordinates": [ 25.0751549, 60.35114990000001 ] } },
{ "type": "Feature", "properties": { "kind": "amenity=community_centre", "name": "Unkarin kulttuurikeskus" }, "geometry": { "type": "Point", "coordinates": [ 24.9484867, 60.1729422 ] } },
{ "type": "Feature", "properties": { "kind": "amenity=community_centre", "name": "Kivistön nuorisotila" }, "geometry": { "type": "Point", "coordinates": [ 24.8463022, 60.3136388 ] } },
{ "type": "Feature", "properties": { "kind": "amenity=cafe", "name": "Meli Cafe & Bakery" }, "geometry": { "type": "Point", "coordinates": [ 24.9104742, 60.1588082 ] } },
{ "type": "Feature", "properties": { "kind": "leisure=fitness_centre", "name": "Personal Best Athletics" }, "geometry": { "type": "Point", "coordinates": [ 24.9434314, 60.159305 ] } },
{ "type": "Feature", "properties": { "kind": "amenity=cafe", "name": "Kahvila Yläpilvi" }, "geometry": { "type": "Point", "coordinates": [ 24.9610112, 60.3045677 ] } },
{ "type": "Feature", "properties": { "kind": "leisure=fitness_centre", "name": "Liikku" }, "geometry": { "type": "Point", "coordinates": [ 24.9739834, 60.2867435 ] } },
{ "type": "Feature", "properties": { "kind": "amenity=community_centre", "name": "Tapahtumakeskus Puimala" }, "geometry": { "type": "Point", "coordinates": [ 24.9550257, 60.284925299999983 ] } },
{ "type": "Feature", "properties": { "kind": "amenity=cafe", "name": "Sun Café" }, "geometry": { "type": "Point", "coordinates": [ 24.8124969, 60.2209111 ] } },
{ "type": "Feature", "properties": { "kind": "amenity=cafe", "name": "Café Panorama" }, "geometry": { "type": "Point", "coordinates": [ 24.8143078, 60.2182649 ] } },
{ "type": "Feature", "properties": { "kind": "leisure=fitness_centre", "name": "Fressi" }, "geometry": { "type": "Point", "coordinates": [ 24.814349, 60.2178887 ] } },
{ "type": "Feature", "properties": { "kind": "amenity=cafe", "name": "Airelta" }, "geometry": { "type": "Point", "coordinates": [ 24.8526948, 60.269733399999986 ] } },
{ "type": "Feature", "properties": { "kind": "amenity=cafe", "name": "Café Adjutant" }, "geometry": { "type": "Point", "coordinates": [ 24.8827944, 60.1897101 ] } },
{ "type": "Feature", "properties": { "kind": "leisure=sauna", "name": "" }, "geometry": { "type": "Point", "coordinates": [ 24.784146, 60.2701576 ] } },
{ "type": "Feature", "properties": { "kind": "amenity=cafe", "name": "Lykke" }, "geometry": { "type": "Point", "coordinates": [ 24.9279905, 60.1700397 ] } },
{ "type": "Feature", "properties": { "kind": "amenity=community_centre", "name": "Johannes Vardagsrum" }, "geometry": { "type": "Point", "coordinates": [ 24.903911, 60.1930004 ] } },
{ "type": "Feature", "properties": { "kind": "amenity=library", "name": "Rajatiedon kirjasto" }, "geometry": { "type": "Point", "coordinates": [ 24.9559261, 60.1738027 ] } },
{ "type": "Feature", "properties": { "kind": "amenity=cafe", "name": "Sailor's Bar & Cafe" }, "geometry": { "type": "Point", "coordinates": [ 24.7147888, 60.1454914 ] } },
{ "type": "Feature", "properties": { "kind": "amenity=cafe", "name": "Kahvila Päijänne" }, "geometry": { "type": "Point", "coordinates": [ 24.9639825, 60.1921086 ] } },
{ "type": "Feature", "properties": { "kind": "amenity=cafe", "name": "Joe & The Juice" }, "geometry": { "type": "Point", "coordinates": [ 25.0797548, 60.2103151 ] } },
{ "type": "Feature", "properties": { "kind": "amenity=cafe", "name": "Waffle Café" }, "geometry": { "type": "Point", "coordinates": [ 25.0827712, 60.211920299999989 ] } },
{ "type": "Feature", "properties": { "kind": "amenity=cafe", "name": "LEE TEA" }, "geometry": { "type": "Point", "coordinates": [ 25.0828769, 60.2118849 ] } },
{ "type": "Feature", "properties": { "kind": "amenity=cafe", "name": "Cafe Braku" }, "geometry": { "type": "Point", "coordinates": [ 24.9506425, 60.1869197 ] } },
{ "type": "Feature", "properties": { "kind": "amenity=cafe", "name": "Kallahdenniemen kahvila" }, "geometry": { "type": "Point", "coordinates": [ 25.1446455, 60.187249399999985 ] } },
{ "type": "Feature", "properties": { "kind": "amenity=cafe", "name": "AM Herkut leipomo & kahvila" }, "geometry": { "type": "Point", "coordinates": [ 24.9356051, 60.219615399999988 ] } },
{ "type": "Feature", "properties": { "kind": "leisure=fitness_centre", "name": "TFW Konala" }, "geometry": { "type": "Point", "coordinates": [ 24.8440177, 60.2475129 ] } },
{ "type": "Feature", "properties": { "kind": "leisure=fitness_centre", "name": "TFW Vantaa" }, "geometry": { "type": "Point", "coordinates": [ 25.0045509, 60.293757800000023 ] } },
{ "type": "Feature", "properties": { "kind": "amenity=social_facility", "name": "Piika & Sisar" }, "geometry": { "type": "Point", "coordinates": [ 24.8695764, 60.2156144 ] } },
{ "type": "Feature", "properties": { "kind": "leisure=fitness_centre", "name": "Fressi" }, "geometry": { "type": "Point", "coordinates": [ 24.9565641, 60.2269827 ] } },
{ "type": "Feature", "properties": { "kind": "leisure=fitness_centre", "name": "Fitness24Seven" }, "geometry": { "type": "Point", "coordinates": [ 24.9491976, 60.22301920000001 ] } },
{ "type": "Feature", "properties": { "kind": "leisure=fitness_centre", "name": "" }, "geometry": { "type": "Point", "coordinates": [ 25.0059409, 60.1892596 ] } },
{ "type": "Feature", "properties": { "kind": "leisure=fitness_centre", "name": "Ole.fit" }, "geometry": { "type": "Point", "coordinates": [ 24.7658477, 60.1676863 ] } },
{ "type": "Feature", "properties": { "kind": "leisure=sports_centre", "name": "Gobbacka Stall" }, "geometry": { "type": "Point", "coordinates": [ 24.7191739, 60.2826044 ] } },
{ "type": "Feature", "properties": { "kind": "leisure=fitness_centre", "name": "Parkour Akatemia Espoo" }, "geometry": { "type": "Point", "coordinates": [ 24.7605524, 60.178773899999989 ] } },
{ "type": "Feature", "properties": { "kind": "leisure=fitness_centre", "name": "Parkour Akatemia Lauttasaari" }, "geometry": { "type": "Point", "coordinates": [ 24.8830666, 60.1541531 ] } },
{ "type": "Feature", "properties": { "kind": "leisure=fitness_centre", "name": "Fressi 24h" }, "geometry": { "type": "Point", "coordinates": [ 25.0730035, 60.223817 ] } },
{ "type": "Feature", "properties": { "kind": "leisure=sports_centre", "name": "Punametsän ratsastuskoulu" }, "geometry": { "type": "Point", "coordinates": [ 24.7140295, 60.2892425 ] } },
{ "type": "Feature", "properties": { "kind": "leisure=fitness_centre", "name": "Esport Bristol" }, "geometry": { "type": "Point", "coordinates": [ 24.9443476, 60.1693602 ] } },
{ "type": "Feature", "properties": { "kind": "amenity=arts_centre", "name": "Karhusaaren taidekeskus" }, "geometry": { "type": "Point", "coordinates": [ 24.8354161, 60.1672914 ] } },
{ "type": "Feature", "properties": { "kind": "leisure=fitness_centre", "name": "Sagayoga" }, "geometry": { "type": "Point", "coordinates": [ 24.9415459, 60.1584031 ] } },
{ "type": "Feature", "properties": { "kind": "amenity=cafe", "name": "Wohveli Café" }, "geometry": { "type": "Point", "coordinates": [ 24.9416836, 60.1697672 ] } },
{ "type": "Feature", "properties": { "kind": "leisure=fitness_centre", "name": "Fitness24Seven" }, "geometry": { "type": "Point", "coordinates": [ 25.0328644, 60.1945483 ] } },
{ "type": "Feature", "properties": { "kind": "leisure=sauna", "name": "Pasilan Saunatilat" }, "geometry": { "type": "Point", "coordinates": [ 24.927955, 60.1971006 ] } },
{ "type": "Feature", "properties": { "kind": "amenity=cafe", "name": "Picnic" }, "geometry": { "type": "Point", "coordinates": [ 24.853414, 60.26068930000001 ] } },
{ "type": "Feature", "properties": { "kind": "leisure=sports_centre", "name": "Etelä-Vantaan ratsastuskoulu" }, "geometry": { "type": "Point", "coordinates": [ 24.8245338, 60.2924173 ] } },
{ "type": "Feature", "properties": { "kind": "amenity=cafe", "name": "Tauko Cafe & Kitchen" }, "geometry": { "type": "Point", "coordinates": [ 24.7988484, 60.2249002 ] } },
{ "type": "Feature", "properties": { "kind": "amenity=cafe", "name": "Makea Nurkka" }, "geometry": { "type": "Point", "coordinates": [ 24.8139577, 60.2332374 ] } },
{ "type": "Feature", "properties": { "kind": "amenity=community_centre", "name": "Digilab" }, "geometry": { "type": "Point", "coordinates": [ 24.7219647, 60.21385140000001 ] } },
{ "type": "Feature", "properties": { "kind": "amenity=cafe", "name": "Kauniaisten jäähallin kahvio" }, "geometry": { "type": "Point", "coordinates": [ 24.6994527, 60.220890699999984 ] } },
{ "type": "Feature", "properties": { "kind": "amenity=cafe", "name": "Kirjastokahvila, Sellon kirjasto" }, "geometry": { "type": "Point", "coordinates": [ 24.8098358, 60.2175873 ] } },
{ "type": "Feature", "properties": { "kind": "amenity=cafe", "name": "Alejandro's Empanadas" }, "geometry": { "type": "Point", "coordinates": [ 24.9467513, 60.1929776 ] } },
{ "type": "Feature", "properties": { "kind": "amenity=community_centre", "name": "Konalan Asukastila" }, "geometry": { "type": "Point", "coordinates": [ 24.8497067, 60.239251699999983 ] } },
{ "type": "Feature", "properties": { "kind": "amenity=community_centre", "name": "Entressen kirjaston nuortenosasto Kibe" }, "geometry": { "type": "Point", "coordinates": [ 24.6595415, 60.2034728 ] } },
{ "type": "Feature", "properties": { "kind": "leisure=sports_centre", "name": "Project Konepaja" }, "geometry": { "type": "Point", "coordinates": [ 24.9457109, 60.1940603 ] } },
{ "type": "Feature", "properties": { "kind": "amenity=cafe", "name": "The Good Coffee Company" }, "geometry": { "type": "Point", "coordinates": [ 24.9278231, 60.164676 ] } },
{ "type": "Feature", "properties": { "kind": "amenity=community_centre", "name": "Akk-Motorsport ry" }, "geometry": { "type": "Point", "coordinates": [ 24.9944829, 60.2986009 ] } },
{ "type": "Feature", "properties": { "kind": "amenity=cafe", "name": "18grams" }, "geometry": { "type": "Point", "coordinates": [ 24.9157533, 60.1579733 ] } },
{ "type": "Feature", "properties": { "kind": "amenity=cafe", "name": "Belle Baguette" }, "geometry": { "type": "Point", "coordinates": [ 24.9171649, 60.158229 ] } },
{ "type": "Feature", "properties": { "kind": "amenity=library", "name": "Suurpellon kirjasto" }, "geometry": { "type": "Point", "coordinates": [ 24.7399596, 60.190373100000016 ] } },
{ "type": "Feature", "properties": { "kind": "amenity=cafe", "name": "Brita" }, "geometry": { "type": "Point", "coordinates": [ 25.053165, 60.179108 ] } },
{ "type": "Feature", "properties": { "kind": "amenity=cafe", "name": "Café Brutale" }, "geometry": { "type": "Point", "coordinates": [ 25.1433381, 60.2019712 ] } },
{ "type": "Feature", "properties": { "kind": "amenity=social_facility", "name": "Korvaushoitoyksikkö Myyrmäki" }, "geometry": { "type": "Point", "coordinates": [ 24.8497596, 60.2626779 ] } },
{ "type": "Feature", "properties": { "kind": "amenity=cafe", "name": "Café Noir" }, "geometry": { "type": "Point", "coordinates": [ 24.9450962, 60.167838499999988 ] } },
{ "type": "Feature", "properties": { "kind": "amenity=cafe", "name": "Fazer Café" }, "geometry": { "type": "Point", "coordinates": [ 24.8115663, 60.2182177 ] } },
{ "type": "Feature", "properties": { "kind": "leisure=fitness_centre", "name": "My Hub" }, "geometry": { "type": "Point", "coordinates": [ 24.9300912, 60.1609572 ] } },
{ "type": "Feature", "properties": { "kind": "leisure=fitness_centre", "name": "EasyFit" }, "geometry": { "type": "Point", "coordinates": [ 24.824372, 60.2097942 ] } },
{ "type": "Feature", "properties": { "kind": "amenity=cafe", "name": "EMPIRE Shisha Bar" }, "geometry": { "type": "Point", "coordinates": [ 25.118885, 60.2040372 ] } },
{ "type": "Feature", "properties": { "kind": "amenity=social_facility", "name": "Terveysneuvontapiste" }, "geometry": { "type": "Point", "coordinates": [ 25.0865883, 60.2352529 ] } },
{ "type": "Feature", "properties": { "kind": "amenity=cafe", "name": "Pronto" }, "geometry": { "type": "Point", "coordinates": [ 24.9411981, 60.1708134 ] } },
{ "type": "Feature", "properties": { "kind": "leisure=sports_hall", "name": "Kilon koulun liikuntasali" }, "geometry": { "type": "Point", "coordinates": [ 24.7705242, 60.2100317 ] } },
{ "type": "Feature", "properties": { "kind": "amenity=social_facility", "name": "Edistia" }, "geometry": { "type": "Point", "coordinates": [ 24.7831815, 60.2226983 ] } },
{ "type": "Feature", "properties": { "kind": "amenity=community_centre", "name": "Stadin yhteisötalo Pihlajamäki" }, "geometry": { "type": "Point", "coordinates": [ 25.0130633, 60.234554699999983 ] } },
{ "type": "Feature", "properties": { "kind": "amenity=community_centre", "name": "Stadin yhteisötalo Vuosaari" }, "geometry": { "type": "Point", "coordinates": [ 25.1386741, 60.221256099999984 ] } },
{ "type": "Feature", "properties": { "kind": "amenity=community_centre", "name": "Stadin yhteisötalo Alppila" }, "geometry": { "type": "Point", "coordinates": [ 24.9458736, 60.1884121 ] } },
{ "type": "Feature", "properties": { "kind": "amenity=community_centre", "name": "Stadin yhteisötalo Malmi" }, "geometry": { "type": "Point", "coordinates": [ 25.0079679, 60.2511288 ] } },
{ "type": "Feature", "properties": { "kind": "amenity=community_centre", "name": "Stadin yhteisötalo Lassila" }, "geometry": { "type": "Point", "coordinates": [ 24.8812595, 60.229591199999987 ] } },
{ "type": "Feature", "properties": { "kind": "amenity=community_centre", "name": "Stadin yhteisötalo Oulunkylän Seurahuone" }, "geometry": { "type": "Point", "coordinates": [ 24.9690067, 60.227548 ] } },
{ "type": "Feature", "properties": { "kind": "amenity=cafe", "name": "Campo Cafe" }, "geometry": { "type": "Point", "coordinates": [ 25.1070879, 60.2520362 ] } },
{ "type": "Feature", "properties": { "kind": "leisure=sports_centre", "name": "House of Games" }, "geometry": { "type": "Point", "coordinates": [ 24.6526786, 60.2201365 ] } },
{ "type": "Feature", "properties": { "kind": "amenity=cafe", "name": "Diamond Star Oy (Teboil Malmi)" }, "geometry": { "type": "Point", "coordinates": [ 24.9982668, 60.2573011 ] } },
{ "type": "Feature", "properties": { "kind": "leisure=fitness_centre", "name": "Liikku" }, "geometry": { "type": "Point", "coordinates": [ 24.928022, 60.1971437 ] } },
{ "type": "Feature", "properties": { "kind": "leisure=sports_centre", "name": "Boxing Gym Itis" }, "geometry": { "type": "Point", "coordinates": [ 25.0785761, 60.2105917 ] } },
{ "type": "Feature", "properties": { "kind": "amenity=community_centre", "name": "Asukastila Orpaantupa" }, "geometry": { "type": "Point", "coordinates": [ 25.0593423, 60.223554399999983 ] } },
{ "type": "Feature", "properties": { "kind": "leisure=fitness_centre", "name": "Fressi" }, "geometry": { "type": "Point", "coordinates": [ 25.1454212, 60.2082599 ] } },
{ "type": "Feature", "properties": { "kind": "leisure=sports_centre", "name": "Buli Jiu-Jitsu" }, "geometry": { "type": "Point", "coordinates": [ 24.9475021, 60.193367699999989 ] } },
{ "type": "Feature", "properties": { "kind": "amenity=cafe", "name": "Puolenkuun Pelit Helsinki" }, "geometry": { "type": "Point", "coordinates": [ 24.9435357, 60.1683307 ] } },
{ "type": "Feature", "properties": { "kind": "leisure=fitness_centre", "name": "Fitness24Seven" }, "geometry": { "type": "Point", "coordinates": [ 24.8472087, 60.3132956 ] } },
{ "type": "Feature", "properties": { "kind": "amenity=cafe", "name": "" }, "geometry": { "type": "Point", "coordinates": [ 24.9732029, 60.2732631 ] } },
{ "type": "Feature", "properties": { "kind": "amenity=cafe", "name": "Cafe Kuppi" }, "geometry": { "type": "Point", "coordinates": [ 24.9682752, 60.163967499999984 ] } },
{ "type": "Feature", "properties": { "kind": "amenity=social_facility", "name": "Kotihoito/Pitäjänmäki 1 lähipalvelualue" }, "geometry": { "type": "Point", "coordinates": [ 24.862843, 60.248284099999985 ] } },
{ "type": "Feature", "properties": { "kind": "amenity=social_facility", "name": "Nuorten vastaanotto Kallio/vaativa" }, "geometry": { "type": "Point", "coordinates": [ 24.8617913, 60.2446762 ] } },
{ "type": "Feature", "properties": { "kind": "amenity=social_facility", "name": "Sos Lapsikylä" }, "geometry": { "type": "Point", "coordinates": [ 25.1453071, 60.204005299999984 ] } },
{ "type": "Feature", "properties": { "kind": "amenity=community_centre", "name": "Lähis - Vuosaari" }, "geometry": { "type": "Point", "coordinates": [ 25.1483725, 60.204385700000017 ] } },
{ "type": "Feature", "properties": { "kind": "amenity=social_facility", "name": "Koto-Espoo" }, "geometry": { "type": "Point", "coordinates": [ 24.6536979, 60.202776499999985 ] } },
{ "type": "Feature", "properties": { "kind": "amenity=social_facility", "name": "Rinnekodit Kasvunkoti Sampsa" }, "geometry": { "type": "Point", "coordinates": [ 24.6934633, 60.2305723 ] } },
{ "type": "Feature", "properties": { "kind": "amenity=social_facility", "name": "Pääkaupungin Turvakoti Pellas" }, "geometry": { "type": "Point", "coordinates": [ 24.6942349, 60.2303045 ] } },
{ "type": "Feature", "properties": { "kind": "leisure=fitness_centre", "name": "Kuntokeskus Liikku" }, "geometry": { "type": "Point", "coordinates": [ 24.8469467, 60.31407560000001 ] } },
{ "type": "Feature", "properties": { "kind": "leisure=sports_centre", "name": "Stall Trädgårdstorp" }, "geometry": { "type": "Point", "coordinates": [ 24.5456193, 60.1990908 ] } },
{ "type": "Feature", "properties": { "kind": "amenity=community_centre", "name": "Helsingin Palloseura" }, "geometry": { "type": "Point", "coordinates": [ 24.9230011, 60.2471018 ] } },
{ "type": "Feature", "properties": { "kind": "amenity=cafe", "name": "Arnolds" }, "geometry": { "type": "Point", "coordinates": [ 24.8468605, 60.313946399999985 ] } },
{ "type": "Feature", "properties": { "kind": "leisure=fitness_centre", "name": "Fressi 24h Jätkäsaari" }, "geometry": { "type": "Point", "coordinates": [ 24.9094722, 60.1548534 ] } },
{ "type": "Feature", "properties": { "kind": "amenity=community_centre", "name": "Ristipuron kerhohuoneisto" }, "geometry": { "type": "Point", "coordinates": [ 25.0172136, 60.3129477 ] } },
{ "type": "Feature", "properties": { "kind": "leisure=fitness_centre", "name": "Korttelisali - Simonkylä" }, "geometry": { "type": "Point", "coordinates": [ 25.0208575, 60.3081263 ] } },
{ "type": "Feature", "properties": { "kind": "amenity=community_centre", "name": "Kohtaamispaikka Askel" }, "geometry": { "type": "Point", "coordinates": [ 24.6531806, 60.2064831 ] } },
{ "type": "Feature", "properties": { "kind": "leisure=sports_centre", "name": "Laserareena" }, "geometry": { "type": "Point", "coordinates": [ 24.9793834, 60.1869572 ] } },
{ "type": "Feature", "properties": { "kind": "amenity=community_centre", "name": "Teen challenge" }, "geometry": { "type": "Point", "coordinates": [ 24.7377888, 60.158276599999986 ] } },
{ "type": "Feature", "properties": { "kind": "amenity=cafe", "name": "Pyshburg Cafe" }, "geometry": { "type": "Point", "coordinates": [ 24.9357429, 60.1687306 ] } },
{ "type": "Feature", "properties": { "kind": "amenity=social_facility", "name": "Ykköskoti Henrik" }, "geometry": { "type": "Point", "coordinates": [ 24.8536928, 60.226360699999972 ] } },
{ "type": "Feature", "properties": { "kind": "leisure=fitness_centre", "name": "Salini" }, "geometry": { "type": "Point", "coordinates": [ 25.0770168, 60.357898499999983 ] } },
{ "type": "Feature", "properties": { "kind": "amenity=community_centre", "name": "Korso kulttuurikeskus Ry" }, "geometry": { "type": "Point", "coordinates": [ 25.0762044, 60.350961399999989 ] } },
{ "type": "Feature", "properties": { "kind": "leisure=fitness_centre", "name": "Fressi 24h Korso" }, "geometry": { "type": "Point", "coordinates": [ 25.0741352, 60.3487524 ] } },
{ "type": "Feature", "properties": { "kind": "leisure=fitness_centre", "name": "Fressi" }, "geometry": { "type": "Point", "coordinates": [ 24.9507481, 60.2308855 ] } },
{ "type": "Feature", "properties": { "kind": "amenity=arts_centre", "name": "Vindängensalen" }, "geometry": { "type": "Point", "coordinates": [ 24.7997626, 60.170815400000016 ] } },
{ "type": "Feature", "properties": { "kind": "amenity=social_facility", "name": "Palvelukeskus Ainola" }, "geometry": { "type": "Point", "coordinates": [ 25.0951975, 60.214808 ] } },
{ "type": "Feature", "properties": { "kind": "amenity=cafe", "name": "Café 5" }, "geometry": { "type": "Point", "coordinates": [ 24.9335084, 60.2029077 ] } },
{ "type": "Feature", "properties": { "kind": "amenity=cafe", "name": "Café Milano" }, "geometry": { "type": "Point", "coordinates": [ 24.9356961, 60.202790500000013 ] } },
{ "type": "Feature", "properties": { "kind": "amenity=cafe", "name": "Café Trio" }, "geometry": { "type": "Point", "coordinates": [ 24.9334998, 60.202990500000013 ] } },
{ "type": "Feature", "properties": { "kind": "amenity=cafe", "name": "Cafe & Deli" }, "geometry": { "type": "Point", "coordinates": [ 24.9352965, 60.2026977 ] } },
{ "type": "Feature", "properties": { "kind": "amenity=cafe", "name": "Café Tauko" }, "geometry": { "type": "Point", "coordinates": [ 24.9388727, 60.203669100000013 ] } },
{ "type": "Feature", "properties": { "kind": "amenity=cafe", "name": "Lilla Strindberg" }, "geometry": { "type": "Point", "coordinates": [ 24.9353838, 60.202584599999987 ] } },
{ "type": "Feature", "properties": { "kind": "leisure=sports_centre", "name": "Kauniaisten palloiluhalli" }, "geometry": { "type": "Point", "coordinates": [ 24.711757, 60.216893400000018 ] } },
{ "type": "Feature", "properties": { "kind": "amenity=community_centre", "name": "Meriharjun leirikeskus" }, "geometry": { "type": "Point", "coordinates": [ 25.17899, 60.1972018 ] } },
{ "type": "Feature", "properties": { "kind": "amenity=social_facility", "name": "Kohtaamispaikka Puuemy" }, "geometry": { "type": "Point", "coordinates": [ 24.654139, 60.202556 ] } },
{ "type": "Feature", "properties": { "kind": "amenity=community_centre", "name": "Pähkinärinteen nuorisotila" }, "geometry": { "type": "Point", "coordinates": [ 24.8051345, 60.2566485 ] } },
{ "type": "Feature", "properties": { "kind": "leisure=fitness_centre", "name": "Kuntokeskus Liikku" }, "geometry": { "type": "Point", "coordinates": [ 25.030563, 60.193047 ] } },
{ "type": "Feature", "properties": { "kind": "amenity=cafe", "name": "Cafe Sweet Revenge" }, "geometry": { "type": "Point", "coordinates": [ 24.9406324, 60.1704953 ] } },
{ "type": "Feature", "properties": { "kind": "amenity=community_centre", "name": "Kansalaistoiminnan keskus Leinikki" }, "geometry": { "type": "Point", "coordinates": [ 25.0307199, 60.310182 ] } },
{ "type": "Feature", "properties": { "kind": "amenity=social_facility", "name": "Riihenaika" }, "geometry": { "type": "Point", "coordinates": [ 24.6613034, 60.20516940000001 ] } },
{ "type": "Feature", "properties": { "kind": "leisure=sports_centre", "name": "Golf Garage" }, "geometry": { "type": "Point", "coordinates": [ 24.8357755, 60.3157434 ] } },
{ "type": "Feature", "properties": { "kind": "amenity=community_centre", "name": "Sarjakuvakeskus" }, "geometry": { "type": "Point", "coordinates": [ 24.9612164, 60.1840452 ] } },
{ "type": "Feature", "properties": { "kind": "amenity=cafe", "name": "Ranskalainen kauppa" }, "geometry": { "type": "Point", "coordinates": [ 25.1599097, 60.2101829 ] } },
{ "type": "Feature", "properties": { "kind": "amenity=cafe", "name": "Neste Korso" }, "geometry": { "type": "Point", "coordinates": [ 25.0831898, 60.346622199999985 ] } },
{ "type": "Feature", "properties": { "kind": "amenity=cafe", "name": "Zestii" }, "geometry": { "type": "Point", "coordinates": [ 24.951744, 60.186679200000015 ] } },
{ "type": "Feature", "properties": { "kind": "leisure=sports_centre", "name": "Vantaan Islanninhevostalli Fagur" }, "geometry": { "type": "Point", "coordinates": [ 24.9030791, 60.3487016 ] } },
{ "type": "Feature", "properties": { "kind": "leisure=fitness_centre", "name": "EasyFit Vantaa - Rekola" }, "geometry": { "type": "Point", "coordinates": [ 25.0711494, 60.3307509 ] } },
{ "type": "Feature", "properties": { "kind": "leisure=sports_centre", "name": "Alsbölen talli Vantaan ratsastuskoulu" }, "geometry": { "type": "Point", "coordinates": [ 24.8525508, 60.348261099999988 ] } },
{ "type": "Feature", "properties": { "kind": "amenity=cafe", "name": "Cafe Bertha" }, "geometry": { "type": "Point", "coordinates": [ 24.9143263, 60.1799687 ] } },
{ "type": "Feature", "properties": { "kind": "amenity=cafe", "name": "Neste" }, "geometry": { "type": "Point", "coordinates": [ 25.059311, 60.318623799999983 ] } },
{ "type": "Feature", "properties": { "kind": "leisure=fitness_centre", "name": "Kannusillanmäen väestönsuoja / Kuntosali 2" }, "geometry": { "type": "Point", "coordinates": [ 24.6529466, 60.2060005 ] } },
{ "type": "Feature", "properties": { "kind": "amenity=cafe", "name": "Pilkku" }, "geometry": { "type": "Point", "coordinates": [ 24.9552168, 60.1873323 ] } },
{ "type": "Feature", "properties": { "kind": "leisure=fitness_centre", "name": "Greenfit" }, "geometry": { "type": "Point", "coordinates": [ 24.9189107, 60.2074015 ] } },
{ "type": "Feature", "properties": { "kind": "amenity=cafe", "name": "Äfra café" }, "geometry": { "type": "Point", "coordinates": [ 24.9557174, 60.174253 ] } },
{ "type": "Feature", "properties": { "kind": "leisure=fitness_centre", "name": "Greenfit" }, "geometry": { "type": "Point", "coordinates": [ 24.909458, 60.1645202 ] } },
{ "type": "Feature", "properties": { "kind": "amenity=cafe", "name": "Cafe Harbö" }, "geometry": { "type": "Point", "coordinates": [ 25.1283537, 60.1977928 ] } },
{ "type": "Feature", "properties": { "kind": "leisure=fitness_centre", "name": "Konan Gym" }, "geometry": { "type": "Point", "coordinates": [ 24.8447976, 60.2466724 ] } },
{ "type": "Feature", "properties": { "kind": "leisure=sauna", "name": "Tilaussauna Siera Nevada" }, "geometry": { "type": "Point", "coordinates": [ 24.6111042, 60.1856626 ] } },
{ "type": "Feature", "properties": { "kind": "amenity=cafe", "name": "Kanelimamman karamellikahvila" }, "geometry": { "type": "Point", "coordinates": [ 25.0343657, 60.1808757 ] } },
{ "type": "Feature", "properties": { "kind": "amenity=cafe", "name": "Näppärä Kioski" }, "geometry": { "type": "Point", "coordinates": [ 24.8467289, 60.3149787 ] } },
{ "type": "Feature", "properties": { "kind": "leisure=sports_centre", "name": "Ratsutila Onnen Apila" }, "geometry": { "type": "Point", "coordinates": [ 24.8477215, 60.3595374 ] } },
{ "type": "Feature", "properties": { "kind": "leisure=fitness_centre", "name": "TRIB3 Adlon" }, "geometry": { "type": "Point", "coordinates": [ 24.9224798, 60.178552099999983 ] } },
{ "type": "Feature", "properties": { "kind": "amenity=community_centre", "name": "Mopoilevat nuoret" }, "geometry": { "type": "Point", "coordinates": [ 25.0346631, 60.3145494 ] } },
{ "type": "Feature", "properties": { "kind": "amenity=community_centre", "name": "Toimintakeskus Landbo" }, "geometry": { "type": "Point", "coordinates": [ 25.2023931, 60.2699728 ] } },
{ "type": "Feature", "properties": { "kind": "amenity=cafe", "name": "Haltialan kahvila" }, "geometry": { "type": "Point", "coordinates": [ 24.954406, 60.275417 ] } },
{ "type": "Feature", "properties": { "kind": "leisure=sauna", "name": "Yhteiskerhotila Talas, sauna" }, "geometry": { "type": "Point", "coordinates": [ 24.9752743, 60.1841317 ] } },
{ "type": "Feature", "properties": { "kind": "amenity=cafe", "name": "Huili" }, "geometry": { "type": "Point", "coordinates": [ 25.0213491, 60.2412656 ] } },
{ "type": "Feature", "properties": { "kind": "amenity=social_facility", "name": "Fallpakan ryhmäkoti" }, "geometry": { "type": "Point", "coordinates": [ 25.1321755, 60.2294486 ] } },
{ "type": "Feature", "properties": { "kind": "amenity=cafe", "name": "Ihana Kahvila" }, "geometry": { "type": "Point", "coordinates": [ 24.965914, 60.182248099999988 ] } },
{ "type": "Feature", "properties": { "kind": "amenity=social_facility", "name": "Kustaankartanon palvelukeskus" }, "geometry": { "type": "Point", "coordinates": [ 24.9456661, 60.2283076 ] } },
{ "type": "Feature", "properties": { "kind": "amenity=library", "name": "Pikku Huopalahden kirjasto" }, "geometry": { "type": "Point", "coordinates": [ 24.8952107, 60.2015502 ] } },
{ "type": "Feature", "properties": { "kind": "leisure=fitness_centre", "name": "TRIB3 Sture" }, "geometry": { "type": "Point", "coordinates": [ 24.9532452, 60.1923369 ] } },
{ "type": "Feature", "properties": { "kind": "leisure=fitness_centre", "name": "Barry's" }, "geometry": { "type": "Point", "coordinates": [ 24.9456664, 60.16952950000001 ] } },
{ "type": "Feature", "properties": { "kind": "leisure=sports_centre", "name": "Luhtajoen ratsutila" }, "geometry": { "type": "Point", "coordinates": [ 24.8237557, 60.3933635 ] } },
{ "type": "Feature", "properties": { "kind": "amenity=cafe", "name": "Vohvelivaja" }, "geometry": { "type": "Point", "coordinates": [ 24.9543565, 60.2757924 ] } },
{ "type": "Feature", "properties": { "kind": "amenity=cafe", "name": "Lähellä DELI" }, "geometry": { "type": "Point", "coordinates": [ 24.7270954, 60.2108698 ] } },
{ "type": "Feature", "properties": { "kind": "amenity=cafe", "name": "Kesäkahvila Laivaranta" }, "geometry": { "type": "Point", "coordinates": [ 24.9803161, 60.174923 ] } },
{ "type": "Feature", "properties": { "kind": "amenity=cafe", "name": "Biltema Cafe" }, "geometry": { "type": "Point", "coordinates": [ 25.0168426, 60.285861499999989 ] } },
{ "type": "Feature", "properties": { "kind": "amenity=cafe", "name": "Teehetki Teahouseshop" }, "geometry": { "type": "Point", "coordinates": [ 25.0331958, 60.2908706 ] } },
{ "type": "Feature", "properties": { "kind": "leisure=fitness_centre", "name": "Calisthenics Lab" }, "geometry": { "type": "Point", "coordinates": [ 24.6699221, 60.2208676 ] } },
{ "type": "Feature", "properties": { "kind": "leisure=sports_centre", "name": "Seutulan talli" }, "geometry": { "type": "Point", "coordinates": [ 24.8620266, 60.3476514 ] } },
{ "type": "Feature", "properties": { "kind": "leisure=sports_centre", "name": "Primal Sense Farm" }, "geometry": { "type": "Point", "coordinates": [ 24.8911278, 60.3551032 ] } },
{ "type": "Feature", "properties": { "kind": "amenity=community_centre", "name": "Seutulan kyläyhdistys" }, "geometry": { "type": "Point", "coordinates": [ 24.8544704, 60.3481091 ] } },
{ "type": "Feature", "properties": { "kind": "amenity=cafe", "name": "Walk Cycle" }, "geometry": { "type": "Point", "coordinates": [ 25.0388908, 60.18616 ] } },
{ "type": "Feature", "properties": { "kind": "amenity=library", "name": "Laajalahden kirjasto" }, "geometry": { "type": "Point", "coordinates": [ 24.8058076, 60.2040617 ] } },
{ "type": "Feature", "properties": { "kind": "amenity=community_centre", "name": "Laajalahden kirjaston kerhotila" }, "geometry": { "type": "Point", "coordinates": [ 24.8055507, 60.2040545 ] } },
{ "type": "Feature", "properties": { "kind": "leisure=sports_centre", "name": "Otahalli" }, "geometry": { "type": "Point", "coordinates": [ 24.8350827, 60.184252299999983 ] } },
{ "type": "Feature", "properties": { "kind": "leisure=sports_centre", "name": "Talin jalkapallohalli" }, "geometry": { "type": "Point", "coordinates": [ 24.868232, 60.2140855 ] } },
{ "type": "Feature", "properties": { "kind": "leisure=sports_centre", "name": "Vesalan liikuntapuisto" }, "geometry": { "type": "Point", "coordinates": [ 25.0824299, 60.2443354 ] } },
{ "type": "Feature", "properties": { "kind": "leisure=sports_centre", "name": "Liikuntamylly" }, "geometry": { "type": "Point", "coordinates": [ 25.0771767, 60.2247816 ] } },
{ "type": "Feature", "properties": { "kind": "amenity=community_centre", "name": "Stoa" }, "geometry": { "type": "Point", "coordinates": [ 25.0802805, 60.212141299999985 ] } },
{ "type": "Feature", "properties": { "kind": "leisure=sports_hall", "name": "Myllypuron Pallomylly" }, "geometry": { "type": "Point", "coordinates": [ 25.0798717, 60.2196135 ] } },
{ "type": "Feature", "properties": { "kind": "amenity=social_facility", "name": "Iiris-keskus" }, "geometry": { "type": "Point", "coordinates": [ 25.0735174, 60.2081214 ] } },
{ "type": "Feature", "properties": { "kind": "leisure=sports_centre", "name": "Arena Center Myllypuro" }, "geometry": { "type": "Point", "coordinates": [ 25.0798591, 60.2209535 ] } },
{ "type": "Feature", "properties": { "kind": "leisure=sports_centre", "name": "Taivallahden Tenniskeskus" }, "geometry": { "type": "Point", "coordinates": [ 24.9137835, 60.17499870000001 ] } },
{ "type": "Feature", "properties": { "kind": "leisure=sports_centre", "name": "Mäkelänrinteen uintikeskus" }, "geometry": { "type": "Point", "coordinates": [ 24.9480071, 60.199774 ] } },
{ "type": "Feature", "properties": { "kind": "amenity=marketplace", "name": "Töölöntori" }, "geometry": { "type": "Point", "coordinates": [ 24.9242898, 60.1790181 ] } },
{ "type": "Feature", "properties": { "kind": "leisure=sports_centre", "name": "Talin tenniskeskus" }, "geometry": { "type": "Point", "coordinates": [ 24.8748622, 60.2126078 ] } },
{ "type": "Feature", "properties": { "kind": "leisure=sports_centre", "name": "Talin keilahalli" }, "geometry": { "type": "Point", "coordinates": [ 24.8786179, 60.2103228 ] } },
{ "type": "Feature", "properties": { "kind": "amenity=library", "name": "Infokeskus Korona" }, "geometry": { "type": "Point", "coordinates": [ 25.0128795, 60.2275039 ] } },
{ "type": "Feature", "properties": { "kind": "leisure=sports_centre", "name": "Vuosaaren urheilutalo" }, "geometry": { "type": "Point", "coordinates": [ 25.1416241, 60.208734 ] } },
{ "type": "Feature", "properties": { "kind": "amenity=social_facility", "name": "Meilahden palvelukeskus" }, "geometry": { "type": "Point", "coordinates": [ 24.9081634, 60.1885341 ] } },
{ "type": "Feature", "properties": { "kind": "amenity=community_centre", "name": "" }, "geometry": { "type": "Point", "coordinates": [ 25.0329746, 60.198208399999984 ] } },
{ "type": "Feature", "properties": { "kind": "leisure=sports_centre", "name": "Ala-Malmin liikuntapuisto" }, "geometry": { "type": "Point", "coordinates": [ 25.0218653, 60.2469993 ] } },
{ "type": "Feature", "properties": { "kind": "amenity=arts_centre", "name": "Kaapelitehdas" }, "geometry": { "type": "Point", "coordinates": [ 24.9040437, 60.1618681 ] } },
{ "type": "Feature", "properties": { "kind": "amenity=community_centre", "name": "Viikin monitoimitalo" }, "geometry": { "type": "Point", "coordinates": [ 25.0260737, 60.229385699999987 ] } },
{ "type": "Feature", "properties": { "kind": "amenity=community_centre", "name": "" }, "geometry": { "type": "Point", "coordinates": [ 25.0608395, 60.2024345 ] } },
{ "type": "Feature", "properties": { "kind": "leisure=sports_centre", "name": "Outshine Center" }, "geometry": { "type": "Point", "coordinates": [ 25.0004581, 60.1866597 ] } },
{ "type": "Feature", "properties": { "kind": "amenity=social_facility", "name": "" }, "geometry": { "type": "Point", "coordinates": [ 25.0635281, 60.203331599999984 ] } },
{ "type": "Feature", "properties": { "kind": "amenity=library", "name": "Kumpulan kampuskirjasto" }, "geometry": { "type": "Point", "coordinates": [ 24.9621139, 60.2050081 ] } },
{ "type": "Feature", "properties": { "kind": "leisure=sports_centre", "name": "Kumpulan liikuntakeskus" }, "geometry": { "type": "Point", "coordinates": [ 24.9615531, 60.2056303 ] } },
{ "type": "Feature", "properties": { "kind": "leisure=sports_centre", "name": "Asukastalo Kunto" }, "geometry": { "type": "Point", "coordinates": [ 25.0328122, 60.2328081 ] } },
{ "type": "Feature", "properties": { "kind": "amenity=social_facility", "name": "Sauma Kodit Kivikko" }, "geometry": { "type": "Point", "coordinates": [ 25.0633926, 60.2331706 ] } },
{ "type": "Feature", "properties": { "kind": "amenity=social_facility", "name": "Palvelukeskus Kivitasku" }, "geometry": { "type": "Point", "coordinates": [ 25.0665639, 60.2369889 ] } },
{ "type": "Feature", "properties": { "kind": "leisure=sports_centre", "name": "" }, "geometry": { "type": "Point", "coordinates": [ 24.6471528, 60.2392294 ] } },
{ "type": "Feature", "properties": { "kind": "amenity=library", "name": "Kallion kirjasto" }, "geometry": { "type": "Point", "coordinates": [ 24.9536318, 60.18361239999998 ] } },
{ "type": "Feature", "properties": { "kind": "amenity=library", "name": "Rikhardinkadun kirjasto" }, "geometry": { "type": "Point", "coordinates": [ 24.9463908, 60.166250499999968 ] } },
{ "type": "Feature", "properties": { "kind": "amenity=cafe", "name": "Cafe Ursula" }, "geometry": { "type": "Point", "coordinates": [ 24.960788, 60.155184 ] } },
{ "type": "Feature", "properties": { "kind": "leisure=sports_centre", "name": "Lauttasaaren liikuntapuisto" }, "geometry": { "type": "Point", "coordinates": [ 24.8661789, 60.1632568 ] } },
{ "type": "Feature", "properties": { "kind": "leisure=sports_centre", "name": "Merihaan pallohalli" }, "geometry": { "type": "Point", "coordinates": [ 24.9625819, 60.179648 ] } },
{ "type": "Feature", "properties": { "kind": "leisure=sports_hall", "name": "Esport Center" }, "geometry": { "type": "Point", "coordinates": [ 24.7816138, 60.1756529 ] } },
{ "type": "Feature", "properties": { "kind": "leisure=sports_centre", "name": "SYK:n uimahalli" }, "geometry": { "type": "Point", "coordinates": [ 24.8904269, 60.2120498 ] } },
{ "type": "Feature", "properties": { "kind": "leisure=sports_centre", "name": "Katajanokan liikuntahalli" }, "geometry": { "type": "Point", "coordinates": [ 24.9709831, 60.166823899999983 ] } },
{ "type": "Feature", "properties": { "kind": "amenity=cafe", "name": "Marina Cafe" }, "geometry": { "type": "Point", "coordinates": [ 24.9634066, 60.1690537 ] } },
{ "type": "Feature", "properties": { "kind": "leisure=sports_centre", "name": "Pirkkolan uimahalli" }, "geometry": { "type": "Point", "coordinates": [ 24.9112596, 60.2321817 ] } },
{ "type": "Feature", "properties": { "kind": "leisure=sports_centre", "name": "Myyrmäki-halli" }, "geometry": { "type": "Point", "coordinates": [ 24.8413269, 60.261117299999988 ] } },
{ "type": "Feature", "properties": { "kind": "leisure=sports_centre", "name": "Energia Areena" }, "geometry": { "type": "Point", "coordinates": [ 24.838592, 60.2599551 ] } },
{ "type": "Feature", "properties": { "kind": "leisure=sports_centre", "name": "Myyrmäen urheilutalo" }, "geometry": { "type": "Point", "coordinates": [ 24.8513782, 60.265384499999982 ] } },
{ "type": "Feature", "properties": { "kind": "amenity=community_centre", "name": "Rauhanasema" }, "geometry": { "type": "Point", "coordinates": [ 24.9360872, 60.1998988 ] } },
{ "type": "Feature", "properties": { "kind": "amenity=library", "name": "Pasilan kirjasto" }, "geometry": { "type": "Point", "coordinates": [ 24.935823, 60.2008521 ] } },
{ "type": "Feature", "properties": { "kind": "leisure=sports_hall", "name": "Oulunkylän Curlinghalli" }, "geometry": { "type": "Point", "coordinates": [ 24.960662, 60.235212799999985 ] } },
{ "type": "Feature", "properties": { "kind": "leisure=sports_centre", "name": "Oulunkylän jäähalli" }, "geometry": { "type": "Point", "coordinates": [ 24.9610226, 60.2344632 ] } },
{ "type": "Feature", "properties": { "kind": "amenity=library", "name": "Oulunkylän kirjasto" }, "geometry": { "type": "Point", "coordinates": [ 24.9626406, 60.2280696 ] } },
{ "type": "Feature", "properties": { "kind": "amenity=community_centre", "name": "Oulunkylätalo" }, "geometry": { "type": "Point", "coordinates": [ 24.9633799, 60.227763 ] } },
{ "type": "Feature", "properties": { "kind": "leisure=sports_centre", "name": "Paloheinän jäähalli" }, "geometry": { "type": "Point", "coordinates": [ 24.9167781, 60.2532707 ] } },
{ "type": "Feature", "properties": { "kind": "amenity=arts_centre", "name": "Kulttuuritalo" }, "geometry": { "type": "Point", "coordinates": [ 24.9442298, 60.1883595 ] } },
{ "type": "Feature", "properties": { "kind": "leisure=sports_centre", "name": "Variston Tenniskeskus" }, "geometry": { "type": "Point", "coordinates": [ 24.8171853, 60.2746461 ] } },
{ "type": "Feature", "properties": { "kind": "leisure=sports_centre", "name": "Laajasalon Tennishallit" }, "geometry": { "type": "Point", "coordinates": [ 25.0565478, 60.1743956 ] } },
{ "type": "Feature", "properties": { "kind": "amenity=community_centre", "name": "Kanneltalo" }, "geometry": { "type": "Point", "coordinates": [ 24.8761019, 60.23882 ] } },
{ "type": "Feature", "properties": { "kind": "amenity=social_facility", "name": "Rumpupolun palvelutalo" }, "geometry": { "type": "Point", "coordinates": [ 24.8746168, 60.2385745 ] } },
{ "type": "Feature", "properties": { "kind": "leisure=sports_centre", "name": "Padel Point Konala" }, "geometry": { "type": "Point", "coordinates": [ 24.8514281, 60.2425447 ] } },
{ "type": "Feature", "properties": { "kind": "amenity=arts_centre", "name": "Suvilahti" }, "geometry": { "type": "Point", "coordinates": [ 24.9719487, 60.186613699999988 ] } },
{ "type": "Feature", "properties": { "kind": "leisure=sports_centre", "name": "Ruoholahden palloiluhalli" }, "geometry": { "type": "Point", "coordinates": [ 24.911702, 60.1625116 ] } },
{ "type": "Feature", "properties": { "kind": "amenity=community_centre", "name": "POHUn toimisto" }, "geometry": { "type": "Point", "coordinates": [ 24.875872, 60.2337881 ] } },
{ "type": "Feature", "properties": { "kind": "amenity=cafe", "name": "Cafe Piper" }, "geometry": { "type": "Point", "coordinates": [ 24.9847891, 60.1421462 ] } },
{ "type": "Feature", "properties": { "kind": "amenity=social_facility", "name": "Alvila-Koti" }, "geometry": { "type": "Point", "coordinates": [ 24.9131962, 60.166717299999988 ] } },
{ "type": "Feature", "properties": { "kind": "amenity=cafe", "name": "Cajsan Helmi" }, "geometry": { "type": "Point", "coordinates": [ 24.9412962, 60.1768168 ] } },
{ "type": "Feature", "properties": { "kind": "leisure=sports_hall", "name": "Espoonlahden uimahalli" }, "geometry": { "type": "Point", "coordinates": [ 24.6592846, 60.146433 ] } },
{ "type": "Feature", "properties": { "kind": "amenity=social_facility", "name": "Lauttasaaren tukikoti" }, "geometry": { "type": "Point", "coordinates": [ 24.8671912, 60.1639866 ] } },
{ "type": "Feature", "properties": { "kind": "leisure=sauna", "name": "Rantasauna" }, "geometry": { "type": "Point", "coordinates": [ 24.8393206, 60.1882397 ] } },
{ "type": "Feature", "properties": { "kind": "amenity=community_centre", "name": "Merimelojat" }, "geometry": { "type": "Point", "coordinates": [ 24.9106217, 60.180053100000016 ] } },
{ "type": "Feature", "properties": { "kind": "amenity=social_facility", "name": "Senioritalo Sofia&Severi" }, "geometry": { "type": "Point", "coordinates": [ 24.9497976, 60.20497509999997 ] } },
{ "type": "Feature", "properties": { "kind": "amenity=community_centre", "name": "Käpylän työväentalo" }, "geometry": { "type": "Point", "coordinates": [ 24.9406337, 60.2121212 ] } },
{ "type": "Feature", "properties": { "kind": "amenity=social_facility", "name": "Helykoti" }, "geometry": { "type": "Point", "coordinates": [ 25.0849649, 60.2350618 ] } },
{ "type": "Feature", "properties": { "kind": "amenity=social_facility", "name": "Espoonlahden hoivakoti" }, "geometry": { "type": "Point", "coordinates": [ 24.6615738, 60.149319899999981 ] } },
{ "type": "Feature", "properties": { "kind": "leisure=sports_centre", "name": "Peakfin Arena" }, "geometry": { "type": "Point", "coordinates": [ 25.0802195, 60.357752099999985 ] } },
{ "type": "Feature", "properties": { "kind": "amenity=social_facility", "name": "Iltala" }, "geometry": { "type": "Point", "coordinates": [ 24.7400055, 60.2295981 ] } },
{ "type": "Feature", "properties": { "kind": "leisure=sports_centre", "name": "Kauniaisten jäähalli" }, "geometry": { "type": "Point", "coordinates": [ 24.6990852, 60.220695799999987 ] } },
{ "type": "Feature", "properties": { "kind": "leisure=sports_centre", "name": "GrIFK Arena" }, "geometry": { "type": "Point", "coordinates": [ 24.7006612, 60.22115380000001 ] } },
{ "type": "Feature", "properties": { "kind": "leisure=sports_centre", "name": "Kauniaisten Hiihtokeskus" }, "geometry": { "type": "Point", "coordinates": [ 24.702853, 60.2206776 ] } },
{ "type": "Feature", "properties": { "kind": "amenity=social_facility", "name": "Tammela" }, "geometry": { "type": "Point", "coordinates": [ 24.6964514, 60.219273799999989 ] } },
{ "type": "Feature", "properties": { "kind": "amenity=social_facility", "name": "Koivula" }, "geometry": { "type": "Point", "coordinates": [ 24.6964378, 60.2196132 ] } },
{ "type": "Feature", "properties": { "kind": "leisure=sports_centre", "name": "Kauniaisten uimahalli" }, "geometry": { "type": "Point", "coordinates": [ 24.7100694, 60.216236 ] } },
{ "type": "Feature", "properties": { "kind": "amenity=arts_centre", "name": "Uusi Paviljonki" }, "geometry": { "type": "Point", "coordinates": [ 24.7230123, 60.213876799999987 ] } },
{ "type": "Feature", "properties": { "kind": "amenity=community_centre", "name": "Kauniaisten Nuorisotalo" }, "geometry": { "type": "Point", "coordinates": [ 24.722167, 60.213958 ] } },
{ "type": "Feature", "properties": { "kind": "amenity=community_centre", "name": "Gallträsk Segelsällskap" }, "geometry": { "type": "Point", "coordinates": [ 24.7318133, 60.2173028 ] } },
{ "type": "Feature", "properties": { "kind": "amenity=social_facility", "name": "Afasiakeskus" }, "geometry": { "type": "Point", "coordinates": [ 24.9421005, 60.2090372 ] } },
{ "type": "Feature", "properties": { "kind": "leisure=sports_centre", "name": "Helsingin Kartingrata" }, "geometry": { "type": "Point", "coordinates": [ 25.0505388, 60.2551696 ] } },
{ "type": "Feature", "properties": { "kind": "amenity=library", "name": "Munkkiniemen kirjasto" }, "geometry": { "type": "Point", "coordinates": [ 24.8758028, 60.196838 ] } },
{ "type": "Feature", "properties": { "kind": "amenity=social_facility", "name": "Viherlaakson muistipalvelukeskus" }, "geometry": { "type": "Point", "coordinates": [ 24.724274, 60.2256063 ] } },
{ "type": "Feature", "properties": { "kind": "amenity=community_centre", "name": "Asukastalo Tapanilan asema" }, "geometry": { "type": "Point", "coordinates": [ 24.892292, 60.2015205 ] } },
{ "type": "Feature", "properties": { "kind": "amenity=cafe", "name": "Kahvila Rakastan" }, "geometry": { "type": "Point", "coordinates": [ 24.9335479, 60.1746504 ] } },
{ "type": "Feature", "properties": { "kind": "leisure=sports_centre", "name": "Tikkurilan uimahalli" }, "geometry": { "type": "Point", "coordinates": [ 25.0310758, 60.2987201 ] } },
{ "type": "Feature", "properties": { "kind": "amenity=community_centre", "name": "Yhteisötalo Espoo" }, "geometry": { "type": "Point", "coordinates": [ 24.653714, 60.2023575 ] } },
{ "type": "Feature", "properties": { "kind": "leisure=sports_centre", "name": "Kivikon jäähalli" }, "geometry": { "type": "Point", "coordinates": [ 25.052357, 60.2382557 ] } },
{ "type": "Feature", "properties": { "kind": "amenity=cafe", "name": "Tarvaspää Cafe Zoceria" }, "geometry": { "type": "Point", "coordinates": [ 24.8380138, 60.2062675 ] } },
{ "type": "Feature", "properties": { "kind": "amenity=community_centre", "name": "Malmitalo" }, "geometry": { "type": "Point", "coordinates": [ 25.0146116, 60.2505371 ] } },
{ "type": "Feature", "properties": { "kind": "leisure=sports_centre", "name": "Malmin uimahalli" }, "geometry": { "type": "Point", "coordinates": [ 25.0163958, 60.25105019999998 ] } },
{ "type": "Feature", "properties": { "kind": "leisure=sports_centre", "name": "Malmin palloiluhalli" }, "geometry": { "type": "Point", "coordinates": [ 25.0113505, 60.25496720000001 ] } },
{ "type": "Feature", "properties": { "kind": "amenity=community_centre", "name": "Malmin Työväentalo" }, "geometry": { "type": "Point", "coordinates": [ 24.999067, 60.255477 ] } },
{ "type": "Feature", "properties": { "kind": "amenity=social_facility", "name": "" }, "geometry": { "type": "Point", "coordinates": [ 24.8927952, 60.1608641 ] } },
{ "type": "Feature", "properties": { "kind": "amenity=cafe", "name": "Mutteri" }, "geometry": { "type": "Point", "coordinates": [ 24.8925526, 60.16125 ] } },
{ "type": "Feature", "properties": { "kind": "amenity=social_facility", "name": "Lauttasaaren senioritalo" }, "geometry": { "type": "Point", "coordinates": [ 24.8930432, 60.1591384 ] } },
{ "type": "Feature", "properties": { "kind": "amenity=social_facility", "name": "" }, "geometry": { "type": "Point", "coordinates": [ 24.867209, 60.163975099999966 ] } },
{ "type": "Feature", "properties": { "kind": "leisure=sports_centre", "name": "Maunulan liikuntahalli" }, "geometry": { "type": "Point", "coordinates": [ 24.9304918, 60.2286986 ] } },
{ "type": "Feature", "properties": { "kind": "amenity=social_facility", "name": "Ristola-yhteisö" }, "geometry": { "type": "Point", "coordinates": [ 24.9410391, 60.225909 ] } },
{ "type": "Feature", "properties": { "kind": "amenity=social_facility", "name": "Tinasepän asumiskuntoutusyksikkö" }, "geometry": { "type": "Point", "coordinates": [ 24.940857, 60.2263395 ] } },
{ "type": "Feature", "properties": { "kind": "amenity=social_facility", "name": "Octavens verksamhetscenter" }, "geometry": { "type": "Point", "coordinates": [ 24.9418759, 60.2265205 ] } },
{ "type": "Feature", "properties": { "kind": "amenity=community_centre", "name": "Kerhotalo" }, "geometry": { "type": "Point", "coordinates": [ 24.9652194, 60.24584849999998 ] } },
{ "type": "Feature", "properties": { "kind": "amenity=community_centre", "name": "Kerhohuone" }, "geometry": { "type": "Point", "coordinates": [ 24.9845062, 60.239390899999989 ] } },
{ "type": "Feature", "properties": { "kind": "amenity=community_centre", "name": "Kerhohuone" }, "geometry": { "type": "Point", "coordinates": [ 24.987367, 60.2403886 ] } },
{ "type": "Feature", "properties": { "kind": "amenity=cafe", "name": "Sotilaskoti" }, "geometry": { "type": "Point", "coordinates": [ 25.0409623, 60.1499471 ] } },
{ "type": "Feature", "properties": { "kind": "amenity=community_centre", "name": "Pakin talo" }, "geometry": { "type": "Point", "coordinates": [ 24.9646715, 60.2435447 ] } },
{ "type": "Feature", "properties": { "kind": "amenity=library", "name": "Jakomäen kirjasto" }, "geometry": { "type": "Point", "coordinates": [ 25.0762761, 60.2605061 ] } },
{ "type": "Feature", "properties": { "kind": "amenity=library", "name": "Tikkurilan kirjasto" }, "geometry": { "type": "Point", "coordinates": [ 25.0423894, 60.2950159 ] } },
{ "type": "Feature", "properties": { "kind": "leisure=sports_centre", "name": "Tikkurilan harjoitusjäähalli" }, "geometry": { "type": "Point", "coordinates": [ 25.0264711, 60.2995681 ] } },
{ "type": "Feature", "properties": { "kind": "leisure=sports_centre", "name": "Tikkurilan urheilutalo" }, "geometry": { "type": "Point", "coordinates": [ 25.0291376, 60.2989333 ] } },
{ "type": "Feature", "properties": { "kind": "leisure=sports_centre", "name": "Pitkäkosken ulkoilumaja" }, "geometry": { "type": "Point", "coordinates": [ 24.8982276, 60.2660117 ] } },
{ "type": "Feature", "properties": { "kind": "amenity=social_facility", "name": "Palvelukoti Sofia" }, "geometry": { "type": "Point", "coordinates": [ 25.0524287, 60.1775338 ] } },
{ "type": "Feature", "properties": { "kind": "amenity=community_centre", "name": "Kallahden nuorisotalo" }, "geometry": { "type": "Point", "coordinates": [ 25.1400424, 60.2057137 ] } },
{ "type": "Feature", "properties": { "kind": "amenity=social_facility", "name": "Porslahden Validia-talo" }, "geometry": { "type": "Point", "coordinates": [ 25.1468136, 60.219126799999984 ] } },
{ "type": "Feature", "properties": { "kind": "leisure=fitness_centre", "name": "EasyFit Vuosaari" }, "geometry": { "type": "Point", "coordinates": [ 25.1154643, 60.1953472 ] } },
{ "type": "Feature", "properties": { "kind": "amenity=social_facility", "name": "Vuoranta" }, "geometry": { "type": "Point", "coordinates": [ 25.1201007, 60.195828600000013 ] } },
{ "type": "Feature", "properties": { "kind": "amenity=social_facility", "name": "Palvelukeskus Albatross" }, "geometry": { "type": "Point", "coordinates": [ 25.1465294, 60.2062835 ] } },
{ "type": "Feature", "properties": { "kind": "leisure=sports_centre", "name": "Leppävaaran urheiluhalli" }, "geometry": { "type": "Point", "coordinates": [ 24.8075946, 60.2257147 ] } },
{ "type": "Feature", "properties": { "kind": "amenity=community_centre", "name": "Lyhty Ry. Kulttuurityöpaja Valo" }, "geometry": { "type": "Point", "coordinates": [ 24.8484365, 60.2348395 ] } },
{ "type": "Feature", "properties": { "kind": "leisure=sports_centre", "name": "Campo Sportcenter" }, "geometry": { "type": "Point", "coordinates": [ 25.1070188, 60.25191490000001 ] } },
{ "type": "Feature", "properties": { "kind": "amenity=social_facility", "name": "Brummerska hemmet" }, "geometry": { "type": "Point", "coordinates": [ 24.9208998, 60.2496355 ] } },
{ "type": "Feature", "properties": { "kind": "amenity=social_facility", "name": "Hoitokoti Päiväkumpu" }, "geometry": { "type": "Point", "coordinates": [ 24.9229663, 60.2498921 ] } },
{ "type": "Feature", "properties": { "kind": "amenity=social_facility", "name": "Toivolanmäen perheryhmäkoti" }, "geometry": { "type": "Point", "coordinates": [ 24.9651104, 60.2414105 ] } },
{ "type": "Feature", "properties": { "kind": "amenity=social_facility", "name": "Oulunkylän kuntoutuskeskus" }, "geometry": { "type": "Point", "coordinates": [ 24.9729044, 60.2370483 ] } },
{ "type": "Feature", "properties": { "kind": "amenity=social_facility", "name": "Oulunkylän perhekuntoutuskeskus" }, "geometry": { "type": "Point", "coordinates": [ 24.9621751, 60.2307282 ] } },
{ "type": "Feature", "properties": { "kind": "amenity=library", "name": "Pähkinärinteen kirjasto" }, "geometry": { "type": "Point", "coordinates": [ 24.8054542, 60.2567107 ] } },
{ "type": "Feature", "properties": { "kind": "leisure=sports_centre", "name": "Tennishalli" }, "geometry": { "type": "Point", "coordinates": [ 24.7451166, 60.24661420000001 ] } },
{ "type": "Feature", "properties": { "kind": "leisure=sports_centre", "name": "Laaksolahden harjoitusjäähalli" }, "geometry": { "type": "Point", "coordinates": [ 24.7479371, 60.24656190000001 ] } },
{ "type": "Feature", "properties": { "kind": "amenity=community_centre", "name": "Pakilan Nukketeatteritalo" }, "geometry": { "type": "Point", "coordinates": [ 24.9405194, 60.2407838 ] } },
{ "type": "Feature", "properties": { "kind": "leisure=fitness_centre", "name": "Fressi" }, "geometry": { "type": "Point", "coordinates": [ 24.6569238, 60.1461125 ] } },
{ "type": "Feature", "properties": { "kind": "leisure=sports_centre", "name": "Helsingin Mailapelikeskus" }, "geometry": { "type": "Point", "coordinates": [ 25.0322088, 60.270862 ] } },
{ "type": "Feature", "properties": { "kind": "amenity=community_centre", "name": "Tattarisuon moottorihalli" }, "geometry": { "type": "Point", "coordinates": [ 25.0505549, 60.2566357 ] } },
{ "type": "Feature", "properties": { "kind": "amenity=social_facility", "name": "Vanha Viertotien asumisyksikkö" }, "geometry": { "type": "Point", "coordinates": [ 24.8799506, 60.2122373 ] } },
{ "type": "Feature", "properties": { "kind": "amenity=social_facility", "name": "Viertokoti" }, "geometry": { "type": "Point", "coordinates": [ 24.8792902, 60.212501 ] } },
{ "type": "Feature", "properties": { "kind": "amenity=community_centre", "name": "Helsingin Kanoottiklubi" }, "geometry": { "type": "Point", "coordinates": [ 24.908769, 60.1810557 ] } },
{ "type": "Feature", "properties": { "kind": "amenity=community_centre", "name": "Humallahden Venekerho HVK" }, "geometry": { "type": "Point", "coordinates": [ 24.9090056, 60.1818658 ] } },
{ "type": "Feature", "properties": { "kind": "leisure=fitness_centre", "name": "Fressi Clubhouse Vuosaari" }, "geometry": { "type": "Point", "coordinates": [ 25.1358495, 60.2069301 ] } },
{ "type": "Feature", "properties": { "kind": "amenity=community_centre", "name": "" }, "geometry": { "type": "Point", "coordinates": [ 24.7645535, 60.230074 ] } },
{ "type": "Feature", "properties": { "kind": "amenity=cafe", "name": "Kahvila Mieritz" }, "geometry": { "type": "Point", "coordinates": [ 24.8842455, 60.185895 ] } },
{ "type": "Feature", "properties": { "kind": "amenity=community_centre", "name": "" }, "geometry": { "type": "Point", "coordinates": [ 25.1737631, 60.2080987 ] } },
{ "type": "Feature", "properties": { "kind": "amenity=cafe", "name": "Portin Grilli" }, "geometry": { "type": "Point", "coordinates": [ 25.173643, 60.2245376 ] } },
{ "type": "Feature", "properties": { "kind": "amenity=social_facility", "name": "Mariankoti" }, "geometry": { "type": "Point", "coordinates": [ 24.8859521, 60.2296532 ] } },
{ "type": "Feature", "properties": { "kind": "amenity=community_centre", "name": "Kerhotalo" }, "geometry": { "type": "Point", "coordinates": [ 24.9836666, 60.233231699999983 ] } },
{ "type": "Feature", "properties": { "kind": "amenity=library", "name": "Etelä-Haagan kirjasto" }, "geometry": { "type": "Point", "coordinates": [ 24.891702, 60.213903399999985 ] } },
{ "type": "Feature", "properties": { "kind": "amenity=community_centre", "name": "" }, "geometry": { "type": "Point", "coordinates": [ 24.9569564, 60.2104051 ] } },
{ "type": "Feature", "properties": { "kind": "leisure=sports_centre", "name": "Hiekkaharjun liikuntapuisto" }, "geometry": { "type": "Point", "coordinates": [ 25.0551206, 60.3003976 ] } },
{ "type": "Feature", "properties": { "kind": "leisure=sports_centre", "name": "" }, "geometry": { "type": "Point", "coordinates": [ 25.0511069, 60.30468290000001 ] } },
{ "type": "Feature", "properties": { "kind": "leisure=sports_centre", "name": "Forever Matinkylä" }, "geometry": { "type": "Point", "coordinates": [ 24.7536027, 60.15661750000001 ] } },
{ "type": "Feature", "properties": { "kind": "leisure=sports_centre", "name": "Hakunilan uimahalli" }, "geometry": { "type": "Point", "coordinates": [ 25.1198474, 60.2800221 ] } },
{ "type": "Feature", "properties": { "kind": "amenity=community_centre", "name": "Brändö Seglare" }, "geometry": { "type": "Point", "coordinates": [ 25.0094517, 60.1798036 ] } },
{ "type": "Feature", "properties": { "kind": "leisure=sports_centre", "name": "Tapanilan Urheilukeskus" }, "geometry": { "type": "Point", "coordinates": [ 25.0170566, 60.2653146 ] } },
{ "type": "Feature", "properties": { "kind": "leisure=sports_centre", "name": "" }, "geometry": { "type": "Point", "coordinates": [ 25.0190383, 60.265603 ] } },
{ "type": "Feature", "properties": { "kind": "amenity=social_facility", "name": "Riilahden toimintakeskus" }, "geometry": { "type": "Point", "coordinates": [ 24.6780868, 60.1433464 ] } },
{ "type": "Feature", "properties": { "kind": "leisure=sports_hall", "name": "Espoonlahden liikuntahalli" }, "geometry": { "type": "Point", "coordinates": [ 24.6656617, 60.1464729 ] } },
{ "type": "Feature", "properties": { "kind": "amenity=cafe", "name": "Villa Ullas" }, "geometry": { "type": "Point", "coordinates": [ 25.1348503, 60.2005 ] } },
{ "type": "Feature", "properties": { "kind": "amenity=community_centre", "name": "Seikkailutalo" }, "geometry": { "type": "Point", "coordinates": [ 25.1330268, 60.2002826 ] } },
{ "type": "Feature", "properties": { "kind": "amenity=cafe", "name": "Kahvila Kampela" }, "geometry": { "type": "Point", "coordinates": [ 25.1621978, 60.202252399999985 ] } },
{ "type": "Feature", "properties": { "kind": "leisure=fitness_centre", "name": "Liikku Pitäjänmäki" }, "geometry": { "type": "Point", "coordinates": [ 24.8777459, 60.215092099999985 ] } },
{ "type": "Feature", "properties": { "kind": "amenity=community_centre", "name": "" }, "geometry": { "type": "Point", "coordinates": [ 25.0545851, 60.22533390000001 ] } },
{ "type": "Feature", "properties": { "kind": "amenity=community_centre", "name": "Perhetalo Kajuutta" }, "geometry": { "type": "Point", "coordinates": [ 25.1373627, 60.201942 ] } },
{ "type": "Feature", "properties": { "kind": "amenity=social_facility", "name": "Kerokujan asumisyksikkö" }, "geometry": { "type": "Point", "coordinates": [ 25.1128953, 60.2433919 ] } },
{ "type": "Feature", "properties": { "kind": "amenity=social_facility", "name": "Olarinluoman vastaanottokoti" }, "geometry": { "type": "Point", "coordinates": [ 24.7560527, 60.172794 ] } },
{ "type": "Feature", "properties": { "kind": "leisure=sports_centre", "name": "Solvalla Swinghill" }, "geometry": { "type": "Point", "coordinates": [ 24.5542898, 60.29885070000001 ] } },
{ "type": "Feature", "properties": { "kind": "leisure=sauna", "name": "" }, "geometry": { "type": "Point", "coordinates": [ 25.0419259, 60.1615429 ] } },
{ "type": "Feature", "properties": { "kind": "leisure=sauna", "name": "Sannan sauna" }, "geometry": { "type": "Point", "coordinates": [ 25.128978, 60.1983735 ] } },
{ "type": "Feature", "properties": { "kind": "amenity=social_facility", "name": "Kanervakoti" }, "geometry": { "type": "Point", "coordinates": [ 24.8035115, 60.167119 ] } },
{ "type": "Feature", "properties": { "kind": "amenity=community_centre", "name": "Stadin yhteisötalo Käpylä" }, "geometry": { "type": "Point", "coordinates": [ 24.9450612, 60.2135313 ] } },
{ "type": "Feature", "properties": { "kind": "leisure=sports_centre", "name": "Espoonlahden urheilupuisto" }, "geometry": { "type": "Point", "coordinates": [ 24.6629139, 60.146054799999973 ] } },
{ "type": "Feature", "properties": { "kind": "amenity=social_facility", "name": "Attendo Valkamahovi" }, "geometry": { "type": "Point", "coordinates": [ 25.116642, 60.2196464 ] } },
{ "type": "Feature", "properties": { "kind": "amenity=arts_centre", "name": "Puotinkylän-Marjaniemen työväentalo" }, "geometry": { "type": "Point", "coordinates": [ 25.0924169, 60.2130043 ] } },
{ "type": "Feature", "properties": { "kind": "amenity=social_facility", "name": "Senioritalo Hermanni" }, "geometry": { "type": "Point", "coordinates": [ 24.9665531, 60.1899542 ] } },
{ "type": "Feature", "properties": { "kind": "amenity=social_facility", "name": "Teinilän lastenkoti" }, "geometry": { "type": "Point", "coordinates": [ 24.9509438, 60.2332216 ] } },
{ "type": "Feature", "properties": { "kind": "amenity=social_facility", "name": "Kontulan palvelukeskus" }, "geometry": { "type": "Point", "coordinates": [ 25.08572, 60.2436129 ] } },
{ "type": "Feature", "properties": { "kind": "amenity=social_facility", "name": "Attendo Linnanharju" }, "geometry": { "type": "Point", "coordinates": [ 25.1159598, 60.219913499999983 ] } },
{ "type": "Feature", "properties": { "kind": "amenity=community_centre", "name": "Kontion maja" }, "geometry": { "type": "Point", "coordinates": [ 25.0875234, 60.2199964 ] } },
{ "type": "Feature", "properties": { "kind": "amenity=arts_centre", "name": "Musiikkitalo" }, "geometry": { "type": "Point", "coordinates": [ 24.9349984, 60.1737932 ] } },
{ "type": "Feature", "properties": { "kind": "amenity=cafe", "name": "Saukkokioski" }, "geometry": { "type": "Point", "coordinates": [ 24.9817952, 60.173298 ] } },
{ "type": "Feature", "properties": { "kind": "amenity=social_facility", "name": "" }, "geometry": { "type": "Point", "coordinates": [ 25.0876911, 60.2384193 ] } },
{ "type": "Feature", "properties": { "kind": "leisure=sports_centre", "name": "Green Golf talviharjoittelukeskus" }, "geometry": { "type": "Point", "coordinates": [ 25.0210794, 60.242761300000012 ] } },
{ "type": "Feature", "properties": { "kind": "leisure=sports_centre", "name": "Latokartanon liikuntahalli" }, "geometry": { "type": "Point", "coordinates": [ 25.0376256, 60.231246699999986 ] } },
{ "type": "Feature", "properties": { "kind": "amenity=social_facility", "name": "Helander-koti" }, "geometry": { "type": "Point", "coordinates": [ 24.9387135, 60.234331299999987 ] } },
{ "type": "Feature", "properties": { "kind": "amenity=cafe", "name": "Sinisen Huvilan Kahvila" }, "geometry": { "type": "Point", "coordinates": [ 24.9371025, 60.1812981 ] } },
{ "type": "Feature", "properties": { "kind": "leisure=sports_centre", "name": "VM-Center" }, "geometry": { "type": "Point", "coordinates": [ 24.9271825, 60.3360006 ] } },
{ "type": "Feature", "properties": { "kind": "amenity=social_facility", "name": "Palvelukeskus Kotikallio" }, "geometry": { "type": "Point", "coordinates": [ 24.8423316, 60.223236799999988 ] } },
{ "type": "Feature", "properties": { "kind": "leisure=sauna", "name": "" }, "geometry": { "type": "Point", "coordinates": [ 25.0306021, 60.1619249 ] } },
{ "type": "Feature", "properties": { "kind": "leisure=fitness_centre", "name": "Kuntokeskus Sporttikuja" }, "geometry": { "type": "Point", "coordinates": [ 25.0269386, 60.1901712 ] } },
{ "type": "Feature", "properties": { "kind": "amenity=library", "name": "Kauklahden kirjasto" }, "geometry": { "type": "Point", "coordinates": [ 24.5949428, 60.1880343 ] } },
{ "type": "Feature", "properties": { "kind": "amenity=community_centre", "name": "Kylätalo Palttina" }, "geometry": { "type": "Point", "coordinates": [ 24.5983137, 60.1930135 ] } },
{ "type": "Feature", "properties": { "kind": "amenity=cafe", "name": "" }, "geometry": { "type": "Point", "coordinates": [ 24.5932766, 60.1985805 ] } },
{ "type": "Feature", "properties": { "kind": "leisure=sports_centre", "name": "Espoon Jalkapallohalli" }, "geometry": { "type": "Point", "coordinates": [ 24.59305, 60.1990325 ] } },
{ "type": "Feature", "properties": { "kind": "leisure=sports_centre", "name": "Olarin liikuntahalli" }, "geometry": { "type": "Point", "coordinates": [ 24.7333981, 60.1802774 ] } },
{ "type": "Feature", "properties": { "kind": "amenity=community_centre", "name": "Seurantalo Valhalla" }, "geometry": { "type": "Point", "coordinates": [ 24.5917489, 60.1928367 ] } },
{ "type": "Feature", "properties": { "kind": "amenity=community_centre", "name": "Espoon Akilleksen maja" }, "geometry": { "type": "Point", "coordinates": [ 24.6970815, 60.1773643 ] } },
{ "type": "Feature", "properties": { "kind": "amenity=community_centre", "name": "Honkamaja" }, "geometry": { "type": "Point", "coordinates": [ 24.5718351, 60.244231399999983 ] } },
{ "type": "Feature", "properties": { "kind": "amenity=community_centre", "name": "Olarin asukaspuisto" }, "geometry": { "type": "Point", "coordinates": [ 24.7311781, 60.168288599999983 ] } },
{ "type": "Feature", "properties": { "kind": "amenity=cafe", "name": "" }, "geometry": { "type": "Point", "coordinates": [ 24.930643, 60.1906641 ] } },
{ "type": "Feature", "properties": { "kind": "amenity=community_centre", "name": "Meriharjun luontotalo" }, "geometry": { "type": "Point", "coordinates": [ 25.1794591, 60.197241699999985 ] } },
{ "type": "Feature", "properties": { "kind": "amenity=community_centre", "name": "" }, "geometry": { "type": "Point", "coordinates": [ 25.096322, 60.1908283 ] } },
{ "type": "Feature", "properties": { "kind": "leisure=sports_hall", "name": "Tapiolan urheiluhalli" }, "geometry": { "type": "Point", "coordinates": [ 24.7852373, 60.1787985 ] } },
{ "type": "Feature", "properties": { "kind": "leisure=sports_centre", "name": "EBK-Honka areena" }, "geometry": { "type": "Point", "coordinates": [ 24.6772048, 60.2100528 ] } },
{ "type": "Feature", "properties": { "kind": "leisure=sports_hall", "name": "Esport Arena" }, "geometry": { "type": "Point", "coordinates": [ 24.782525, 60.1766309 ] } },
{ "type": "Feature", "properties": { "kind": "amenity=community_centre", "name": "Ruoholahden nuorisotalo Koralli" }, "geometry": { "type": "Point", "coordinates": [ 24.9146472, 60.1599642 ] } },
{ "type": "Feature", "properties": { "kind": "amenity=cafe", "name": "Karjalaisten kesäkoti Villa Salmela" }, "geometry": { "type": "Point", "coordinates": [ 25.0950208, 60.1603905 ] } },
{ "type": "Feature", "properties": { "kind": "amenity=social_facility", "name": "Rukkilan asumisyhteisö" }, "geometry": { "type": "Point", "coordinates": [ 24.8697392, 60.249993299999986 ] } },
{ "type": "Feature", "properties": { "kind": "amenity=community_centre", "name": "Keimolan ulkoilumaja" }, "geometry": { "type": "Point", "coordinates": [ 24.8149967, 60.3285598 ] } },
{ "type": "Feature", "properties": { "kind": "amenity=cafe", "name": "Cafe Regatta" }, "geometry": { "type": "Point", "coordinates": [ 24.9117875, 60.1801666 ] } },
{ "type": "Feature", "properties": { "kind": "amenity=arts_centre", "name": "Vuotalo" }, "geometry": { "type": "Point", "coordinates": [ 25.1433765, 60.2088798 ] } },
{ "type": "Feature", "properties": { "kind": "amenity=social_facility", "name": "Rinnekodit Minea" }, "geometry": { "type": "Point", "coordinates": [ 24.8485675, 60.260138199999986 ] } },
{ "type": "Feature", "properties": { "kind": "leisure=sports_centre", "name": "Salmisaaren Liikuntakeskus" }, "geometry": { "type": "Point", "coordinates": [ 24.9037068, 60.1658432 ] } },
{ "type": "Feature", "properties": { "kind": "amenity=community_centre", "name": "Helsinfors Segelklubb" }, "geometry": { "type": "Point", "coordinates": [ 24.8918284, 60.151176 ] } },
{ "type": "Feature", "properties": { "kind": "amenity=social_facility", "name": "Palvelutalo Untuva" }, "geometry": { "type": "Point", "coordinates": [ 24.8777152, 60.155711399999987 ] } },
{ "type": "Feature", "properties": { "kind": "amenity=library", "name": "Kauniaisten kaupunginkirjasto" }, "geometry": { "type": "Point", "coordinates": [ 24.7259076, 60.2108256 ] } },
{ "type": "Feature", "properties": { "kind": "leisure=sports_centre", "name": "Leppävaaran jäähalli" }, "geometry": { "type": "Point", "coordinates": [ 24.8070228, 60.2238312 ] } },
{ "type": "Feature", "properties": { "kind": "leisure=sports_centre", "name": "Meilahden liikuntapuisto" }, "geometry": { "type": "Point", "coordinates": [ 24.8985001, 60.189566099999986 ] } },
{ "type": "Feature", "properties": { "kind": "leisure=sports_centre", "name": "Pukinmäen liikuntapuisto" }, "geometry": { "type": "Point", "coordinates": [ 24.99395, 60.2494305 ] } },
{ "type": "Feature", "properties": { "kind": "leisure=sports_centre", "name": "Pirkkolan liikuntapuisto" }, "geometry": { "type": "Point", "coordinates": [ 24.910319, 60.2333721 ] } },
{ "type": "Feature", "properties": { "kind": "leisure=sports_centre", "name": "Vuosaaren liikuntapuisto" }, "geometry": { "type": "Point", "coordinates": [ 25.1562247, 60.2122993 ] } },
{ "type": "Feature", "properties": { "kind": "leisure=sports_centre", "name": "Aimo Mäkinen -areena" }, "geometry": { "type": "Point", "coordinates": [ 25.1558325, 60.213113 ] } },
{ "type": "Feature", "properties": { "kind": "amenity=community_centre", "name": "Lillhemtin kylätupa" }, "geometry": { "type": "Point", "coordinates": [ 24.7277422, 60.1872373 ] } },
{ "type": "Feature", "properties": { "kind": "leisure=sports_centre", "name": "" }, "geometry": { "type": "Point", "coordinates": [ 24.8983449, 60.1901606 ] } },
{ "type": "Feature", "properties": { "kind": "leisure=sports_centre", "name": "Meilahden liikuntakeskus" }, "geometry": { "type": "Point", "coordinates": [ 24.8970519, 60.190271199999984 ] } },
{ "type": "Feature", "properties": { "kind": "amenity=community_centre", "name": "Östersundomin leirikeskus" }, "geometry": { "type": "Point", "coordinates": [ 25.2079402, 60.261252799999987 ] } },
{ "type": "Feature", "properties": { "kind": "amenity=library", "name": "Kansalliskirjasto" }, "geometry": { "type": "Point", "coordinates": [ 24.9502702, 60.1703396 ] } },
{ "type": "Feature", "properties": { "kind": "amenity=arts_centre", "name": "Annantalo" }, "geometry": { "type": "Point", "coordinates": [ 24.9346151, 60.1677996 ] } },
{ "type": "Feature", "properties": { "kind": "amenity=marketplace", "name": "Hietalahden kauppahalli" }, "geometry": { "type": "Point", "coordinates": [ 24.929454, 60.163018099999981 ] } },
{ "type": "Feature", "properties": { "kind": "amenity=marketplace", "name": "Vanha Kauppahalli" }, "geometry": { "type": "Point", "coordinates": [ 24.9527822, 60.1661613 ] } },
{ "type": "Feature", "properties": { "kind": "amenity=cafe", "name": "Café Carusel" }, "geometry": { "type": "Point", "coordinates": [ 24.9425151, 60.153701799999972 ] } },
{ "type": "Feature", "properties": { "kind": "leisure=sports_centre", "name": "Elixia Tali" }, "geometry": { "type": "Point", "coordinates": [ 24.8753723, 60.2135218 ] } },
{ "type": "Feature", "properties": { "kind": "amenity=community_centre", "name": "Ilolan seurakuntatalo" }, "geometry": { "type": "Point", "coordinates": [ 25.0258403, 60.3285326 ] } },
{ "type": "Feature", "properties": { "kind": "amenity=cafe", "name": "" }, "geometry": { "type": "Point", "coordinates": [ 25.1175753, 60.21480050000001 ] } },
{ "type": "Feature", "properties": { "kind": "amenity=library", "name": "Vallilan kirjasto" }, "geometry": { "type": "Point", "coordinates": [ 24.9624561, 60.1922209 ] } },
{ "type": "Feature", "properties": { "kind": "leisure=sports_centre", "name": "Kontulan skeittihalli" }, "geometry": { "type": "Point", "coordinates": [ 25.086121, 60.2365008 ] } },
{ "type": "Feature", "properties": { "kind": "leisure=sports_centre", "name": "Tapiolan tennispuisto" }, "geometry": { "type": "Point", "coordinates": [ 24.8009588, 60.1725152 ] } },
{ "type": "Feature", "properties": { "kind": "amenity=arts_centre", "name": "Näyttelykeskus WeeGee" }, "geometry": { "type": "Point", "coordinates": [ 24.7943382, 60.1788086 ] } },
{ "type": "Feature", "properties": { "kind": "amenity=social_facility", "name": "Antinkoti" }, "geometry": { "type": "Point", "coordinates": [ 25.0008097, 60.2591774 ] } },
{ "type": "Feature", "properties": { "kind": "amenity=community_centre", "name": "Haukilahden Palvelukeskus" }, "geometry": { "type": "Point", "coordinates": [ 24.7767958, 60.162204499999987 ] } },
{ "type": "Feature", "properties": { "kind": "amenity=social_facility", "name": "Rinnekodit Koukkusaari" }, "geometry": { "type": "Point", "coordinates": [ 25.1339436, 60.2159018 ] } },
{ "type": "Feature", "properties": { "kind": "amenity=arts_centre", "name": "Asukastalo Lava" }, "geometry": { "type": "Point", "coordinates": [ 25.0401938, 60.2342691 ] } },
{ "type": "Feature", "properties": { "kind": "leisure=sports_centre", "name": "Martinmäen Tenniskeskus" }, "geometry": { "type": "Point", "coordinates": [ 24.6789039, 60.1579371 ] } },
{ "type": "Feature", "properties": { "kind": "leisure=sports_centre", "name": "Cherry Arena" }, "geometry": { "type": "Point", "coordinates": [ 24.6780703, 60.157514099999986 ] } },
{ "type": "Feature", "properties": { "kind": "leisure=sports_hall", "name": "Maneesi" }, "geometry": { "type": "Point", "coordinates": [ 25.0417015, 60.2271839 ] } },
{ "type": "Feature", "properties": { "kind": "amenity=social_facility", "name": "Töölön palvelukeskus" }, "geometry": { "type": "Point", "coordinates": [ 24.924508, 60.181777699999984 ] } },
{ "type": "Feature", "properties": { "kind": "amenity=social_facility", "name": "Töölön palvelukeskus" }, "geometry": { "type": "Point", "coordinates": [ 24.9242619, 60.181533 ] } },
{ "type": "Feature", "properties": { "kind": "leisure=sports_centre", "name": "Töölön Kisahalli" }, "geometry": { "type": "Point", "coordinates": [ 24.9257191, 60.183428700000015 ] } },
{ "type": "Feature", "properties": { "kind": "amenity=library", "name": "Töölön kirjasto" }, "geometry": { "type": "Point", "coordinates": [ 24.9174259, 60.183348 ] } },
{ "type": "Feature", "properties": { "kind": "leisure=sauna", "name": "Gorsu" }, "geometry": { "type": "Point", "coordinates": [ 24.8379632, 60.1878698 ] } },
{ "type": "Feature", "properties": { "kind": "leisure=sports_centre", "name": "Helsingin urheilutalo" }, "geometry": { "type": "Point", "coordinates": [ 24.9475785, 60.186844899999976 ] } },
{ "type": "Feature", "properties": { "kind": "amenity=marketplace", "name": "Hakaniemen kauppahalli" }, "geometry": { "type": "Point", "coordinates": [ 24.9513429, 60.180072899999985 ] } },
{ "type": "Feature", "properties": { "kind": "amenity=social_facility", "name": "Helsingin Diakonissalaitoksen Pitäjänmäen lastenkoti" }, "geometry": { "type": "Point", "coordinates": [ 24.8460696, 60.227439 ] } },
{ "type": "Feature", "properties": { "kind": "leisure=sports_centre", "name": "Marian Joogakoulu" }, "geometry": { "type": "Point", "coordinates": [ 24.9797297, 60.2082496 ] } },
{ "type": "Feature", "properties": { "kind": "leisure=sports_hall", "name": "Husön ratsastusmaneesi" }, "geometry": { "type": "Point", "coordinates": [ 25.1980476, 60.2434916 ] } },
{ "type": "Feature", "properties": { "kind": "amenity=community_centre", "name": "Tapanilan työväentalo" }, "geometry": { "type": "Point", "coordinates": [ 25.0290287, 60.263843599999987 ] } },
{ "type": "Feature", "properties": { "kind": "amenity=social_facility", "name": "" }, "geometry": { "type": "Point", "coordinates": [ 24.6876591, 60.202144099999984 ] } },
{ "type": "Feature", "properties": { "kind": "leisure=sauna", "name": "Poliisien kesäkodin saunat" }, "geometry": { "type": "Point", "coordinates": [ 24.8576713, 60.151941 ] } },
{ "type": "Feature", "properties": { "kind": "amenity=social_facility", "name": "Senioritalo Hopeakallio" }, "geometry": { "type": "Point", "coordinates": [ 24.7648656, 60.229573 ] } },
{ "type": "Feature", "properties": { "kind": "amenity=social_facility", "name": "Kannelkoti" }, "geometry": { "type": "Point", "coordinates": [ 24.88062, 60.2465709 ] } },
{ "type": "Feature", "properties": { "kind": "amenity=community_centre", "name": "Bisan maja" }, "geometry": { "type": "Point", "coordinates": [ 25.1520703, 60.3038624 ] } },
{ "type": "Feature", "properties": { "kind": "leisure=sports_centre", "name": "Laaksolahden jalkapallohalli" }, "geometry": { "type": "Point", "coordinates": [ 24.7463344, 60.2459226 ] } },
{ "type": "Feature", "properties": { "kind": "leisure=sports_centre", "name": "Vapaalan liikuntapuisto" }, "geometry": { "type": "Point", "coordinates": [ 24.8212547, 60.266475299999975 ] } },
{ "type": "Feature", "properties": { "kind": "leisure=sports_centre", "name": "Kannelmäen liikuntapuisto" }, "geometry": { "type": "Point", "coordinates": [ 24.876965, 60.2439498 ] } },
{ "type": "Feature", "properties": { "kind": "leisure=sports_centre", "name": "" }, "geometry": { "type": "Point", "coordinates": [ 25.0134429, 60.1817923 ] } },
{ "type": "Feature", "properties": { "kind": "amenity=community_centre", "name": "" }, "geometry": { "type": "Point", "coordinates": [ 24.9063746, 60.180284 ] } },
{ "type": "Feature", "properties": { "kind": "amenity=community_centre", "name": "" }, "geometry": { "type": "Point", "coordinates": [ 25.0717435, 60.367735499999988 ] } },
{ "type": "Feature", "properties": { "kind": "leisure=sports_centre", "name": "Hakunilan ylipainehalli" }, "geometry": { "type": "Point", "coordinates": [ 25.122877, 60.2795167 ] } },
{ "type": "Feature", "properties": { "kind": "amenity=library", "name": "Nöykkiön kirjasto" }, "geometry": { "type": "Point", "coordinates": [ 24.6635618, 60.167678599999988 ] } },
{ "type": "Feature", "properties": { "kind": "amenity=library", "name": "Laaksolahden kirjasto" }, "geometry": { "type": "Point", "coordinates": [ 24.7692425, 60.245513500000015 ] } },
{ "type": "Feature", "properties": { "kind": "amenity=social_facility", "name": "Helsingin säilöönottoyksikkö" }, "geometry": { "type": "Point", "coordinates": [ 24.9349199, 60.2191895 ] } },
{ "type": "Feature", "properties": { "kind": "amenity=cafe", "name": "Cafe Compass" }, "geometry": { "type": "Point", "coordinates": [ 24.9516116, 60.1551655 ] } },
{ "type": "Feature", "properties": { "kind": "leisure=fitness_centre", "name": "Kuntokeskus Let's Go" }, "geometry": { "type": "Point", "coordinates": [ 24.8249049, 60.256558599999984 ] } },
{ "type": "Feature", "properties": { "kind": "leisure=sports_centre", "name": "Sissos Arena" }, "geometry": { "type": "Point", "coordinates": [ 24.8312491, 60.2500615 ] } },
{ "type": "Feature", "properties": { "kind": "leisure=sports_centre", "name": "Varma Tennisklubi VTK Ry" }, "geometry": { "type": "Point", "coordinates": [ 24.8634459, 60.236623 ] } },
{ "type": "Feature", "properties": { "kind": "amenity=social_facility", "name": "Pitäjänmäen asumispalveluyksikkö" }, "geometry": { "type": "Point", "coordinates": [ 24.876058, 60.2144909 ] } },
{ "type": "Feature", "properties": { "kind": "leisure=sauna", "name": "" }, "geometry": { "type": "Point", "coordinates": [ 24.8548215, 60.382556900000012 ] } },
{ "type": "Feature", "properties": { "kind": "amenity=social_facility", "name": "Teinilän lastenkoti" }, "geometry": { "type": "Point", "coordinates": [ 24.9529726, 60.227991499999987 ] } },
{ "type": "Feature", "properties": { "kind": "amenity=social_facility", "name": "Kustaankartanon seniorikeskus" }, "geometry": { "type": "Point", "coordinates": [ 24.9476369, 60.228397 ] } },
{ "type": "Feature", "properties": { "kind": "leisure=sports_hall", "name": "Liikuntahalli" }, "geometry": { "type": "Point", "coordinates": [ 24.9456553, 60.2286923 ] } },
{ "type": "Feature", "properties": { "kind": "leisure=fitness_centre", "name": "Fressi Laaksolahti" }, "geometry": { "type": "Point", "coordinates": [ 24.7675379, 60.2430253 ] } },
{ "type": "Feature", "properties": { "kind": "amenity=community_centre", "name": "Ungdomsföreningshuset" }, "geometry": { "type": "Point", "coordinates": [ 24.7356797, 60.2603686 ] } },
{ "type": "Feature", "properties": { "kind": "amenity=social_facility", "name": "" }, "geometry": { "type": "Point", "coordinates": [ 24.7384677, 60.2239156 ] } },
{ "type": "Feature", "properties": { "kind": "leisure=sports_centre", "name": "Talihalli" }, "geometry": { "type": "Point", "coordinates": [ 24.87797, 60.210878400000013 ] } },
{ "type": "Feature", "properties": { "kind": "leisure=sports_centre", "name": "Kivenlahti Squash" }, "geometry": { "type": "Point", "coordinates": [ 24.6420597, 60.1538986 ] } },
{ "type": "Feature", "properties": { "kind": "leisure=sports_centre", "name": "Paloheinän pulkkamäki" }, "geometry": { "type": "Point", "coordinates": [ 24.9144429, 60.253698899999989 ] } },
{ "type": "Feature", "properties": { "kind": "amenity=social_facility", "name": "Hopeatien palvelutalo" }, "geometry": { "type": "Point", "coordinates": [ 24.885975, 60.228878199999969 ] } },
{ "type": "Feature", "properties": { "kind": "amenity=social_facility", "name": "Villa Lauriina" }, "geometry": { "type": "Point", "coordinates": [ 24.6480543, 60.215133599999987 ] } },
{ "type": "Feature", "properties": { "kind": "amenity=community_centre", "name": "Roihuvuoren kylätalo" }, "geometry": { "type": "Point", "coordinates": [ 25.0521182, 60.198584899999986 ] } },
{ "type": "Feature", "properties": { "kind": "amenity=community_centre", "name": "Hiirisuon asukaspuisto" }, "geometry": { "type": "Point", "coordinates": [ 24.7377952, 60.3026857 ] } },
{ "type": "Feature", "properties": { "kind": "amenity=social_facility", "name": "Palvelukoti Sylvi" }, "geometry": { "type": "Point", "coordinates": [ 24.7427758, 60.2269779 ] } },
{ "type": "Feature", "properties": { "kind": "leisure=sports_centre", "name": "Solvalla Arena" }, "geometry": { "type": "Point", "coordinates": [ 24.5601323, 60.2942447 ] } },
{ "type": "Feature", "properties": { "kind": "leisure=sports_centre", "name": "Targa Arena" }, "geometry": { "type": "Point", "coordinates": [ 24.7115446, 60.2062282 ] } },
{ "type": "Feature", "properties": { "kind": "amenity=social_facility", "name": "" }, "geometry": { "type": "Point", "coordinates": [ 24.8854329, 60.2297771 ] } },
{ "type": "Feature", "properties": { "kind": "amenity=library", "name": "Pohjois-Haagan kirjasto" }, "geometry": { "type": "Point", "coordinates": [ 24.8874156, 60.2325001 ] } },
{ "type": "Feature", "properties": { "kind": "amenity=community_centre", "name": "Espoon Suunnan seuramaja" }, "geometry": { "type": "Point", "coordinates": [ 24.6970601, 60.177571 ] } },
{ "type": "Feature", "properties": { "kind": "amenity=cafe", "name": "Ravintola Töölö" }, "geometry": { "type": "Point", "coordinates": [ 24.9233864, 60.171516699999984 ] } },
{ "type": "Feature", "properties": { "kind": "amenity=social_facility", "name": "Steniuksentien ryhmäkoti" }, "geometry": { "type": "Point", "coordinates": [ 24.8956464, 60.212610599999984 ] } },
{ "type": "Feature", "properties": { "kind": "amenity=social_facility", "name": "Pienryhmäkoti Korento" }, "geometry": { "type": "Point", "coordinates": [ 25.1306727, 60.339167 ] } },
{ "type": "Feature", "properties": { "kind": "leisure=sports_centre", "name": "Serena Ski" }, "geometry": { "type": "Point", "coordinates": [ 24.7357775, 60.326029599999984 ] } },
{ "type": "Feature", "properties": { "kind": "leisure=sports_hall", "name": "Honkahalli" }, "geometry": { "type": "Point", "coordinates": [ 24.7871925, 60.178745499999984 ] } },
{ "type": "Feature", "properties": { "kind": "amenity=cafe", "name": "Kahvila Glims" }, "geometry": { "type": "Point", "coordinates": [ 24.6801258, 60.220847299999988 ] } },
{ "type": "Feature", "properties": { "kind": "amenity=social_facility", "name": "Stjärnhem" }, "geometry": { "type": "Point", "coordinates": [ 24.7751757, 60.241179700000011 ] } },
{ "type": "Feature", "properties": { "kind": "amenity=community_centre", "name": "Järvenperän nuorisotila" }, "geometry": { "type": "Point", "coordinates": [ 24.7107658, 60.2442495 ] } },
{ "type": "Feature", "properties": { "kind": "amenity=social_facility", "name": "" }, "geometry": { "type": "Point", "coordinates": [ 25.0986859, 60.208710399999987 ] } },
{ "type": "Feature", "properties": { "kind": "amenity=social_facility", "name": "" }, "geometry": { "type": "Point", "coordinates": [ 25.0996678, 60.2084959 ] } },
{ "type": "Feature", "properties": { "kind": "amenity=community_centre", "name": "Haukilahden monitoimitalo" }, "geometry": { "type": "Point", "coordinates": [ 24.7823955, 60.1606065 ] } },
{ "type": "Feature", "properties": { "kind": "amenity=social_facility", "name": "Mäntylän palvelutalo" }, "geometry": { "type": "Point", "coordinates": [ 25.1010616, 60.2091578 ] } },
{ "type": "Feature", "properties": { "kind": "amenity=social_facility", "name": "Merilän palvelutalo" }, "geometry": { "type": "Point", "coordinates": [ 25.1028206, 60.208762800000017 ] } },
{ "type": "Feature", "properties": { "kind": "leisure=fitness_centre", "name": "CrossFit" }, "geometry": { "type": "Point", "coordinates": [ 24.6408973, 60.158665900000017 ] } },
{ "type": "Feature", "properties": { "kind": "amenity=social_facility", "name": "Kettutien palvelutalo" }, "geometry": { "type": "Point", "coordinates": [ 25.0379922, 60.2062953 ] } },
{ "type": "Feature", "properties": { "kind": "leisure=sauna", "name": "Iso rantasavusauna Kuusi" }, "geometry": { "type": "Point", "coordinates": [ 25.1154391, 60.3136804 ] } },
{ "type": "Feature", "properties": { "kind": "amenity=social_facility", "name": "Suopursun palvelutalo" }, "geometry": { "type": "Point", "coordinates": [ 25.0415065, 60.3001142 ] } },
{ "type": "Feature", "properties": { "kind": "amenity=community_centre", "name": "Avoin kohtaamispaikka Ukko-Pekka" }, "geometry": { "type": "Point", "coordinates": [ 25.0342578, 60.3006696 ] } },
{ "type": "Feature", "properties": { "kind": "amenity=social_facility", "name": "Harjula" }, "geometry": { "type": "Point", "coordinates": [ 25.0549849, 60.3535022 ] } },
{ "type": "Feature", "properties": { "kind": "amenity=community_centre", "name": "Kerhohuone" }, "geometry": { "type": "Point", "coordinates": [ 24.8832734, 60.3254018 ] } },
{ "type": "Feature", "properties": { "kind": "amenity=community_centre", "name": "" }, "geometry": { "type": "Point", "coordinates": [ 24.8449242, 60.3499201 ] } },
{ "type": "Feature", "properties": { "kind": "amenity=social_facility", "name": "" }, "geometry": { "type": "Point", "coordinates": [ 24.8723792, 60.345631 ] } },
{ "type": "Feature", "properties": { "kind": "amenity=social_facility", "name": "" }, "geometry": { "type": "Point", "coordinates": [ 24.8010823, 60.2071039 ] } },
{ "type": "Feature", "properties": { "kind": "amenity=community_centre", "name": "Soukka-seuran seurantalo" }, "geometry": { "type": "Point", "coordinates": [ 24.6728611, 60.124870499999986 ] } },
{ "type": "Feature", "properties": { "kind": "amenity=community_centre", "name": "Kauklahden työväentalo, Kerhotalo Puikkari" }, "geometry": { "type": "Point", "coordinates": [ 24.5890888, 60.18677370000001 ] } },
{ "type": "Feature", "properties": { "kind": "amenity=social_facility", "name": "Sateenkaari-Koti" }, "geometry": { "type": "Point", "coordinates": [ 24.639742, 60.2108288 ] } },
{ "type": "Feature", "properties": { "kind": "amenity=social_facility", "name": "Palvelutalo Hopeakotka" }, "geometry": { "type": "Point", "coordinates": [ 24.762907, 60.2295069 ] } },
{ "type": "Feature", "properties": { "kind": "amenity=community_centre", "name": "Ponnen maja" }, "geometry": { "type": "Point", "coordinates": [ 24.755019, 60.300252 ] } },
{ "type": "Feature", "properties": { "kind": "amenity=community_centre", "name": "" }, "geometry": { "type": "Point", "coordinates": [ 24.748221, 60.1643183 ] } },
{ "type": "Feature", "properties": { "kind": "amenity=community_centre", "name": "Louhi" }, "geometry": { "type": "Point", "coordinates": [ 24.5326857, 60.294637 ] } },
{ "type": "Feature", "properties": { "kind": "amenity=community_centre", "name": "Karjakaivon saunatupa" }, "geometry": { "type": "Point", "coordinates": [ 24.5849872, 60.2983909 ] } },
{ "type": "Feature", "properties": { "kind": "amenity=community_centre", "name": "" }, "geometry": { "type": "Point", "coordinates": [ 24.6815175, 60.116298199999974 ] } },
{ "type": "Feature", "properties": { "kind": "amenity=cafe", "name": "Piparkakkutalo kahvila Uken" }, "geometry": { "type": "Point", "coordinates": [ 24.7070518, 60.2357688 ] } },
{ "type": "Feature", "properties": { "kind": "leisure=sports_centre", "name": "" }, "geometry": { "type": "Point", "coordinates": [ 25.0136709, 60.1816491 ] } },
{ "type": "Feature", "properties": { "kind": "leisure=fitness_centre", "name": "Kuntokeskus Fressi" }, "geometry": { "type": "Point", "coordinates": [ 24.8410041, 60.2596092 ] } },
{ "type": "Feature", "properties": { "kind": "leisure=sports_centre", "name": "Martinlaakson liikuntapuisto" }, "geometry": { "type": "Point", "coordinates": [ 24.8484073, 60.2829218 ] } },
{ "type": "Feature", "properties": { "kind": "amenity=social_facility", "name": "Postipuun vastaanottokoti" }, "geometry": { "type": "Point", "coordinates": [ 24.8179101, 60.2226105 ] } },
{ "type": "Feature", "properties": { "kind": "amenity=social_facility", "name": "Palvelukoti Joutsenvirta" }, "geometry": { "type": "Point", "coordinates": [ 25.0464984, 60.1725655 ] } },
{ "type": "Feature", "properties": { "kind": "amenity=social_facility", "name": "Ykköskoti Kajava" }, "geometry": { "type": "Point", "coordinates": [ 25.0250468, 60.2858298 ] } },
{ "type": "Feature", "properties": { "kind": "leisure=sports_hall", "name": "Tolkinkylän ratsastuskoulu maneesi" }, "geometry": { "type": "Point", "coordinates": [ 24.9311347, 60.2776127 ] } },
{ "type": "Feature", "properties": { "kind": "leisure=sports_centre", "name": "Konalan liikuntapuisto" }, "geometry": { "type": "Point", "coordinates": [ 24.8504252, 60.236788299999986 ] } },
{ "type": "Feature", "properties": { "kind": "amenity=cafe", "name": "Cafe Torpedo" }, "geometry": { "type": "Point", "coordinates": [ 24.9918555, 60.1826867 ] } },
{ "type": "Feature", "properties": { "kind": "leisure=sports_centre", "name": "" }, "geometry": { "type": "Point", "coordinates": [ 24.8253043, 60.292741799999988 ] } },
{ "type": "Feature", "properties": { "kind": "amenity=social_facility", "name": "" }, "geometry": { "type": "Point", "coordinates": [ 24.7613879, 60.245956 ] } },
{ "type": "Feature", "properties": { "kind": "amenity=social_facility", "name": "Elämäntalo Aaria" }, "geometry": { "type": "Point", "coordinates": [ 24.7613385, 60.2457279 ] } },
{ "type": "Feature", "properties": { "kind": "leisure=sports_centre", "name": "Laaksolahden urheilupuisto" }, "geometry": { "type": "Point", "coordinates": [ 24.7474055, 60.245926199999985 ] } },
{ "type": "Feature", "properties": { "kind": "amenity=community_centre", "name": "Myyrmäkitalo" }, "geometry": { "type": "Point", "coordinates": [ 24.8535546, 60.2613643 ] } },
{ "type": "Feature", "properties": { "kind": "leisure=sports_centre", "name": "Matinkylän yleisurheilukenttä" }, "geometry": { "type": "Point", "coordinates": [ 24.7523275, 60.157777699999968 ] } },
{ "type": "Feature", "properties": { "kind": "amenity=social_facility", "name": "Palvelukoti Koivu ja Tähti" }, "geometry": { "type": "Point", "coordinates": [ 24.8343102, 60.2276163 ] } },
{ "type": "Feature", "properties": { "kind": "amenity=social_facility", "name": "Palvelutalo Kotikoivu" }, "geometry": { "type": "Point", "coordinates": [ 24.835127, 60.2279115 ] } },
{ "type": "Feature", "properties": { "kind": "amenity=cafe", "name": "Kahvila Kasinonranta" }, "geometry": { "type": "Point", "coordinates": [ 24.8724976, 60.155623199999987 ] } },
{ "type": "Feature", "properties": { "kind": "amenity=social_facility", "name": "Hämeenkylän vanhustenkeskus" }, "geometry": { "type": "Point", "coordinates": [ 24.8023924, 60.2674121 ] } },
{ "type": "Feature", "properties": { "kind": "leisure=sports_centre", "name": "" }, "geometry": { "type": "Point", "coordinates": [ 24.7246889, 60.330527600000011 ] } },
{ "type": "Feature", "properties": { "kind": "leisure=sports_centre", "name": "Lassilan liikuntapuisto" }, "geometry": { "type": "Point", "coordinates": [ 24.8748017, 60.2337841 ] } },
{ "type": "Feature", "properties": { "kind": "leisure=sports_centre", "name": "Roihuvuoren liikuntapuisto" }, "geometry": { "type": "Point", "coordinates": [ 25.0549796, 60.1954607 ] } },
{ "type": "Feature", "properties": { "kind": "leisure=sports_centre", "name": "Puistolan liikuntapuisto" }, "geometry": { "type": "Point", "coordinates": [ 25.053731, 60.266724 ] } },
{ "type": "Feature", "properties": { "kind": "leisure=sports_centre", "name": "Leppävaaran uimahalli" }, "geometry": { "type": "Point", "coordinates": [ 24.8030041, 60.226054 ] } },
{ "type": "Feature", "properties": { "kind": "leisure=sports_centre", "name": "Leppävaaran uimahalli ja maauimala" }, "geometry": { "type": "Point", "coordinates": [ 24.8029734, 60.2257093 ] } },
{ "type": "Feature", "properties": { "kind": "amenity=community_centre", "name": "Koskelan nuorisotalo" }, "geometry": { "type": "Point", "coordinates": [ 24.9668346, 60.2185865 ] } },
{ "type": "Feature", "properties": { "kind": "leisure=sauna", "name": "Pieni savusauna" }, "geometry": { "type": "Point", "coordinates": [ 25.1148878, 60.313944099999986 ] } },
{ "type": "Feature", "properties": { "kind": "leisure=sports_centre", "name": "Lauttasaaren uimahalli" }, "geometry": { "type": "Point", "coordinates": [ 24.8622639, 60.158242299999984 ] } },
{ "type": "Feature", "properties": { "kind": "amenity=social_facility", "name": "Kannelmäen palvelutalo" }, "geometry": { "type": "Point", "coordinates": [ 24.8751235, 60.2426502 ] } },
{ "type": "Feature", "properties": { "kind": "amenity=community_centre", "name": "Leikkipuisto Munkki" }, "geometry": { "type": "Point", "coordinates": [ 24.8726031, 60.2002012 ] } },
{ "type": "Feature", "properties": { "kind": "leisure=sauna", "name": "Allas Pool" }, "geometry": { "type": "Point", "coordinates": [ 24.9580621, 60.1671099 ] } },
{ "type": "Feature", "properties": { "kind": "amenity=community_centre", "name": "Myllykylän kylätalo" }, "geometry": { "type": "Point", "coordinates": [ 25.0635744, 60.2165236 ] } },
{ "type": "Feature", "properties": { "kind": "amenity=cafe", "name": "Sandwitch club" }, "geometry": { "type": "Point", "coordinates": [ 24.9292992, 60.1620556 ] } },
{ "type": "Feature", "properties": { "kind": "amenity=social_facility", "name": "Mainiokoti Huvilaharju" }, "geometry": { "type": "Point", "coordinates": [ 24.753159, 60.2415641 ] } },
{ "type": "Feature", "properties": { "kind": "amenity=community_centre", "name": "Maunula-talo" }, "geometry": { "type": "Point", "coordinates": [ 24.9331954, 60.2311148 ] } },
{ "type": "Feature", "properties": { "kind": "amenity=arts_centre", "name": "Lillklobbin taidekeskus" }, "geometry": { "type": "Point", "coordinates": [ 24.7690829, 60.207619 ] } },
{ "type": "Feature", "properties": { "kind": "amenity=social_facility", "name": "" }, "geometry": { "type": "Point", "coordinates": [ 24.7426795, 60.226998200000018 ] } },
{ "type": "Feature", "properties": { "kind": "amenity=social_facility", "name": "Sepänkylän tukiasunnot" }, "geometry": { "type": "Point", "coordinates": [ 24.7413853, 60.208829900000012 ] } },
{ "type": "Feature", "properties": { "kind": "leisure=sports_centre", "name": "Laajasalon liikuntapuisto" }, "geometry": { "type": "Point", "coordinates": [ 25.0555114, 60.1751211 ] } },
{ "type": "Feature", "properties": { "kind": "amenity=cafe", "name": "Paseo" }, "geometry": { "type": "Point", "coordinates": [ 24.8833324, 60.1468171 ] } },
{ "type": "Feature", "properties": { "kind": "leisure=sports_centre", "name": "Kaarelan jäähalli" }, "geometry": { "type": "Point", "coordinates": [ 24.8918774, 60.246355399999985 ] } },
{ "type": "Feature", "properties": { "kind": "amenity=social_facility", "name": "" }, "geometry": { "type": "Point", "coordinates": [ 24.6187905, 60.1740291 ] } },
{ "type": "Feature", "properties": { "kind": "leisure=sports_centre", "name": "Tikkurilan urheilupuisto" }, "geometry": { "type": "Point", "coordinates": [ 25.0257783, 60.299847499999984 ] } },
{ "type": "Feature", "properties": { "kind": "leisure=sports_centre", "name": "Trio Areena" }, "geometry": { "type": "Point", "coordinates": [ 25.0273198, 60.2994312 ] } },
{ "type": "Feature", "properties": { "kind": "amenity=social_facility", "name": "Myyrmäen vanhustenkeskus" }, "geometry": { "type": "Point", "coordinates": [ 24.8503296, 60.2622284 ] } },
{ "type": "Feature", "properties": { "kind": "amenity=social_facility", "name": "Riistavuoren palvelukeskus" }, "geometry": { "type": "Point", "coordinates": [ 24.8867375, 60.217114399999986 ] } },
{ "type": "Feature", "properties": { "kind": "leisure=sports_centre", "name": "Smash Center" }, "geometry": { "type": "Point", "coordinates": [ 25.0680493, 60.209728300000023 ] } },
{ "type": "Feature", "properties": { "kind": "leisure=sports_centre", "name": "GolfStar Areena" }, "geometry": { "type": "Point", "coordinates": [ 25.1580392, 60.21401 ] } },
{ "type": "Feature", "properties": { "kind": "amenity=social_facility", "name": "Sepänkoti" }, "geometry": { "type": "Point", "coordinates": [ 25.0284733, 60.2429477 ] } },
{ "type": "Feature", "properties": { "kind": "amenity=social_facility", "name": "Leppävaaran Elä ja Asu -Seniorikeskus" }, "geometry": { "type": "Point", "coordinates": [ 24.8123389, 60.2137951 ] } },
{ "type": "Feature", "properties": { "kind": "leisure=sports_centre", "name": "Puotilan liikuntapuisto" }, "geometry": { "type": "Point", "coordinates": [ 25.097207, 60.2148361 ] } },
{ "type": "Feature", "properties": { "kind": "amenity=community_centre", "name": "Karjakaivon ylämaja" }, "geometry": { "type": "Point", "coordinates": [ 24.5834095, 60.2978794 ] } },
{ "type": "Feature", "properties": { "kind": "amenity=social_facility", "name": "Tukena Citytulppaani" }, "geometry": { "type": "Point", "coordinates": [ 25.0373148, 60.284421 ] } },
{ "type": "Feature", "properties": { "kind": "amenity=community_centre", "name": "Korttelitupa" }, "geometry": { "type": "Point", "coordinates": [ 25.0119134, 60.255994 ] } },
{ "type": "Feature", "properties": { "kind": "amenity=cafe", "name": "Juggebar" }, "geometry": { "type": "Point", "coordinates": [ 24.9455846, 60.1628974 ] } },
{ "type": "Feature", "properties": { "kind": "amenity=social_facility", "name": "Lintukorven Validia-talo" }, "geometry": { "type": "Point", "coordinates": [ 24.8073344, 60.23289530000001 ] } },
{ "type": "Feature", "properties": { "kind": "amenity=community_centre", "name": "Viikin nuorisotalo" }, "geometry": { "type": "Point", "coordinates": [ 25.0339724, 60.2338166 ] } },
{ "type": "Feature", "properties": { "kind": "leisure=sports_centre", "name": "Vesiurheilukeskus Laguuni Keilis" }, "geometry": { "type": "Point", "coordinates": [ 24.8331729, 60.1690543 ] } },
{ "type": "Feature", "properties": { "kind": "leisure=sports_centre", "name": "Kumpulan maauimala" }, "geometry": { "type": "Point", "coordinates": [ 24.9581291, 60.208223299999986 ] } },
{ "type": "Feature", "properties": { "kind": "amenity=library", "name": "Helsingin keskustakirjasto Oodi" }, "geometry": { "type": "Point", "coordinates": [ 24.9379758, 60.173678099999982 ] } },
{ "type": "Feature", "properties": { "kind": "leisure=sauna", "name": "Löyly" }, "geometry": { "type": "Point", "coordinates": [ 24.9304213, 60.1521542 ] } },
{ "type": "Feature", "properties": { "kind": "amenity=social_facility", "name": "Ykköskoti Hirviniitty" }, "geometry": { "type": "Point", "coordinates": [ 24.6256379, 60.2161556 ] } },
{ "type": "Feature", "properties": { "kind": "amenity=social_facility", "name": "Aurora-talo" }, "geometry": { "type": "Point", "coordinates": [ 24.9387028, 60.1852553 ] } },
{ "type": "Feature", "properties": { "kind": "amenity=social_facility", "name": "Attendo Aurila" }, "geometry": { "type": "Point", "coordinates": [ 24.8366976, 60.3227021 ] } },
{ "type": "Feature", "properties": { "kind": "amenity=social_facility", "name": "Attendo Kivistö palvelukoti" }, "geometry": { "type": "Point", "coordinates": [ 24.8452706, 60.3235106 ] } },
{ "type": "Feature", "properties": { "kind": "amenity=social_facility", "name": "" }, "geometry": { "type": "Point", "coordinates": [ 25.0317663, 60.260762699999987 ] } },
{ "type": "Feature", "properties": { "kind": "amenity=community_centre", "name": "" }, "geometry": { "type": "Point", "coordinates": [ 25.0290713, 60.2638169 ] } },
{ "type": "Feature", "properties": { "kind": "leisure=sports_centre", "name": "Jätemäki" }, "geometry": { "type": "Point", "coordinates": [ 24.7577682, 60.1543798 ] } },
{ "type": "Feature", "properties": { "kind": "leisure=sports_centre", "name": "Uimastadion" }, "geometry": { "type": "Point", "coordinates": [ 24.93116, 60.188765599999982 ] } },
{ "type": "Feature", "properties": { "kind": "leisure=sports_centre", "name": "Vermon ravirata" }, "geometry": { "type": "Point", "coordinates": [ 24.8414922, 60.2158623 ] } },
{ "type": "Feature", "properties": { "kind": "leisure=sports_centre", "name": "Padel Helsinki" }, "geometry": { "type": "Point", "coordinates": [ 24.8659144, 60.1644597 ] } },
{ "type": "Feature", "properties": { "kind": "amenity=social_facility", "name": "Palvelukoti Attendo Painiitty" }, "geometry": { "type": "Point", "coordinates": [ 24.8269838, 60.2301834 ] } },
{ "type": "Feature", "properties": { "kind": "leisure=sports_centre", "name": "Kartanonkosken liikuntapuisto" }, "geometry": { "type": "Point", "coordinates": [ 24.9551265, 60.2805001 ] } },
{ "type": "Feature", "properties": { "kind": "leisure=sports_centre", "name": "Hakunilan urheilupuisto" }, "geometry": { "type": "Point", "coordinates": [ 25.1203859, 60.2786159 ] } },
{ "type": "Feature", "properties": { "kind": "leisure=sports_hall", "name": "Lauttasaaren Yhteiskoulun Liikuntasali" }, "geometry": { "type": "Point", "coordinates": [ 24.862827, 60.157848199999982 ] } },
{ "type": "Feature", "properties": { "kind": "leisure=sports_hall", "name": "" }, "geometry": { "type": "Point", "coordinates": [ 24.9156706, 60.154511200000023 ] } },
{ "type": "Feature", "properties": { "kind": "amenity=social_facility", "name": "Foibekartano" }, "geometry": { "type": "Point", "coordinates": [ 25.0623092, 60.3328808 ] } },
{ "type": "Feature", "properties": { "kind": "leisure=sports_centre", "name": "Pro Padel Sörnäinen" }, "geometry": { "type": "Point", "coordinates": [ 24.96303, 60.1824219 ] } },
{ "type": "Feature", "properties": { "kind": "leisure=sports_centre", "name": "Kontulan liikuntapuisto" }, "geometry": { "type": "Point", "coordinates": [ 25.0949312, 60.234355599999986 ] } },
{ "type": "Feature", "properties": { "kind": "leisure=sports_centre", "name": "Sörnäisten Padel" }, "geometry": { "type": "Point", "coordinates": [ 24.9632932, 60.1825783 ] } },
{ "type": "Feature", "properties": { "kind": "amenity=cafe", "name": "Eteläesplanadi" }, "geometry": { "type": "Point", "coordinates": [ 24.9459765, 60.1672879 ] } },
{ "type": "Feature", "properties": { "kind": "amenity=cafe", "name": "Strindberg" }, "geometry": { "type": "Point", "coordinates": [ 24.945967, 60.1675977 ] } },
{ "type": "Feature", "properties": { "kind": "amenity=social_facility", "name": "Validia-talo" }, "geometry": { "type": "Point", "coordinates": [ 24.8070626, 60.2328584 ] } },
{ "type": "Feature", "properties": { "kind": "amenity=social_facility", "name": "Karhukallion lastenkoti" }, "geometry": { "type": "Point", "coordinates": [ 24.7384128, 60.2237521 ] } },
{ "type": "Feature", "properties": { "kind": "leisure=sports_centre", "name": "Rajakylän liikuntapuisto" }, "geometry": { "type": "Point", "coordinates": [ 25.108422, 60.2480542 ] } },
{ "type": "Feature", "properties": { "kind": "amenity=social_facility", "name": "Toimintakeskus Polku" }, "geometry": { "type": "Point", "coordinates": [ 25.004287, 60.2460934 ] } },
{ "type": "Feature", "properties": { "kind": "amenity=social_facility", "name": "Miljan palvelutalo" }, "geometry": { "type": "Point", "coordinates": [ 25.0107704, 60.247136899999987 ] } },
{ "type": "Feature", "properties": { "kind": "amenity=library", "name": "Malminkartanon kirjasto" }, "geometry": { "type": "Point", "coordinates": [ 24.8603255, 60.2464035 ] } },
{ "type": "Feature", "properties": { "kind": "leisure=sports_centre", "name": "Nikinmäen koulun liikuntapuisto" }, "geometry": { "type": "Point", "coordinates": [ 25.1349553, 60.3460908 ] } },
{ "type": "Feature", "properties": { "kind": "amenity=social_facility", "name": "Syystien palvelukeskus" }, "geometry": { "type": "Point", "coordinates": [ 24.9970962, 60.2553529 ] } },
{ "type": "Feature", "properties": { "kind": "amenity=community_centre", "name": "" }, "geometry": { "type": "Point", "coordinates": [ 25.008384, 60.2527915 ] } },
{ "type": "Feature", "properties": { "kind": "amenity=social_facility", "name": "Palvelutalo Hoiva Viikki" }, "geometry": { "type": "Point", "coordinates": [ 25.0349194, 60.2329915 ] } },
{ "type": "Feature", "properties": { "kind": "amenity=social_facility", "name": "Kontulan palvelukeskus" }, "geometry": { "type": "Point", "coordinates": [ 25.0860957, 60.2436261 ] } },
{ "type": "Feature", "properties": { "kind": "amenity=community_centre", "name": "Korson seurakuntatalo" }, "geometry": { "type": "Point", "coordinates": [ 25.0748157, 60.351274 ] } },
{ "type": "Feature", "properties": { "kind": "amenity=social_facility", "name": "Tehostettu asumispalvelu" }, "geometry": { "type": "Point", "coordinates": [ 24.6974039, 60.2193295 ] } },
{ "type": "Feature", "properties": { "kind": "amenity=social_facility", "name": "" }, "geometry": { "type": "Point", "coordinates": [ 24.7969361, 60.1922228 ] } },
{ "type": "Feature", "properties": { "kind": "amenity=social_facility", "name": "Soukan elä ja asu seniorikeskus" }, "geometry": { "type": "Point", "coordinates": [ 24.6695554, 60.1407224 ] } },
{ "type": "Feature", "properties": { "kind": "leisure=sports_centre", "name": "Hämeenkylän liikuntahalli" }, "geometry": { "type": "Point", "coordinates": [ 24.8159602, 60.2696869 ] } },
{ "type": "Feature", "properties": { "kind": "amenity=social_facility", "name": "Palvelukeskus Puistokartano" }, "geometry": { "type": "Point", "coordinates": [ 24.6620415, 60.148871 ] } },
{ "type": "Feature", "properties": { "kind": "amenity=community_centre", "name": "" }, "geometry": { "type": "Point", "coordinates": [ 24.6710449, 60.2041174 ] } },
{ "type": "Feature", "properties": { "kind": "amenity=social_facility", "name": "Madetojan palvelutalo" }, "geometry": { "type": "Point", "coordinates": [ 24.9918172, 60.2438202 ] } },
{ "type": "Feature", "properties": { "kind": "leisure=sports_centre", "name": "Siltamäen liikuntapuisto" }, "geometry": { "type": "Point", "coordinates": [ 24.9807475, 60.2740775 ] } },
{ "type": "Feature", "properties": { "kind": "leisure=sports_centre", "name": "Tapiolan urheilupuisto" }, "geometry": { "type": "Point", "coordinates": [ 24.7835116, 60.1776566 ] } },
{ "type": "Feature", "properties": { "kind": "leisure=sports_centre", "name": "Otaniemen urheilupuisto" }, "geometry": { "type": "Point", "coordinates": [ 24.8354924, 60.185641500000017 ] } },
{ "type": "Feature", "properties": { "kind": "leisure=sports_centre", "name": "Korson liikuntapuisto" }, "geometry": { "type": "Point", "coordinates": [ 25.0694545, 60.3566762 ] } },
{ "type": "Feature", "properties": { "kind": "leisure=sports_centre", "name": "Rekolan liikuntapuisto" }, "geometry": { "type": "Point", "coordinates": [ 25.0828189, 60.3324744 ] } },
{ "type": "Feature", "properties": { "kind": "leisure=sports_centre", "name": "Herttoniemen liikuntapuisto" }, "geometry": { "type": "Point", "coordinates": [ 25.0340808, 60.2084494 ] } },
{ "type": "Feature", "properties": { "kind": "leisure=sports_centre", "name": "Jakomäen liikuntapuisto" }, "geometry": { "type": "Point", "coordinates": [ 25.0814951, 60.2609291 ] } },
{ "type": "Feature", "properties": { "kind": "amenity=social_facility", "name": "Palvelukeskus Villa Breda" }, "geometry": { "type": "Point", "coordinates": [ 24.7196233, 60.211338799999986 ] } },
{ "type": "Feature", "properties": { "kind": "amenity=social_facility", "name": "Mainiokoti Andante" }, "geometry": { "type": "Point", "coordinates": [ 24.6450978, 60.1594789 ] } },
{ "type": "Feature", "properties": { "kind": "leisure=sports_centre", "name": "Intersport Areena" }, "geometry": { "type": "Point", "coordinates": [ 24.917237, 60.153956399999984 ] } },
{ "type": "Feature", "properties": { "kind": "amenity=social_facility", "name": "Folkhälsanhuset i Vanda" }, "geometry": { "type": "Point", "coordinates": [ 25.0287404, 60.293300499999987 ] } },
{ "type": "Feature", "properties": { "kind": "amenity=social_facility", "name": "Viertolan vastaanottokoti" }, "geometry": { "type": "Point", "coordinates": [ 25.0225288, 60.2964942 ] } },
{ "type": "Feature", "properties": { "kind": "amenity=social_facility", "name": "Hulda & Malva -hemmet" }, "geometry": { "type": "Point", "coordinates": [ 24.6761912, 60.1691926 ] } },
{ "type": "Feature", "properties": { "kind": "leisure=sports_centre", "name": "Mustikkamaan liikuntapuisto" }, "geometry": { "type": "Point", "coordinates": [ 24.991332, 60.181106799999988 ] } },
{ "type": "Feature", "properties": { "kind": "leisure=sports_centre", "name": "Tapulikaupungin liikuntapuisto" }, "geometry": { "type": "Point", "coordinates": [ 25.0178765, 60.2728678 ] } },
{ "type": "Feature", "properties": { "kind": "leisure=sports_centre", "name": "Ruskeasuon liikuntapuisto" }, "geometry": { "type": "Point", "coordinates": [ 24.9118854, 60.198919399999987 ] } },
{ "type": "Feature", "properties": { "kind": "leisure=sports_centre", "name": "Havukosken liikuntapuisto" }, "geometry": { "type": "Point", "coordinates": [ 25.0661216, 60.3150986 ] } },
{ "type": "Feature", "properties": { "kind": "leisure=sports_centre", "name": "Matinkylän uimahalli" }, "geometry": { "type": "Point", "coordinates": [ 24.7356696, 60.160113 ] } },
{ "type": "Feature", "properties": { "kind": "leisure=sports_centre", "name": "Latokartanon liikuntapuisto" }, "geometry": { "type": "Point", "coordinates": [ 25.0363868, 60.231179699999984 ] } },
{ "type": "Feature", "properties": { "kind": "leisure=sports_centre", "name": "Arabianrannan liikuntapuisto" }, "geometry": { "type": "Point", "coordinates": [ 24.9772374, 60.2050346 ] } },
{ "type": "Feature", "properties": { "kind": "leisure=sports_centre", "name": "Laajasuon liikuntapuisto" }, "geometry": { "type": "Point", "coordinates": [ 24.8981742, 60.222339 ] } },
{ "type": "Feature", "properties": { "kind": "leisure=sports_centre", "name": "Herttoniemenrannan liikuntapuisto" }, "geometry": { "type": "Point", "coordinates": [ 25.0295966, 60.1902109 ] } },
{ "type": "Feature", "properties": { "kind": "amenity=social_facility", "name": "" }, "geometry": { "type": "Point", "coordinates": [ 24.9901632, 60.246910699999987 ] } },
{ "type": "Feature", "properties": { "kind": "amenity=social_facility", "name": "Pekinkoti" }, "geometry": { "type": "Point", "coordinates": [ 25.0103237, 60.2445714 ] } },
{ "type": "Feature", "properties": { "kind": "amenity=social_facility", "name": "Saga Palvelutalo Munkkiniemi" }, "geometry": { "type": "Point", "coordinates": [ 24.8722425, 60.2016588 ] } },
{ "type": "Feature", "properties": { "kind": "amenity=social_facility", "name": "Saga Tammilinna" }, "geometry": { "type": "Point", "coordinates": [ 25.0355559, 60.2909778 ] } },
{ "type": "Feature", "properties": { "kind": "amenity=social_facility", "name": "Hoitokoti Kapteenska" }, "geometry": { "type": "Point", "coordinates": [ 24.9860986, 60.2578112 ] } },
{ "type": "Feature", "properties": { "kind": "amenity=social_facility", "name": "Tapiolan Aallotar" }, "geometry": { "type": "Point", "coordinates": [ 24.7967321, 60.192116899999988 ] } },
{ "type": "Feature", "properties": { "kind": "amenity=social_facility", "name": "Ruusuhaka" }, "geometry": { "type": "Point", "coordinates": [ 25.0875555, 60.329363 ] } },
{ "type": "Feature", "properties": { "kind": "leisure=sports_centre", "name": "Jakomäen uimahalli" }, "geometry": { "type": "Point", "coordinates": [ 25.0802318, 60.2598484 ] } },
{ "type": "Feature", "properties": { "kind": "amenity=social_facility", "name": "Attendo Jaspiksen hoivakoti" }, "geometry": { "type": "Point", "coordinates": [ 24.8479387, 60.3186055 ] } },
{ "type": "Feature", "properties": { "kind": "amenity=social_facility", "name": "" }, "geometry": { "type": "Point", "coordinates": [ 25.0375144, 60.298618 ] } },
{ "type": "Feature", "properties": { "kind": "amenity=social_facility", "name": "Attendo Harmaaniitty" }, "geometry": { "type": "Point", "coordinates": [ 24.6189099, 60.1740261 ] } },
{ "type": "Feature", "properties": { "kind": "leisure=sports_centre", "name": "Rajakylän tenniskeskus" }, "geometry": { "type": "Point", "coordinates": [ 25.1067388, 60.2524657 ] } },
{ "type": "Feature", "properties": { "kind": "amenity=social_facility", "name": "" }, "geometry": { "type": "Point", "coordinates": [ 24.8095352, 60.234774699999988 ] } },
{ "type": "Feature", "properties": { "kind": "amenity=social_facility", "name": "Martinpuisto" }, "geometry": { "type": "Point", "coordinates": [ 24.8436807, 60.2756905 ] } },
{ "type": "Feature", "properties": { "kind": "amenity=social_facility", "name": "Koivukoti" }, "geometry": { "type": "Point", "coordinates": [ 24.9918793, 60.2887439 ] } },
{ "type": "Feature", "properties": { "kind": "amenity=social_facility", "name": "Palvelutalo Merikartano" }, "geometry": { "type": "Point", "coordinates": [ 24.6359453, 60.1488409 ] } },
{ "type": "Feature", "properties": { "kind": "amenity=social_facility", "name": "Palvelutalo Kaski" }, "geometry": { "type": "Point", "coordinates": [ 25.007992, 60.272849 ] } },
{ "type": "Feature", "properties": { "kind": "amenity=social_facility", "name": "Siltamäen palvelutalo" }, "geometry": { "type": "Point", "coordinates": [ 24.9812346, 60.2690355 ] } },
{ "type": "Feature", "properties": { "kind": "amenity=social_facility", "name": "Vantaan turvakoti" }, "geometry": { "type": "Point", "coordinates": [ 25.0482743, 60.325695799999984 ] } },
{ "type": "Feature", "properties": { "kind": "amenity=social_facility", "name": "Villa Vantaa" }, "geometry": { "type": "Point", "coordinates": [ 25.0117834, 60.2964194 ] } },
{ "type": "Feature", "properties": { "kind": "amenity=social_facility", "name": "" }, "geometry": { "type": "Point", "coordinates": [ 24.8973154, 60.1981569 ] } },
{ "type": "Feature", "properties": { "kind": "amenity=social_facility", "name": "Simonkylän vanhustenkeskus" }, "geometry": { "type": "Point", "coordinates": [ 25.0260454, 60.3034145 ] } },
{ "type": "Feature", "properties": { "kind": "amenity=social_facility", "name": "Malminiityn asumispalveluyksikkö, hoivakoti 2" }, "geometry": { "type": "Point", "coordinates": [ 25.0365262, 60.312859499999988 ] } },
{ "type": "Feature", "properties": { "kind": "amenity=social_facility", "name": "" }, "geometry": { "type": "Point", "coordinates": [ 25.0802422, 60.338581599999983 ] } },
{ "type": "Feature", "properties": { "kind": "amenity=social_facility", "name": "Koivukylän palvelutalo" }, "geometry": { "type": "Point", "coordinates": [ 25.0583208, 60.320300299999985 ] } },
{ "type": "Feature", "properties": { "kind": "amenity=social_facility", "name": "Havukosken palvelutalo" }, "geometry": { "type": "Point", "coordinates": [ 25.0700853, 60.3218469 ] } },
{ "type": "Feature", "properties": { "kind": "amenity=social_facility", "name": "Havukosken nuorisotila" }, "geometry": { "type": "Point", "coordinates": [ 25.0701577, 60.3224982 ] } },
{ "type": "Feature", "properties": { "kind": "amenity=social_facility", "name": "Tammirinteen vastaanottokoti" }, "geometry": { "type": "Point", "coordinates": [ 24.876802, 60.348389 ] } },
{ "type": "Feature", "properties": { "kind": "amenity=social_facility", "name": "Variston hoivakoti" }, "geometry": { "type": "Point", "coordinates": [ 24.8173533, 60.2679582 ] } },
{ "type": "Feature", "properties": { "kind": "amenity=social_facility", "name": "Heporinteen palvelutalo" }, "geometry": { "type": "Point", "coordinates": [ 25.1036116, 60.2740208 ] } },
{ "type": "Feature", "properties": { "kind": "amenity=social_facility", "name": "Kuninkaanhovi" }, "geometry": { "type": "Point", "coordinates": [ 25.1141406, 60.3010428 ] } },
{ "type": "Feature", "properties": { "kind": "amenity=social_facility", "name": "Palvelukoti Hopea" }, "geometry": { "type": "Point", "coordinates": [ 24.8559566, 60.2586142 ] } },
{ "type": "Feature", "properties": { "kind": "amenity=community_centre", "name": "Myyrmäen toimintakeskus" }, "geometry": { "type": "Point", "coordinates": [ 24.8603555, 60.2583585 ] } },
{ "type": "Feature", "properties": { "kind": "amenity=social_facility", "name": "Liesitorin palvelutalo" }, "geometry": { "type": "Point", "coordinates": [ 24.8527542, 60.2632476 ] } },
{ "type": "Feature", "properties": { "kind": "amenity=social_facility", "name": "Myyrinkoti" }, "geometry": { "type": "Point", "coordinates": [ 24.8488543, 60.2621763 ] } },
{ "type": "Feature", "properties": { "kind": "leisure=sports_centre", "name": "Myyrmäen urheilupuisto" }, "geometry": { "type": "Point", "coordinates": [ 24.8396697, 60.2628438 ] } },
{ "type": "Feature", "properties": { "kind": "amenity=social_facility", "name": "Askiston ryhmäkoti" }, "geometry": { "type": "Point", "coordinates": [ 24.7846688, 60.283115399999971 ] } },
{ "type": "Feature", "properties": { "kind": "leisure=sports_hall", "name": "Lehto Areena" }, "geometry": { "type": "Point", "coordinates": [ 25.0158091, 60.273670199999984 ] } },
{ "type": "Feature", "properties": { "kind": "leisure=sports_centre", "name": "Liikuntakeskus Puro" }, "geometry": { "type": "Point", "coordinates": [ 25.069394, 60.21283 ] } },
{ "type": "Feature", "properties": { "kind": "amenity=cafe", "name": "La Torrefazione" }, "geometry": { "type": "Point", "coordinates": [ 24.7384152, 60.1603099 ] } },
{ "type": "Feature", "properties": { "kind": "amenity=cafe", "name": "Espresso House" }, "geometry": { "type": "Point", "coordinates": [ 24.7387842, 60.1598842 ] } },
{ "type": "Feature", "properties": { "kind": "amenity=cafe", "name": "Espresso House" }, "geometry": { "type": "Point", "coordinates": [ 24.7383721, 60.1622 ] } },
{ "type": "Feature", "properties": { "kind": "amenity=cafe", "name": "Sweet Italy Waffle" }, "geometry": { "type": "Point", "coordinates": [ 24.7375492, 60.1612812 ] } },
{ "type": "Feature", "properties": { "kind": "leisure=fitness_centre", "name": "Elixia Iso Omena" }, "geometry": { "type": "Point", "coordinates": [ 24.7362251, 60.162157799999989 ] } },
{ "type": "Feature", "properties": { "kind": "amenity=cafe", "name": "Coffee House" }, "geometry": { "type": "Point", "coordinates": [ 24.7372439, 60.1617776 ] } },
{ "type": "Feature", "properties": { "kind": "amenity=cafe", "name": "K-Market Iso Omena Kahvila" }, "geometry": { "type": "Point", "coordinates": [ 24.7399825, 60.1604652 ] } },
{ "type": "Feature", "properties": { "kind": "amenity=social_facility", "name": "Suutarinkoti" }, "geometry": { "type": "Point", "coordinates": [ 25.0067117, 60.2792859 ] } },
{ "type": "Feature", "properties": { "kind": "amenity=community_centre", "name": "" }, "geometry": { "type": "Point", "coordinates": [ 25.1517542, 60.2095277 ] } },
{ "type": "Feature", "properties": { "kind": "amenity=social_facility", "name": "Koisoniityn palvelukeskus" }, "geometry": { "type": "Point", "coordinates": [ 25.0143182, 60.3009419 ] } },
{ "type": "Feature", "properties": { "kind": "leisure=sports_centre", "name": "Pirkkolahalli" }, "geometry": { "type": "Point", "coordinates": [ 24.909716, 60.231698899999984 ] } },
{ "type": "Feature", "properties": { "kind": "leisure=sports_hall", "name": "" }, "geometry": { "type": "Point", "coordinates": [ 24.7386045, 60.2288432 ] } },
{ "type": "Feature", "properties": { "kind": "amenity=social_facility", "name": "Seniorikoti Aurahovi Naulakallio" }, "geometry": { "type": "Point", "coordinates": [ 25.110171, 60.235751499999985 ] } },
{ "type": "Feature", "properties": { "kind": "amenity=social_facility", "name": "Villa Joutsen" }, "geometry": { "type": "Point", "coordinates": [ 24.6493409, 60.15055 ] } },
{ "type": "Feature", "properties": { "kind": "leisure=sports_centre", "name": "Tuomarinkartanon vinttikoirakeskus" }, "geometry": { "type": "Point", "coordinates": [ 24.9598679, 60.2550933 ] } },
{ "type": "Feature", "properties": { "kind": "leisure=sports_centre", "name": "" }, "geometry": { "type": "Point", "coordinates": [ 25.0327482, 60.2113866 ] } },
{ "type": "Feature", "properties": { "kind": "amenity=social_facility", "name": "Hoivakoti Atzalea" }, "geometry": { "type": "Point", "coordinates": [ 24.8728741, 60.2599264 ] } },
{ "type": "Feature", "properties": { "kind": "amenity=social_facility", "name": "Rinnekodit Tuulikannel" }, "geometry": { "type": "Point", "coordinates": [ 24.851488, 60.252417199999989 ] } },
{ "type": "Feature", "properties": { "kind": "amenity=social_facility", "name": "Saranne-koti" }, "geometry": { "type": "Point", "coordinates": [ 24.8480656, 60.2520516 ] } },
{ "type": "Feature", "properties": { "kind": "amenity=social_facility", "name": "Hoitokoti Päiväkumpu Oy, Malminkartanon palvelukeskus" }, "geometry": { "type": "Point", "coordinates": [ 24.8579989, 60.247342799999984 ] } },
{ "type": "Feature", "properties": { "kind": "leisure=fitness_centre", "name": "Fitness24Seven" }, "geometry": { "type": "Point", "coordinates": [ 25.0515517, 60.1798084 ] } },
{ "type": "Feature", "properties": { "kind": "amenity=library", "name": "Laajasalon kirjasto" }, "geometry": { "type": "Point", "coordinates": [ 25.0514888, 60.1796122 ] } },
{ "type": "Feature", "properties": { "kind": "amenity=community_centre", "name": "Nuorten ympäristötila" }, "geometry": { "type": "Point", "coordinates": [ 25.0511354, 60.1797633 ] } },
{ "type": "Feature", "properties": { "kind": "leisure=fitness_centre", "name": "Rautaranta Outdoor Gym" }, "geometry": { "type": "Point", "coordinates": [ 24.9635172, 60.1827224 ] } },
{ "type": "Feature", "properties": { "kind": "amenity=social_facility", "name": "Viidakkokujan asumisyksikkö" }, "geometry": { "type": "Point", "coordinates": [ 25.0611436, 60.3270417 ] } },
{ "type": "Feature", "properties": { "kind": "leisure=sports_centre", "name": "Vantaa Circuit" }, "geometry": { "type": "Point", "coordinates": [ 24.9322966, 60.333014299999988 ] } },
{ "type": "Feature", "properties": { "kind": "amenity=social_facility", "name": "" }, "geometry": { "type": "Point", "coordinates": [ 24.8930119, 60.1592164 ] } },
{ "type": "Feature", "properties": { "kind": "amenity=social_facility", "name": "" }, "geometry": { "type": "Point", "coordinates": [ 24.8928101, 60.160889 ] } },
{ "type": "Feature", "properties": { "kind": "amenity=social_facility", "name": "" }, "geometry": { "type": "Point", "coordinates": [ 24.877821, 60.1557223 ] } },
{ "type": "Feature", "properties": { "kind": "amenity=social_facility", "name": "" }, "geometry": { "type": "Point", "coordinates": [ 25.0338205, 60.1915706 ] } },
{ "type": "Feature", "properties": { "kind": "amenity=social_facility", "name": "Rinnekoti Nyyttipuisto" }, "geometry": { "type": "Point", "coordinates": [ 25.068328, 60.2575314 ] } },
{ "type": "Feature", "properties": { "kind": "amenity=social_facility", "name": "Kankarepolun ryhmäkoti" }, "geometry": { "type": "Point", "coordinates": [ 25.0783182, 60.2578505 ] } },
{ "type": "Feature", "properties": { "kind": "amenity=social_facility", "name": "Attendo, Svengi" }, "geometry": { "type": "Point", "coordinates": [ 25.1447812, 60.2138202 ] } },
{ "type": "Feature", "properties": { "kind": "amenity=community_centre", "name": "Pihlajamäen nuorisotalo" }, "geometry": { "type": "Point", "coordinates": [ 25.0112948, 60.235028 ] } },
{ "type": "Feature", "properties": { "kind": "amenity=social_facility", "name": "" }, "geometry": { "type": "Point", "coordinates": [ 25.1062633, 60.2369709 ] } },
{ "type": "Feature", "properties": { "kind": "amenity=social_facility", "name": "Palvelutalo Oskarinpuisto" }, "geometry": { "type": "Point", "coordinates": [ 25.0791223, 60.200900899999986 ] } },
{ "type": "Feature", "properties": { "kind": "amenity=social_facility", "name": "Maininkikoti" }, "geometry": { "type": "Point", "coordinates": [ 24.6437448, 60.154245799999984 ] } },
{ "type": "Feature", "properties": { "kind": "amenity=social_facility", "name": "Tammisalon vpk" }, "geometry": { "type": "Point", "coordinates": [ 25.0591494, 60.1913963 ] } },
{ "type": "Feature", "properties": { "kind": "amenity=social_facility", "name": "Myllypuron palvelutalo" }, "geometry": { "type": "Point", "coordinates": [ 25.0585719, 60.2216145 ] } },
{ "type": "Feature", "properties": { "kind": "amenity=social_facility", "name": "Hely-koti" }, "geometry": { "type": "Point", "coordinates": [ 25.0711872, 60.223499499999988 ] } },
{ "type": "Feature", "properties": { "kind": "amenity=social_facility", "name": "" }, "geometry": { "type": "Point", "coordinates": [ 25.0711039, 60.225938699999986 ] } },
{ "type": "Feature", "properties": { "kind": "amenity=social_facility", "name": "Myllypuron seniorikeskus" }, "geometry": { "type": "Point", "coordinates": [ 25.0641241, 60.2246854 ] } },
{ "type": "Feature", "properties": { "kind": "amenity=community_centre", "name": "Postivarikko" }, "geometry": { "type": "Point", "coordinates": [ 24.9283232, 60.219201499999983 ] } },
{ "type": "Feature", "properties": { "kind": "amenity=social_facility", "name": "Validia Kuntoutus, Vega-talo" }, "geometry": { "type": "Point", "coordinates": [ 24.9211257, 60.1909256 ] } },
{ "type": "Feature", "properties": { "kind": "amenity=cafe", "name": "Café Petas" }, "geometry": { "type": "Point", "coordinates": [ 24.7068736, 60.2237379 ] } },
{ "type": "Feature", "properties": { "kind": "amenity=social_facility", "name": "Leevin palvelutalo" }, "geometry": { "type": "Point", "coordinates": [ 24.8990725, 60.2247751 ] } },
{ "type": "Feature", "properties": { "kind": "amenity=social_facility", "name": "Attendo Lassila Tukikodit" }, "geometry": { "type": "Point", "coordinates": [ 24.9672397, 60.2318571 ] } },
{ "type": "Feature", "properties": { "kind": "leisure=sports_centre", "name": "Kameleonten" }, "geometry": { "type": "Point", "coordinates": [ 24.7974982, 60.224943 ] } },
{ "type": "Feature", "properties": { "kind": "leisure=sports_hall", "name": "Lauttasaaren kirkon liikuntasali" }, "geometry": { "type": "Point", "coordinates": [ 24.8688444, 60.1586092 ] } },
{ "type": "Feature", "properties": { "kind": "amenity=social_facility", "name": "" }, "geometry": { "type": "Point", "coordinates": [ 25.1202341, 60.1958427 ] } },
{ "type": "Feature", "properties": { "kind": "leisure=sauna", "name": "Torpan sauna" }, "geometry": { "type": "Point", "coordinates": [ 25.2124403, 60.2412355 ] } },
{ "type": "Feature", "properties": { "kind": "amenity=social_facility", "name": "Keltamokoti" }, "geometry": { "type": "Point", "coordinates": [ 25.0260072, 60.295707599999972 ] } },
{ "type": "Feature", "properties": { "kind": "leisure=sports_centre", "name": "Vesiurheilukeskus Laguuni Mustikkamaa" }, "geometry": { "type": "Point", "coordinates": [ 24.9922442, 60.1829147 ] } },
{ "type": "Feature", "properties": { "kind": "amenity=social_facility", "name": "Hoitokoti Sillanpirtti" }, "geometry": { "type": "Point", "coordinates": [ 24.9845073, 60.2704365 ] } },
{ "type": "Feature", "properties": { "kind": "leisure=sports_centre", "name": "Namika Areena" }, "geometry": { "type": "Point", "coordinates": [ 24.9280253, 60.2417571 ] } },
{ "type": "Feature", "properties": { "kind": "amenity=social_facility", "name": "Kuninkaantien toimintakeskus" }, "geometry": { "type": "Point", "coordinates": [ 24.6883358, 60.2260599 ] } },
{ "type": "Feature", "properties": { "kind": "amenity=social_facility", "name": "Folkhälsan Kottby!" }, "geometry": { "type": "Point", "coordinates": [ 24.9544253, 60.217542400000013 ] } },
{ "type": "Feature", "properties": { "kind": "leisure=sports_centre", "name": "Itäkeskuksen uimahalli" }, "geometry": { "type": "Point", "coordinates": [ 25.0764627, 60.2127521 ] } },
{ "type": "Feature", "properties": { "kind": "amenity=social_facility", "name": "Hoivakoti Attendo Laaksolahti" }, "geometry": { "type": "Point", "coordinates": [ 24.7698296, 60.2372687 ] } },
{ "type": "Feature", "properties": { "kind": "amenity=social_facility", "name": "Koisorannan palvelukeskus" }, "geometry": { "type": "Point", "coordinates": [ 25.0183117, 60.301977199999989 ] } },
{ "type": "Feature", "properties": { "kind": "amenity=social_facility", "name": "Oraskoti" }, "geometry": { "type": "Point", "coordinates": [ 25.0191736, 60.3018049 ] } },
{ "type": "Feature", "properties": { "kind": "amenity=social_facility", "name": "Asumispalveluyksikkö Tähkä" }, "geometry": { "type": "Point", "coordinates": [ 25.0198283, 60.3016719 ] } },
{ "type": "Feature", "properties": { "kind": "leisure=sports_hall", "name": "" }, "geometry": { "type": "Point", "coordinates": [ 24.8706806, 60.16193950000001 ] } },
{ "type": "Feature", "properties": { "kind": "leisure=sports_centre", "name": "Brahenkenttä" }, "geometry": { "type": "Point", "coordinates": [ 24.9496494, 60.1875146 ] } },
{ "type": "Feature", "properties": { "kind": "amenity=social_facility", "name": "Hoivakoti Helena" }, "geometry": { "type": "Point", "coordinates": [ 24.9653703, 60.1899569 ] } },
{ "type": "Feature", "properties": { "kind": "leisure=sports_centre", "name": "Töölön pallokenttä" }, "geometry": { "type": "Point", "coordinates": [ 24.9229309, 60.1871726 ] } },
{ "type": "Feature", "properties": { "kind": "leisure=sports_centre", "name": "" }, "geometry": { "type": "Point", "coordinates": [ 24.9270156, 60.1870289 ] } },
{ "type": "Feature", "properties": { "kind": "leisure=sports_centre", "name": "Eläintarhan urheilukenttä" }, "geometry": { "type": "Point", "coordinates": [ 24.9310259, 60.1910254 ] } },
{ "type": "Feature", "properties": { "kind": "amenity=marketplace", "name": "Kauppatori" }, "geometry": { "type": "Point", "coordinates": [ 24.9539636, 60.167634399999983 ] } },
{ "type": "Feature", "properties": { "kind": "amenity=marketplace", "name": "Hakaniementori" }, "geometry": { "type": "Point", "coordinates": [ 24.9513914, 60.1788997 ] } },
{ "type": "Feature", "properties": { "kind": "amenity=marketplace", "name": "Hietalahdentori" }, "geometry": { "type": "Point", "coordinates": [ 24.9300467, 60.162688799999984 ] } },
{ "type": "Feature", "properties": { "kind": "amenity=marketplace", "name": "Fredrikintori" }, "geometry": { "type": "Point", "coordinates": [ 24.9398426, 60.162013 ] } },
{ "type": "Feature", "properties": { "kind": "amenity=marketplace", "name": "Haagan tori" }, "geometry": { "type": "Point", "coordinates": [ 24.8986988, 60.2121662 ] } },
{ "type": "Feature", "properties": { "kind": "leisure=sports_centre", "name": "Keski-Espoon urheilupuisto" }, "geometry": { "type": "Point", "coordinates": [ 24.6746961, 60.2101203 ] } },
{ "type": "Feature", "properties": { "kind": "amenity=social_facility", "name": "Olarinluoman tukiasunnot" }, "geometry": { "type": "Point", "coordinates": [ 24.7562388, 60.1722362 ] } },
{ "type": "Feature", "properties": { "kind": "leisure=sports_centre", "name": "Kurkimäen liikuntapuisto" }, "geometry": { "type": "Point", "coordinates": [ 25.067334, 60.2342907 ] } },
{ "type": "Feature", "properties": { "kind": "amenity=social_facility", "name": "Väinölän asumispalveluyksikkö" }, "geometry": { "type": "Point", "coordinates": [ 24.7292012, 60.2256891 ] } },
{ "type": "Feature", "properties": { "kind": "amenity=social_facility", "name": "Kuusimäen lastenkoti" }, "geometry": { "type": "Point", "coordinates": [ 24.5964856, 60.2446081 ] } },
{ "type": "Feature", "properties": { "kind": "leisure=sports_centre", "name": "" }, "geometry": { "type": "Point", "coordinates": [ 25.0577427, 60.1748308 ] } },
{ "type": "Feature", "properties": { "kind": "amenity=social_facility", "name": "Metsälän nuorten vastaanottoyksikö" }, "geometry": { "type": "Point", "coordinates": [ 24.9358906, 60.2224107 ] } },
{ "type": "Feature", "properties": { "kind": "amenity=social_facility", "name": "Karhurinteen kotiyhteisö" }, "geometry": { "type": "Point", "coordinates": [ 25.1963974, 60.2678634 ] } },
{ "type": "Feature", "properties": { "kind": "amenity=social_facility", "name": "Aspa-koti Vallinoja" }, "geometry": { "type": "Point", "coordinates": [ 25.0716564, 60.3687339 ] } },
{ "type": "Feature", "properties": { "kind": "amenity=social_facility", "name": "" }, "geometry": { "type": "Point", "coordinates": [ 24.7374605, 60.2546921 ] } },
{ "type": "Feature", "properties": { "kind": "amenity=social_facility", "name": "Saunalahden nuorisokoti" }, "geometry": { "type": "Point", "coordinates": [ 24.6583004, 60.1964299 ] } },
{ "type": "Feature", "properties": { "kind": "leisure=sports_centre", "name": "Rosegarden" }, "geometry": { "type": "Point", "coordinates": [ 24.7907238, 60.2007447 ] } },
{ "type": "Feature", "properties": { "kind": "leisure=sports_centre", "name": "Rosegarden" }, "geometry": { "type": "Point", "coordinates": [ 24.7914625, 60.2000958 ] } },
{ "type": "Feature", "properties": { "kind": "leisure=sports_centre", "name": "Zippy Park Helsinki" }, "geometry": { "type": "Point", "coordinates": [ 24.8766012, 60.2102339 ] } },
{ "type": "Feature", "properties": { "kind": "amenity=social_facility", "name": "Kauklahden elä ja asu -seniorikeskus" }, "geometry": { "type": "Point", "coordinates": [ 24.5969805, 60.189748399999985 ] } },
{ "type": "Feature", "properties": { "kind": "amenity=social_facility", "name": "Hyvösen lastenkoti" }, "geometry": { "type": "Point", "coordinates": [ 24.966855, 60.221137 ] } },
{ "type": "Feature", "properties": { "kind": "leisure=sauna", "name": "Löylykontti Sörnäinen" }, "geometry": { "type": "Point", "coordinates": [ 24.9633217, 60.1823342 ] } },
{ "type": "Feature", "properties": { "kind": "leisure=sports_centre", "name": "" }, "geometry": { "type": "Point", "coordinates": [ 24.7892946, 60.2003007 ] } },
{ "type": "Feature", "properties": { "kind": "leisure=sports_centre", "name": "Niipperin koulun liikuntasali" }, "geometry": { "type": "Point", "coordinates": [ 24.7473744, 60.283769299999989 ] } },
{ "type": "Feature", "properties": { "kind": "amenity=social_facility", "name": "Palvelukoti Stjärnhem" }, "geometry": { "type": "Point", "coordinates": [ 24.7752598, 60.241529299999989 ] } },
{ "type": "Feature", "properties": { "kind": "amenity=social_facility", "name": "" }, "geometry": { "type": "Point", "coordinates": [ 24.6478886, 60.2152509 ] } },
{ "type": "Feature", "properties": { "kind": "amenity=library", "name": "Suutarilan kirjasto" }, "geometry": { "type": "Point", "coordinates": [ 25.0044594, 60.276140900000016 ] } },
{ "type": "Feature", "properties": { "kind": "amenity=social_facility", "name": "" }, "geometry": { "type": "Point", "coordinates": [ 24.6398083, 60.210812499999989 ] } },
{ "type": "Feature", "properties": { "kind": "amenity=social_facility", "name": "Asumisykiskkö Kilpola" }, "geometry": { "type": "Point", "coordinates": [ 25.0879284, 60.238342799999984 ] } },
{ "type": "Feature", "properties": { "kind": "amenity=social_facility", "name": "Taavin muistipalvelukeskus" }, "geometry": { "type": "Point", "coordinates": [ 24.7535285, 60.1992515 ] } },
{ "type": "Feature", "properties": { "kind": "amenity=social_facility", "name": "Tuomarilan perhetukikeskus" }, "geometry": { "type": "Point", "coordinates": [ 24.6872763, 60.2020792 ] } },
{ "type": "Feature", "properties": { "kind": "amenity=social_facility", "name": "" }, "geometry": { "type": "Point", "coordinates": [ 24.6879467, 60.201894899999985 ] } },
{ "type": "Feature", "properties": { "kind": "amenity=social_facility", "name": "Hoivakoti Kiltakallio" }, "geometry": { "type": "Point", "coordinates": [ 24.6574671, 60.2010026 ] } },
{ "type": "Feature", "properties": { "kind": "amenity=social_facility", "name": "Hurtigin lastenkoti" }, "geometry": { "type": "Point", "coordinates": [ 24.7238271, 60.208113699999984 ] } },
{ "type": "Feature", "properties": { "kind": "leisure=sauna", "name": "Saunalautta" }, "geometry": { "type": "Point", "coordinates": [ 24.6111255, 60.1561718 ] } },
{ "type": "Feature", "properties": { "kind": "amenity=social_facility", "name": "" }, "geometry": { "type": "Point", "coordinates": [ 24.7246044, 60.159329199999988 ] } },
{ "type": "Feature", "properties": { "kind": "leisure=sauna", "name": "Löylykontti Laaksolahti" }, "geometry": { "type": "Point", "coordinates": [ 24.749817, 60.2462904 ] } },
{ "type": "Feature", "properties": { "kind": "leisure=sauna", "name": "Tamminiemen sauna" }, "geometry": { "type": "Point", "coordinates": [ 24.882347, 60.189764199999985 ] } },
{ "type": "Feature", "properties": { "kind": "amenity=social_facility", "name": "Esperi Hoitokoti Gröndal" }, "geometry": { "type": "Point", "coordinates": [ 24.7227307, 60.2885047 ] } },
{ "type": "Feature", "properties": { "kind": "amenity=social_facility", "name": "Esperi Hoitokoti Ahomansikka" }, "geometry": { "type": "Point", "coordinates": [ 24.7229748, 60.2891346 ] } },
{ "type": "Feature", "properties": { "kind": "amenity=social_facility", "name": "Metsäraitti" }, "geometry": { "type": "Point", "coordinates": [ 25.052335, 60.3289024 ] } },
{ "type": "Feature", "properties": { "kind": "amenity=social_facility", "name": "" }, "geometry": { "type": "Point", "coordinates": [ 24.7212516, 60.1719504 ] } },
{ "type": "Feature", "properties": { "kind": "leisure=sauna", "name": "Savusauna Havu" }, "geometry": { "type": "Point", "coordinates": [ 25.11644, 60.3134925 ] } },
{ "type": "Feature", "properties": { "kind": "leisure=sauna", "name": "Savusauna Pihka" }, "geometry": { "type": "Point", "coordinates": [ 25.116829, 60.3134161 ] } },
{ "type": "Feature", "properties": { "kind": "leisure=sports_centre", "name": "Kauniaisten keskusurheilukenttä" }, "geometry": { "type": "Point", "coordinates": [ 24.7077601, 60.2164662 ] } },
{ "type": "Feature", "properties": { "kind": "leisure=sports_centre", "name": "Sahara" }, "geometry": { "type": "Point", "coordinates": [ 24.7164181, 60.2153033 ] } },
{ "type": "Feature", "properties": { "kind": "leisure=sports_centre", "name": "" }, "geometry": { "type": "Point", "coordinates": [ 24.6998878, 60.2210577 ] } },
{ "type": "Feature", "properties": { "kind": "leisure=sports_centre", "name": "Bembölen FK rata" }, "geometry": { "type": "Point", "coordinates": [ 24.6416511, 60.2427304 ] } },
{ "type": "Feature", "properties": { "kind": "leisure=sports_centre", "name": "Säterinniityn liikuntapuisto" }, "geometry": { "type": "Point", "coordinates": [ 24.7991443, 60.2152097 ] } },
{ "type": "Feature", "properties": { "kind": "amenity=social_facility", "name": "Espoon Diakoniasäätiö / Edistia Kilonkallio" }, "geometry": { "type": "Point", "coordinates": [ 24.7819286, 60.2228745 ] } },
{ "type": "Feature", "properties": { "kind": "amenity=social_facility", "name": "" }, "geometry": { "type": "Point", "coordinates": [ 24.7241729, 60.2254094 ] } },
{ "type": "Feature", "properties": { "kind": "amenity=social_facility", "name": "Kompassipuisto" }, "geometry": { "type": "Point", "coordinates": [ 24.6731525, 60.153183700000014 ] } },
{ "type": "Feature", "properties": { "kind": "amenity=social_facility", "name": "" }, "geometry": { "type": "Point", "coordinates": [ 24.7629957, 60.2294932 ] } },
{ "type": "Feature", "properties": { "kind": "amenity=social_facility", "name": "" }, "geometry": { "type": "Point", "coordinates": [ 24.7649809, 60.2296148 ] } },
{ "type": "Feature", "properties": { "kind": "amenity=social_facility", "name": "Auroranportin tukiasunnot" }, "geometry": { "type": "Point", "coordinates": [ 24.7039254, 60.2368504 ] } },
{ "type": "Feature", "properties": { "kind": "amenity=social_facility", "name": "Auroranmäki" }, "geometry": { "type": "Point", "coordinates": [ 24.7054313, 60.2375262 ] } },
{ "type": "Feature", "properties": { "kind": "amenity=community_centre", "name": "Lasten kulttuurikeskus Aurora" }, "geometry": { "type": "Point", "coordinates": [ 24.7089182, 60.2386597 ] } },
{ "type": "Feature", "properties": { "kind": "amenity=social_facility", "name": "Rinnekodit Pellas" }, "geometry": { "type": "Point", "coordinates": [ 24.6953763, 60.2297006 ] } },
{ "type": "Feature", "properties": { "kind": "amenity=social_facility", "name": "Rinnekodit Viljala" }, "geometry": { "type": "Point", "coordinates": [ 24.6954389, 60.22889820000001 ] } },
{ "type": "Feature", "properties": { "kind": "amenity=social_facility", "name": "" }, "geometry": { "type": "Point", "coordinates": [ 24.6945884, 60.2308383 ] } },
{ "type": "Feature", "properties": { "kind": "leisure=sports_centre", "name": "Suvelan urheilupuisto" }, "geometry": { "type": "Point", "coordinates": [ 24.6713291, 60.2027651 ] } },
{ "type": "Feature", "properties": { "kind": "leisure=sports_centre", "name": "Solvalla" }, "geometry": { "type": "Point", "coordinates": [ 24.5597259, 60.294815 ] } },
{ "type": "Feature", "properties": { "kind": "leisure=sports_centre", "name": "" }, "geometry": { "type": "Point", "coordinates": [ 24.7339561, 60.1802975 ] } },
{ "type": "Feature", "properties": { "kind": "amenity=social_facility", "name": "Lystimäen nuorisokoti" }, "geometry": { "type": "Point", "coordinates": [ 24.751657, 60.1751279 ] } },
{ "type": "Feature", "properties": { "kind": "amenity=social_facility", "name": "Hoivakoti Arttu" }, "geometry": { "type": "Point", "coordinates": [ 24.7534992, 60.1753085 ] } },
{ "type": "Feature", "properties": { "kind": "amenity=social_facility", "name": "Attendo Vuoripirtti" }, "geometry": { "type": "Point", "coordinates": [ 24.6255319, 60.1710703 ] } },
{ "type": "Feature", "properties": { "kind": "amenity=social_facility", "name": "Munknäshemmet" }, "geometry": { "type": "Point", "coordinates": [ 24.8818204, 60.199215399999986 ] } },
{ "type": "Feature", "properties": { "kind": "amenity=social_facility", "name": "Attendo Leinikki" }, "geometry": { "type": "Point", "coordinates": [ 25.029938, 60.311178799999986 ] } },
{ "type": "Feature", "properties": { "kind": "leisure=sports_centre", "name": "Lansanpuronpuiston kuntoilupaikka" }, "geometry": { "type": "Point", "coordinates": [ 24.7833385, 60.2139049 ] } },
{ "type": "Feature", "properties": { "kind": "amenity=social_facility", "name": "Pikku-Karhu" }, "geometry": { "type": "Point", "coordinates": [ 25.030789, 60.331177699999984 ] } },
{ "type": "Feature", "properties": { "kind": "amenity=social_facility", "name": "Attendo Sammalkallio" }, "geometry": { "type": "Point", "coordinates": [ 24.6578404, 60.1910015 ] } },
{ "type": "Feature", "properties": { "kind": "leisure=sauna", "name": "Solid Sauna" }, "geometry": { "type": "Point", "coordinates": [ 25.1283136, 60.197602399999987 ] } }
]
}
